insideHJA,elevation_m,canopyHeight_m,minT_annual,precipitation_mm,distToRoad_m,distToStream_m,YrsSinceDist,B1_20180717,B2_20180717,B3_20180717,B4_20180717,B5_20180717,B6_20180717,B7_20180717,B10_20180717,B11_20180717,NDVI_20180717,EVI_20180717,B_20180717,G_20180717,W_20180717,nor.NDVI_20180717,nor.EVI_20180717,l_Cover_2m_max,l_Cover_2m_4m,l_Cover_4m_16m,l_p25,l_rumple
0,1.7384808532071934,-0.9619298873788037,-2.468389430957061,2.266158091343865,-0.056940619259176664,0.7684696275506967,-0.616269373403989,-0.47981117605844004,-0.0985297983347659,0.8600896576632507,-0.08671146883056557,2.855324636116432,1.56099842276734,1.2523206976107,-0.5154091216277269,-1.07787200310829,1.0231617566151254,0.9924190574241135,2.4652966473132647,2.9633626817334804,-0.679775971864564,1.0231617566151252,0.9924190574241124,-3.1476036331455246,1.7567129329769844,0.16970642975788505,-1.4634104655961662,-0.8596890590716778
0,0.4689316192428551,-0.8376429413106476,-0.3784173413150311,0.265974819637097,0.352800819763485,0.021792187762281992,-1.0125116338642095,-1.0119012436259214,-1.0306299703966368,-0.47010422163566135,-0.706328095348475,0.3182668298340637,-0.7713784789245226,-0.8455258225077457,-0.8541555493198355,-0.7027535526873377,0.9286976598804995,0.2672459139290075,-0.11167186523221015,0.49819616635126096,1.0473403742141225,0.9286976598804992,0.2672459139290081,0.10306854327733185,0.16275528030381595,2.5932334411791795,-1.103305814037819,-0.9619592516545398
0,1.5129983700941108,-1.5550910607622643,-1.4317630671693833,0.7730697151593792,-0.8356907154446899,0.6641287100363378,0.8035150263325824,-0.7838626432398579,-0.6626956919511615,-0.45548670647853046,-0.48503644302065013,-0.12774087936520795,0.13241757048107416,0.18075880603940764,-1.9381441179345835,-2.203227354371147,0.503609224574683,0.08045889211966202,-0.14484076687883507,-0.06334518111621495,-0.33861718745395913,0.5036092245746825,0.08045889211966246,-0.8716090567743792,1.0320087362159165,0.16183883597228857,-0.7844084393472042,0.11587444413794093
0,0.6190247789694737,-1.234825403038184,-2.2343123813594983,0.7894036698149194,-0.21181436818909632,-0.07300523569321864,0.8035150263325824,-1.3412903330724573,-1.4230932007384773,-1.6102704038918716,-1.0013836317855747,-1.7935278118629527,-1.2961632818051916,-0.9285341380520007,-0.04116412285877463,0.12250703823875737,0.33829705528908777,-0.9084135762827552,-1.8288003889382543,-1.669353434873196,0.5515940156174626,0.33829705528908716,-0.9084135762827558,0.31655415409481547,-0.229703238317857,-0.7014874297393852,1.480418727867892,3.4759644979546724
0,-0.20401867937426635,-0.6699059581379538,0.7752473474700963,-0.65638006208896,0.7641445506472976,0.9692640688175351,-0.6380034628238009,-0.42913593152820373,-0.44193512488387626,-0.2946940397500905,-0.6620697648829099,-0.5073660457999368,-0.7547186439124378,-0.7700637174675138,-0.10891340839719638,-0.027540341929623558,0.550841272941996,0.5254515029007498,-0.6576830154151128,-0.4171162300207248,0.6848591657778551,0.5508412729419955,0.5254515029007488,0.2889561992766602,0.5225368771735962,1.9480704565536102,-1.0164292201611373,-0.7700962481209481
0,-0.004402866464158211,0.275030239750401,0.00613755494667781,0.06797610294659036,0.43808773822719216,-0.3079563642867026,-0.38892637882218173,-0.09974684208166767,-0.024942942645670825,-0.002343736607472495,0.10507462985354922,-0.3476330522727558,0.30734583810796384,0.31659059511182497,0.568579446987021,0.2725544184071383,-0.3229516218532934,-0.3920023983392707,-0.15249512879728697,-0.4002699895967005,-0.53584960969134,-0.32295162185329435,-0.3920023983392707,0.5890095796945837,-0.6969625489694985,-0.8141631866998964,0.5476111916446562,-0.7411235565671551
0,-0.3951362677760244,1.2887778016514082,-0.16106005338680612,-0.7216607027351679,-0.4750607904446433,0.4514065228285411,0.8035150263325824,0.07761651377415943,-0.24570350971295604,-0.38239913069287595,-0.4260253357332302,-0.3227395987360523,-0.8130280664547345,-0.8002485594836065,-0.10891340839719638,-0.10256403201381402,0.33829705528908777,0.3771206326403872,-0.5199045008829785,-0.2374229988311325,0.844777345970326,0.33829705528908716,0.3771206326403879,-0.05919956780776524,-0.19464878675336497,-0.08097807040376588,-0.3631490173147711,0.5417185553531171
0,-0.30717895573388676,-0.6305776006802735,-0.5623347096458743,-0.5768200669763467,-0.41571203389539635,0.7589889405261606,0.8035150263325824,-0.4544735537933219,-0.6626956919511615,-0.9232471915067193,-0.7210808721703299,-0.8952890300802335,-0.8963272415151581,-0.8304334014996992,0.09433444821806886,0.19753072832294782,0.4563771762073701,0.1573711952176278,-1.0174380255823523,-0.787733519349259,0.6208918937008667,0.45637717620736956,0.15737119521762832,0.5055735250223095,-0.6391826859242612,-0.32047761642178024,1.1817314198563085,0.14360809874508962
0,0.538243182346724,-1.1668999083274298,0.4074122112057467,0.1767086215271155,-0.4258234795541873,0.4109707587450739,-0.8891757585612728,-0.27711019793749475,-0.14758770212749595,0.07074383917818201,-0.5292947734862151,0.7933169014928227,-0.4381817786828279,-0.61913950738705,0.568579446987021,0.19753072832294782,0.9050816356968431,1.1022937761354932,0.3782072975487118,0.9333907106385548,0.9194058300601459,0.9050816356968427,1.102293776135492,-0.9784224200977707,2.3362555239922034,-0.9933553104605888,-1.3710221149959254,-0.3669074746621198
0,-0.734088760461176,0.08360818537153557,0.6749287824700058,-0.6359889519616341,0.5194754201857652,0.09716654563642411,-4.089505129693103,1.4458481160905399,1.544909978721691,1.2109100214343924,1.9639245094072773,-0.8123108516245551,1.6193078453096366,2.0824038530532505,1.1783230168328167,0.9477676291648525,-2.967946330422818,-2.2433914086260187,0.20725988136995258,-1.2622359579592761,-2.3216026218405994,-2.9679463304228175,-2.2433914086260183,0.5236280502407051,-0.08541529500805532,0.43527926746049617,-0.4899205984041562,-0.8992633223562662
0,0.6552227523734148,-0.774847001635718,-1.83303772510043,0.43598286316234874,0.18017671097028062,-0.5221522513696556,-3.0753565932587494,-0.8852131323003306,-0.7853404514329866,-0.25084149427869784,-0.012947584721290659,0.6418817258112096,0.4656142707227688,0.4146913316641264,0.36533159037175583,0.4226017985755192,0.3146810311054313,-0.4469397576949605,0.5389488978362018,0.6975433447022149,-0.34927839946679057,0.31468103110543066,-0.4469397576949606,0.18055584884629916,0.4420007314077437,1.4589563110623838,-0.9027810862995199,-0.4583608097851604
0,-0.2597015266729215,-0.39374810894839973,0.039577076613374895,-0.004752999473962845,0.16026214775830075,-1.1097805236327893,-0.7803853765308475,0.05227889150904127,-0.024942942645670825,0.1292138998067056,-0.4260253357332302,1.1957610670028633,-0.15496458347738748,-0.47576150781060955,0.7040780180638645,0.7977202489964715,0.9050816356968431,1.168218607362321,0.7456166696344032,1.3433158942898122,0.791471285906169,0.9050816356968427,1.16821860736232,0.5395318796650527,-0.544181258941872,2.196577722426254,-0.6560621206841061,-1.0184647850766433
0,-1.1392022509369089,-0.05566427582232823,-0.6960931942433473,-0.6717371873174133,-1.9297447169208124,-4.507069482611835,-0.8331798319882044,0.8630828039928222,0.784512469934375,0.670061960620549,0.01655796892241931,1.5193759629800092,0.5197587345120442,0.014742174950897538,0.2975823048333341,0.34757810849132875,0.5980733213093089,1.3659931010428044,1.2405987403609597,1.579163260226152,0.22109644321968924,0.5980733213093085,1.3659931010428037,-0.08040505102194831,-0.17625528308800884,1.8327671875883802,-0.8765343920903563,-0.2953483287411339
0,0.2524933852372103,0.2950233040421418,0.05629683661073416,0.04886841107077576,0.3699631397363141,-1.2377996375285238,0.8035150263325824,-0.5811616651189127,-0.6626956919511615,-0.7039844641497558,-0.588305880773635,-0.41816450396008253,-0.8421827777258827,-0.8077947699876298,-0.5831584071661486,-0.47768248243476635,0.503609224574683,0.13539625147535186,-0.6398228376053916,-0.2991925470525548,0.7861406798997533,0.5036092245746825,0.13539625147535236,0.6047307886339713,-0.7213471256095494,-0.929386438948417,1.1749072232929396,-0.6259335597665352
0,-0.1699870720280262,-1.5781183604732645,-0.044021728389356356,-0.1566815885707187,-0.20245677281118718,0.37622676309152703,-1.7211702143903551,0.3816679809555773,0.5146939990743598,1.3278501426914395,1.0197467928085582,0.8223592639523103,1.4110599076585775,1.2975979606348391,0.02658516267964711,-0.027540341929623558,-0.6299599362408275,-0.6941578747955648,1.1564007592579888,0.6357737964807926,-1.2341589965317965,-0.6299599362408286,-0.6941578747955646,-3.9623754916501195,1.0502831560307027,-0.8866922459468172,-1.4896571598053299,-0.5175280963730651
0,1.1535983706164763,-0.59512691091259,-1.4317630671693833,0.7730697151593792,-0.21513194170598568,0.8287586980025476,-0.5539767524671018,-0.09974684208166767,-0.04947189454203585,0.15844893012096742,0.07556907620983924,1.2787392454585418,0.5988929508194467,0.43732996317619593,-0.5154091216277269,-1.0028483130240995,0.4563771762073701,0.3606394248336802,1.0696513241822005,1.3348927740778,-0.16803779524865678,0.45637717620736956,0.36063942483368033,-0.25621198078805235,2.3413652114311123,1.6559833612742787,-1.3111796341768576,-0.5330522938911069
0,1.560666672313864,-1.015246493977677,-2.050395013028655,1.4987607116028516,-0.4133271724037657,0.7186241960902011,-0.616269373403989,-0.8092002655049761,-0.3683482691947812,-0.10466634270738881,-0.23423923704911542,0.27885219506761644,-0.6089450875566964,-0.5134925603307254,-2.005893403473005,-2.053179974202766,0.3855291036564007,0.14638372334648983,0.003143563544568429,0.36061853622172935,0.828785527951079,0.38552910365640014,0.14638372334649033,0.3842822058545132,-0.4167824017822461,1.9680127322124124,-0.7599991058460223,-0.5611826786998436
0,-0.490916662354648,1.2538628771397342,0.25693436454159985,-0.24399663941828084,0.06157438116178457,-1.0763335942523748,0.8035150263325824,0.22964224736486835,-4.1399074930579914e-4,-0.0900488275502579,-0.27849756751468036,0.3120434664498878,0.10742781796294706,-0.053173719585311134,0.7040780180638645,0.5726491787439002,0.4563771762073701,0.6518074294188364,0.20470842739713527,0.3690416564337415,0.01853341497589268,0.45637717620736956,0.6518074294188362,0.613503740898395,-0.7404500515308367,-0.7641951214757767,1.7428856699595272,-0.0825568493023613
0,-0.5656001123144747,0.8416895956929022,0.6247695008059502,-0.409432779566104,0.16167397535074518,-1.200618291354814,0.8035150263325824,-0.17575970887702214,-0.44193512488387626,-0.820924585406803,-0.676822541704765,-0.4721003199562735,-0.6131100463097177,-0.5965008758749806,0.02658516267964711,-0.10256403201381402,0.5980733213093089,0.5748951263208707,-0.6296170217141224,-0.35815438853663983,0.4609737135083957,0.5980733213093085,0.5748951263208716,0.5834272035063675,-0.511972928333314,-0.23705518530810132,0.021889938674533413,1.5330570857710017
0,0.2847843962906864,-1.0976800893048706,0.4074122112057467,0.1767086215271155,-0.045220350128704505,0.063983196193049,-0.8891757585612728,0.07761651377415943,-4.1399074930579914e-4,1.093969900177345,0.19359129078467913,0.8431038085662298,0.22821162180056137,-0.08335856160140388,0.7040780180638645,0.7226965589122811,0.1729848860034925,0.06397768431295506,0.7303079457974995,0.8323132680944091,0.2850637152966776,0.1729848860034918,0.06397768431295488,-1.5511229021616626,3.786002464353179,-0.9933553104605888,-1.4886072930381948,-0.8886706898252943
0,1.1110738565271077,0.46166223351760244,-0.6124939929819084,0.18785373033683594,-1.361916852271596,0.9472408856111969,0.8035150263325824,0.07761651377415943,0.4901650471779947,0.4946517787349782,0.01655796892241931,0.625286090120074,-0.30490309858615006,-0.48330771831463276,-0.7864062637814138,-0.9278246229399091,0.26744898273811835,0.789150827808061,0.3935160213856156,0.6610431571168289,0.7701488618805062,0.26744898273811774,0.7891508278080603,0.5442924636709194,-0.7658143678449998,-0.9026440803639774,0.8819942200467956,-0.3864775114516125
0,-0.09715501764216132,-1.5983289137756551,0.44085173287244306,-0.8717911308109485,0.31427118466826076,1.0571264738595298,-1.7950979754274068,0.35633035869045915,0.6128098066598199,1.4740252942627485,0.9312301318774283,1.6106519592812554,1.9275147930332042,1.7503705908762304,0.7718273036022862,0.8727439390806621,-0.18125547675135456,-0.14478428123866635,1.8503962398642948,1.4584318705206447,-1.5593259629231542,-0.18125547675135545,-0.14478428123866674,-4.168752581224487,1.1569834710542468,-0.7930905763081573,-1.5725967095013593,-0.8117154597836767
0,-0.4983473642533488,-0.6942434958763387,0.8254070287368158,-0.7799562163562624,0.36813156869042324,0.6333166012222324,-0.7550782425303332,0.10295413603927758,-0.12305875023113093,0.4800342635778473,-0.20473368340540546,0.40746837167391803,-0.41319202616470085,-0.6266857178910733,0.5008301614485993,0.5726491787439002,0.4091451278400572,0.4155767841893701,0.17153952575051035,0.4673113922405498,0.8074631039254162,0.4091451278400566,0.415576784189369,0.45079303925779024,-0.3841361185192692,2.778197317818122,-0.8841459574405794,-1.1539017502151176
0,0.5889453398190169,-0.18082117719434326,0.4074122112057467,-0.5443089035900739,-0.4595541271940007,0.7642090291804523,0.8035150263325824,-0.22643495340725844,-0.24570350971295604,0.07074383917818201,-0.08671146883056557,0.3348624655251994,-0.2924082223270865,-0.15127445613761256,-0.718656978242992,-0.5527061725189568,0.26744898273811835,0.05299021244181709,0.16133370985924114,0.3774647766457536,0.4503125014955643,0.26744898273811774,0.0529902124418169,0.04388290428554351,-0.20941154484537283,1.0622984886416715,-0.9424135505011522,-0.15632376474108958
0,0.443008220563093,-0.6225358161601644,-0.3951371029843689,-0.10254605673423131,-1.1197215604678281,1.139157381724879,-0.7304460285256837,-0.7078497764445034,-0.6872246438475265,-0.6162793732069703,-0.38176700526766527,-0.9098102113099773,-0.4964912012251245,-0.24182898218589077,-1.0574034059351007,-1.227919383276671,-0.039559331649415747,-0.5897768920197541,-0.8515935173492276,-0.8831955484187298,0.07183947504004967,-0.03955933164941655,-0.5897768920197544,-1.663955195187954,1.465614449224323,0.6621749354112055,-1.2334894433473,-1.2177647771852853
0,-0.6800342324792001,-0.5343997679514704,0.25693436454159985,-0.5896091024739892,0.31132945966019837,-0.24514991882693085,-0.40587476202734885,1.648549094211485,1.9373732090635312,2.263371112747817,2.0671939471602623,1.156346432236416,2.127432813178221,2.0295803795250884,2.3300608709859865,1.998099290343519,-1.409288734301491,-0.7710701778935306,1.784058436571045,0.7817745468223363,-1.8418480812631863,-1.4092887343014924,-0.7710701778935304,0.2079323197291748,0.04403511367670299,1.1926690925276708,-0.746350812842476,-0.30224109031754454
0,-0.6073289343008975,0.8686316947492762,0.8086868691367927,-0.8442098676467605,-0.3817593181395752,0.7814573847367681,-1.652723391741201,0.10295413603927758,-0.0985297983347659,-0.11928385786451971,0.0018051921005643253,-0.6961414017866053,0.1948919517763919,0.39205270015205684,0.4330808759101776,0.2725544184071383,-0.41741571858791926,-0.4963833811150814,-0.43315506580719015,-0.7624641587132225,-0.6318005178068226,-0.41741571858792026,-0.4963833811150809,-0.8071474214162653,-0.4747250106406754,-0.7232710334393604,1.6179515497013046,2.338571361391642
0,-0.40925014070557314,-0.006342038406932823,0.8086868691367927,-0.8442098676467605,-0.488136330139515,0.9622761384479044,-0.6380034628238009,-0.15042208661190398,-0.31929036540205114,-0.33854658522148323,-0.588305880773635,0.038215477546148936,-0.8046981489486921,-0.9134417170439544,0.5008301614485993,0.34757810849132875,0.6925374180439348,0.7616821481302162,-0.2851707353837867,0.16969447808278754,1.0153567381756283,0.6925374180439344,0.761682148130216,0.614527019318297,-0.7572328564552346,-0.7556925293808238,0.23527549050633528,-1.073935286862304
0,-0.8377702407446606,0.5012027753706176,0.6247695008059502,0.05672691973243967,-0.7988576417507361,0.469813470614208,-3.449721877935153,2.7127292293464476,2.9921181406072273,2.161048506647901,3.011371663758981,0.9903900753250591,3.705952180573249,3.83312468998663,1.381570873448082,1.3979097696699954,-2.330313677464093,-1.2490252042880323,2.215254157977169,0.40273413728179003,-3.958098665810219,-2.3303136774640927,-1.2490252042880319,0.5847247899687747,-0.7490230096537384,-0.9226243071177832,0.47779508917640257,-0.8052783845600543
0,-0.5517672289374189,0.30370164131370125,-0.6960931942433473,-0.6717371873174133,0.4509719363366553,-0.18300456558277065,0.8035150263325824,0.4070056032206954,0.2939334320070745,0.04150880886392021,-0.1752281297616955,0.26225655937648074,-0.371542438634489,-0.5134925603307254,0.2975823048333341,0.2725544184071383,0.3146810311054313,0.789150827808061,0.06692991286500097,0.31850293516166867,0.6368837117201138,0.31468103110543066,0.7891508278080603,0.5778776537276428,0.2460170666693231,-0.6623777706391033,1.5071904680992216,1.2574377174175464
0,-0.002760069126234627,-0.48284429098649545,-0.14434029171746832,0.20773134578630706,0.15670098381527764,0.8717688395772537,0.8035150263325824,-0.12508446434678583,-0.24570350971295604,-0.25084149427869784,-0.4555308893769402,0.11289583815625953,-0.6297698813218023,-0.7398788754514211,-0.10891340839719638,-0.10256403201381402,0.5744572971256524,0.6188450138054226,-0.16525239866137348,0.22304090609219776,0.844777345970326,0.574457297125652,0.6188450138054234,0.5483640703925824,-0.478209588616345,-0.24328402188608494,0.16913390920765298,0.14095592329337878
0,-0.08217483428502993,-1.0455092777455186,0.9090054341368832,1.3151422958498902,-0.08289861457803109,-0.3222822524318095,-0.3722833830640271,0.22964224736486835,0.34299133579980456,0.6846794757776798,-0.1457225761179855,1.0235813467073305,-0.19244921225457814,-0.4606690868025632,-0.17666269393561812,-0.4026587923505759,0.5980733213093089,1.0363689449086653,0.6920361362052398,1.096237701404123,0.8234549219446633,0.5980733213093085,1.0363689449086644,0.3069148864719524,0.2198864981853884,1.4664780371144386,-0.9279778887107504,-0.35819537308400656
0,0.3416618164932511,-0.23489103803814804,1.0260441570650192,-0.24671771025435676,-0.6746161638063427,1.0503654955209871,0.8035150263325824,2.4593530066952662,3.433639274741798,3.2865971737469803,3.2179105392649507,0.8493271719504057,1.8650404117378863,2.0144879585170417,0.6363287325254428,0.34757810849132875,-2.6373219918516275,-1.2490252042880323,1.733029357114699,0.2623488004149211,-1.5220117208782444,-2.637321991851627,-1.2490252042880319,-2.972649812711055,0.6801434647158943,-0.35104242445358363,-1.2235156715133237,-0.8454948867841778
0,-1.1738420779829446,0.054883737655082386,1.1096425624650863,-0.10470285148611447,-0.06512904220247333,-1.1492275001934558,-0.3240813939022007,1.2178095157044764,0.735454566141645,0.21691899074949103,-0.05720591518685561,1.204058884848431,0.2740261680837944,-0.20409792966577486,0.22983301929491234,0.12250703823875737,0.5744572971256524,1.3659931010428044,0.9114611778675279,1.2843540528057273,0.3543615933800817,0.574457297125652,1.3659931010428037,0.5566461357748974,-0.53338990917981155,-0.5922981927761857,0.2205774058280406,-0.3902228233385998
0,0.2143225790272002,0.3386961349464663,1.2935603303985928,-0.30568095288635927,-0.9153193400720135,0.11423731664206978,0.8035150263325824,1.0404461598486494,1.4467941711362307,1.7517580822482357,1.5360939815734826,0.3597559190619029,0.6447074971026797,0.6335314362807988,0.1620837337564906,0.12250703823875737,-1.4329047584851475,-0.8589699528626343,0.7303079457974995,0.08546327596266616,-0.37593142949886904,-1.4329047584851489,-0.8589699528626342,-0.22202346396384223,1.2239859530265684,0.8700983660441565,-1.1820458966653096,0.41900015601737883
0,-0.015464268332191026,-1.0390588754299512,1.0260441570650192,-0.3780501734843956,-2.330418289422733,0.5385418890060475,0.8035150263325824,0.17896700283463204,0.07317286493978928,0.45079923326358545,-0.05720591518685561,0.4904465501295965,0.0990979004569047,-0.09845098260945025,0.2975823048333341,-0.027540341929623558,0.29106500692177484,0.40458931231823214,0.38586165946716366,0.5122347000379479,0.18378220117477936,0.29106500692177417,0.40458931231823225,-1.0054577981740118,1.7119301264060862,1.4137163165347093,-1.2896573529351991,-0.6652262382567573
0,0.3104152815762526,-0.3813618511989234,1.0594836787317155,-0.01820913736861953,-0.7220609809846733,0.4107075308229549,0.8035150263325824,0.35633035869045915,0.735454566141645,-0.25084149427869784,0.4148829431125039,-1.2500207429782588,-1.1295649316843444,-0.5512236128508414,-1.1929019770119442,-1.1528956931924805,-1.4329047584851475,-0.6776766669888579,-1.1041874606581406,-1.3520825735540722,0.7434958318484277,-1.4329047584851489,-0.6776766669888582,-1.5130986005230322,-0.34166270920966035,-0.5733587788631921,0.13711291023304953,-0.5271539118757604
0,-1.1863530416546664,0.14227714058874338,0.8254070287368158,-0.37599619990915495,-0.6714489904286437,-0.09592787417645478,0.8035150263325824,1.4205104938254216,1.2015046521725805,1.2839975972200468,0.8869718014118634,0.07348120338981227,0.4656142707227688,0.3618678581359641,0.9073258746791297,0.7977202489964715,-0.9369682506283616,-0.2052153765299252,0.3731043896030772,-0.11669160912562516,-0.32795597544112776,-0.9369682506283629,-0.20521537652992503,0.48267314259640254,-0.6253527301691973,-0.2703790773903053,0.07569574190186723,0.08115076094680303
0,-0.8813498689214165,1.5311081714911765,1.0260441570650192,-0.3780501734843956,-0.7905580402326655,-0.30461946491788994,0.8035150263325824,0.7870699371974678,0.75998351803801,0.816237112191858,0.07556907620983924,0.5630524562783151,0.2240466630475402,-0.09090477210542706,0.7040780180638645,0.4976254886597097,0.1729848860034925,0.9704441136818376,0.515985812080846,0.5459271808859965,0.14646795912986946,0.1729848860034918,0.9704441136818364,0.5389025181590092,-0.5941042221671612,-0.39402778209213857,0.8095532879605181,0.7072344380232561
0,0.12433599978890325,-0.23193106742885192,-0.5623347096458743,1.6425223285080164,0.2541129210567388,-0.33771978872855385,-0.3722833830640271,-0.12508446434678583,-0.17211665402386098,-0.0900488275502579,-0.48503644302065013,1.0712937993193457,0.1199226942220106,-0.2267365611778444,-0.37991055055088335,-0.47768248243476635,0.9286976598804995,1.0748250964576482,0.7047934060693264,1.21696909110963,0.3703534113993288,0.9286976598804992,1.0748250964576478,0.6173814076835461,-0.7513425223242766,0.503108199215832,-0.3767973103183174,-0.728514070286047
0,-0.3457007768066986,-0.8543736722894913,1.4273184153934018,-0.6731754716520506,0.024119939950003083,0.2669999957310477,-0.6380034628238009,0.7617323149323496,0.6128098066598199,1.0354998395488215,1.4475773206423528,0.025768750777797167,-0.03418077963977317,0.39205270015205684,-0.37991055055088335,-0.47768248243476635,-1.5746009035870863,-1.6610553994557062,0.26849477671756783,-0.1953073977710718,0.11448432309137527,-1.5746009035870878,-1.6610553994557067,0.5155270960831506,0.09853362206588517,0.6527234035256788,-0.6004191569951723,-0.5324218674656213
0,-0.3624383980635183,0.08557088999631673,1.0260441570650192,-0.3683947570295443,0.18254608110031809,-0.2729176961194653,-0.14015346051663788,0.17896700283463204,-0.12305875023113093,-0.1777539184930433,-0.5145419966643601,0.6024670910447624,-0.3798723561405314,-0.6342319283950965,-0.04116412285877463,0.12250703823875737,0.8106175389622171,1.0473564167798033,0.2378773290437602,0.742466652499613,0.7808100738933377,0.8106175389622168,1.0473564167798035,0.6142953478766239,-0.7418894918570312,-0.5759672031763531,0.3371127921955739,-0.8664719961931435
0,-1.2568370195005318,1.1432697750513818,0.3906924512083867,-0.9458550646394238,0.8092666043105762,-0.6283406345829458,-0.15307206269886242,0.4070056032206954,-4.1399074930579914e-4,-0.8501596157210648,-0.7358336489921848,-0.7728962168581078,-0.6547596338399295,-0.6946016124272819,0.7718273036022862,0.7977202489964715,0.5272252487583395,1.2341434385891488,-0.8566964252948622,-0.6782329565931011,0.4076676534442387,0.527225248758339,1.2341434385891479,0.5342721078459489,-0.6953682895869552,-0.907837084844002,1.4216261889083515,-0.2522039193184393
0,-1.1816573315200636,-1.6328751679466067,1.1932417653985024,-1.639136465645478,-0.5236830802415959,-0.29009630077813064,-0.3722833830640271,1.2431471379695946,1.1279177964834854,0.8016195970347271,0.9754884623429932,0.41576618951948585,1.6026480102975518,1.6749084858359984,2.1945622999091428,2.2231703605960904,-0.8188881297100793,-0.26015273588561505,0.9063582699218933,0.20057925219349873,-1.7725502031797822,-0.8188881297100804,-0.26015273588561494,-1.4737061545073418,-0.41016169516480366,-0.7703120460210164,0.35679781285244655,0.7501777154499796
0,-1.326800530454627,0.798884067578366,1.2099619249985254,-1.70621527244884,0.6874468167215848,0.5187179488614813,-0.06622076576389622,3.3715074082395198,3.6789287937054485,3.155039537332802,5.430827062543199,-0.04268824644813755,4.784676497605736,5.2970895277671275,3.752795867292843,4.023738922616661,-5.518476942257717,-4.166198986075163,2.1234018149557463,-1.0797350200323463,-5.60525592179267,-5.518476942257715,-4.166198986075163,0.30477588744450973,-0.6079055601347526,-0.958165298767001,1.004828756955532,-0.1136329132902748
0,-1.687171731281958,0.14531668053640748,1.7784337916603914,-1.4375928349332527,0.442900999762864,0.8335138001512745,0.8035150263325824,0.8630828039928222,0.6128098066598199,-0.19237143365017423,-0.20473368340540546,-0.09247515352154462,0.05328335417367168,-0.15127445613761256,1.110573731294395,0.9477676291648525,0.19660091018714895,1.135256191748907,-0.08870877947685443,-0.07176830132822709,-0.050764463107511405,0.19660091018714826,1.1352561917489072,0.5251795697328242,-0.7466739746408928,-0.9485698589897493,0.9848812132875817,-0.25831790631994955
0,-1.3833306294264924,1.1030741139348061,0.5244505378751736,-1.7780703717551276,0.7771274059190645,0.7827630682073815,-0.1274130491825275,1.141796648909122,0.4656360952816297,-0.0608137972359961,-0.30800312115839035,0.17512947199801837,0.036623519161586945,-0.1814592981537053,1.110573731294395,1.3228860795858048,0.4327611520237136,1.2451309104602868,0.09244445259317399,0.22023319935486038,0.08250068705288106,0.43276115202371307,1.245130910460287,0.18336269551504705,0.03316742160248083,-0.8796727783134535,1.0226763167812423,0.32341116394848995
0,-1.7988642118709415,-0.9604021605145903,0.9758844774702774,-1.4329187369930756,-1.0556538669633064,0.5863649009059176,-1.4733974107960255,1.8765876945975484,1.2505625559653104,1.0354998395488215,0.1198274066754042,3.125003716097387,0.4447894769576629,-0.053173719585311134,1.8558158722170341,1.848051910175138,0.9286976598804995,1.942835374277548,2.4015102979928322,3.272210422840592,1.0153567381756283,0.9286976598804992,1.942835374277547,0.4729116248968144,0.17835932729038892,-0.9933553104605888,-1.192544564336656,-1.3585756912829312
0,-1.5702147647830431,0.03928554023179152,0.574610217469916,-1.6938883133364628,0.09456629437624263,0.7050048822564321,0.8035150263325824,1.141796648909122,0.4901650471779947,-0.26545900943582873,-0.4112725589113752,-0.3517819611955398,-0.4381817786828279,-0.5889546653709573,1.110573731294395,1.1728386994174238,0.3146810311054313,1.3440181573005285,-0.4255007038887383,-0.3020002537898922,0.42899007746990153,0.31468103110543066,1.3440181573005276,0.5634521446754037,-0.46674827581936124,-0.7194399140964403,0.3969552229530433,-0.5726312396136968
0,-1.0621952473949088,-0.8200422548106684,0.323813407874994,-1.5878774973420864,-1.3647756010205425,-0.06805799093005555,-1.1171868794884245,0.8884204262579404,0.6618677104525499,0.21691899074949103,-0.012947584721290659,0.6688496338093051,0.04078847791460813,-0.2342827716818676,0.7040780180638645,0.8727439390806621,0.3146810311054313,1.0528501527153724,0.49047127235267307,0.7087741716515644,0.35969219938649744,0.31468103110543066,1.0528501527153717,-0.15950085065582975,2.141063974220008,2.028033591606066,-1.2082925908744733,-0.9498664298392927
0,-1.3484273938874483,-0.9178194264171173,1.2099619249985254,-1.70621527244884,0.13366277831209808,1.1068480347252923,-1.1171868794884245,1.2431471379695946,0.9562151332089301,0.83085462734898885,0.5033996040436338,1.5110781451344413,1.5026890002250435,1.048573014002074,0.9073258746791297,0.8727439390806621,0.149368861819836,0.7452009403235091,1.5646333949087572,1.4584318705206447,-1.0209347562751687,0.1493688618198353,0.7452009403235084,0.2395015154652802,2.3289347871487043,2.3348768027185627,-1.3521244631259062,-1.1267497821106196
1,1.2445215808895946,1.619976255570451,-0.34497781964833474,1.3106744720130707,-0.07605128084238974,0.7800705902209503,0.8035150263325824,-1.5186536889282845,-1.3495063450493823,-0.8355421005639339,-0.3375086748021003,-0.5177383181068966,0.5489134457831925,0.8599177514014944,-1.3961498336272096,-1.528014143613433,0.12575283763617953,-1.1281630137055148,-0.31578818305759426,-0.5013474321408462,-1.1701917244548081,0.1257528376361788,-1.128163013705514,0.011716041507727941,4.010556520006466,0.8818665311459981,-1.4308645457533968,-0.9240504464318801
1,1.302116691236964,-0.022855280396854305,0.00613755494667781,1.6594205592477493,-0.4545387306926221,1.0561395551768806,-0.29328979192429466,-0.5558240428537945,-0.5891088362620664,-0.2800765245929596,-0.38176700526766527,0.7414555399580237,-0.4423467374358491,-0.5134925603307254,-1.3284005480887877,-1.3779667634450519,0.7397694664112477,0.35514568889811127,0.32972967206518305,0.8856596961038193,0.844777345970326,0.7397694664112473,0.35514568889811193,0.6118280847543042,-0.6742460137636846,-0.8295891041698134,0.4662464796455232,-0.6762655115216525
1,0.28504854302602184,1.0172508739622292,-0.22793909672019882,0.43998923209161783,0.5157603454697999,0.6658806727318433,0.8035150263325824,-1.2399398440119846,-1.153274729878462,-1.288685070434992,-0.7653392026358948,-1.5902312746465406,-1.096245261660175,-0.7625175069634906,-0.10891340839719638,0.0474833481545669,0.0785207892688666,-0.8974261044116173,-1.5838608075477933,-1.5036987373702906,0.4449818954891486,0.07852078926886585,-0.8974261044116177,0.6091095298076246,-0.7197607374410098,-0.9596704150644652,2.237373292741909,0.3081704667676356
1,0.0043834395639584505,0.6520074519217549,0.6247695008059502,0.2718307678799309,0.04698763823194502,0.10398594601870469,-0.35593496390703794,-0.17575970887702214,-0.17211665402386098,-0.20698894880730512,-0.20473368340540546,-0.65880122148155,-0.4923262424721033,-0.37011456075428495,0.02658516267964711,0.12250703823875737,-0.11040740420038515,-0.15577175310980435,-0.6270655677413051,-0.6557713026944021,0.27973310929026196,-0.110407404200386,-0.15577175310980473,0.4324000624381246,-0.48015915290627065,-0.5107776938977782,0.26440933709820835,-2.9365010977935456e-4
1,1.310091940039865,0.04624253253863629,-0.46201614631776233,2.6547095642699294,0.8365847212378519,0.5963746644165073,-0.3722833830640271,-1.0879141104212757,-1.079687874189367,-0.7624545247782794,-0.8833614172107347,0.7124131774985363,0.04078847791460813,-0.030535088073241578,-2.005893403473005,-1.903132594034385,1.2357059742680336,0.6682886372255434,0.34503839590208685,0.9109290567398558,0.10915371708495956,1.2357059742680334,0.6682886372255438,0.5996694845319969,-0.40344010158938026,0.8375098295993629,-0.5489756603747742,-0.962728235677254
1,0.722620574733682,0.05536645675793877,-1.0639279325770108,0.8228916626282792,-0.5127400122464781,0.32270397569448483,-0.6380034628238009,0.001603646978804955,0.2939334320070745,0.29000656653514556,0.42963571993435884,0.6460306347339936,0.21571674554149783,0.23358227956756994,-0.37991055055088335,-0.4026587923505759,-0.13402342838404163,-0.10632812968968347,0.5848750693469132,0.6189275560567683,0.04518644500797118,-0.13402342838404246,-0.1063281296896832,0.2941140960318436,-0.7642985002393206,0.026244082495286952,-0.20671874385771877,-0.47371431115423573
1,-1.4818315377479696,1.2803726520359946,0.7083683041367029,-0.7876604855486944,0.038988495815490326,-3.137132670394579,0.8035150263325824,0.989770915318413,0.5637519028670898,0.39232917263506184,0.2230968444283891,1.0173579833231545,1.7775762779244415,1.3806062761790943,0.568579446987021,0.5726491787439002,0.22021693437080542,0.6463136934832675,1.2278414704968732,0.9670831914866034,-1.6712686890578838,0.22021693437080475,0.6463136934832678,0.4523215425317646,0.12587703460003424,-0.6640556313185548,0.8205768514692313,-0.2846542788598116
1,2.2628120768592117,-0.18363792377677396,-2.8027848465893714,2.3729896174544143,3.2214332688129073,0.21532953110182063,0.8035150263325824,-1.4679784443980481,-0.8589273071220817,-0.5139567671070541,-0.10146424565242057,-0.17545333197722307,0.03245856040856576,0.21094364805550037,-0.989654120396679,-0.7777772427715282,0.03128874090155366,-0.8095263294425136,-0.1678038526341908,-0.14757638323633634,-0.24799688534489228,0.03128874090155289,-0.8095263294425139,-0.43577470457764944,-0.1558635913429973,0.7226782771995193,-0.680209131420592,-0.4100469888087215
1,2.5277680794848005,-0.8921743031002353,-2.8027848465893714,2.3729896174544143,3.506762964453293,-0.30183242695492657,0.8035150263325824,-1.5439913111934027,-1.0306299703966368,-0.8355421005639339,-0.38176700526766527,-1.3620412838934248,-0.5797903762855482,-0.030535088073241578,-2.073642689011427,-2.053179974202766,-0.34656764603694984,-1.342418715192705,-1.193488349706746,-1.3633134005034218,-0.15204597722940968,-0.34656764603695084,-1.3424187151927054,-1.0314159417779736,0.8479924483210424,0.9664576115890318,-1.1620984030589536,-0.4199818452195204
1,-0.4419506693006898,1.7247051135864973,0.6247695008059502,0.2718307678799309,0.5035531792472252,-1.8090043105751474,0.8035150263325824,-0.5304864205886763,-0.5155219805729714,-0.8501596157210648,-0.4555308893769402,-0.872470031004922,-0.25908855230291705,-0.1210896141215198,-0.10891340839719638,0.12250703823875737,0.0785207892688666,-0.2052153765299252,-0.7903586220016124,-0.832656827146657,-0.19469082528073528,0.07852078926886585,-0.20521537652992503,0.42280984577196284,-0.4239700050813587,-0.410046593579344,0.5596846469512985,2.3482699675214502
1,1.6033075999568154,0.5896464897901161,-1.9835159696952622,0.416876424514322,-1.4759319020055288,0.8840953195439334,0.8035150263325824,-1.5439913111934027,-1.153274729878462,-1.2448325249635992,-0.7653392026358948,-1.1483724743700527,-1.00878112784673,-0.8002485594836065,-1.3284005480887877,-1.3029430733608613,0.36191307947274426,-0.5568144764063402,-1.2547232450543613,-1.0291962987602736,0.5675858336367097,0.36191307947274365,-0.5568144764063404,0.1948523161508972,0.3788212049765324,-0.5837396369307877,0.36073485703309555,-0.3954899275760979
1,2.1270845270649827,-0.40787427795742415,-1.4986421105027767,0.8471342756017484,-0.17110476280290216,0.4351927344764555,0.8035150263325824,-2.076081378760884,-1.3985642488421122,-0.9963347672923738,-0.3375086748021003,-1.1027344762194298,-0.40486210865865846,-0.08335856160140388,-0.9219048348582572,-0.7777772427715282,-0.22848752511866752,-1.6116117760355853,-0.9970263937998138,-1.0685041930829968,-0.18402961326790387,-0.2284875251186684,-1.6116117760355853,0.08270484994323232,-0.17062207528116613,0.3288875064848465,-0.4576371765416767,0.735795181451957
1,2.786262216765473,-0.8615455012884647,-1.9500764480285653,0.6361396226963475,2.4937637369430536,0.6620084492434648,0.8035150263325824,-2.1520942455562384,-1.9382011905621428,-1.4494777371634318,-0.7948447562796048,-1.7727832672490331,-1.3794624568656153,-0.8832568750278617,-1.8703948323961617,-1.903132594034385,0.00767271671789719,-1.9796920837187073,-1.8058373031828985,-1.669353434873196,0.6475449237329451,0.007672716717896411,-1.9796920837187069,0.3397235621525102,-0.47841176455667517,0.46973474719542013,-0.3883458197259952,-0.43738050780482723
1,-0.6890075691753035,1.5830349693554544,-0.6793730363153019,-0.6186292714505296,0.699895653672031,-0.0025248995768199648,0.8035150263325824,-0.04907159755143136,-0.31929036540205114,-0.5139567671070541,-0.4260253357332302,-1.0073095709953994,-0.5839553350385693,-0.5059463498267023,0.839576589140708,0.8727439390806621,-0.039559331649415747,-0.08984692188297651,-0.9485487683162851,-0.9814652842255381,0.22642704922610496,-0.03955933164941655,-0.08984692188297684,0.5196666195141019,-0.7145456508495395,-0.9129111934235857,1.5817309835349753,1.7126532723499661
1,-0.2504554735793215,-0.6466558649096269,0.08973635827743051,-0.604196304128786,-0.793967075989535,-2.8468915820489356,-0.23462479337826864,-0.3531230647328492,-0.5400509324693363,-0.8063070702496721,-0.7210808721703299,0.1253425649246113,-0.6630895513459718,-0.7549712964594675,0.1620837337564906,0.34757810849132875,0.8814656115131866,0.7836570918724921,-0.23669310990025794,0.29604128126296964,0.8127937099318319,0.8814656115131863,0.783657091872492,0.5097598355196565,-0.7177816455189817,-0.6050896994484888,0.40692889466382753,-0.43268338397497624
1,-0.0034103916331083167,-0.5660470543393832,0.08973635827743051,-0.17440115604051887,-0.09592286326432366,-0.3019983456329474,-0.7803853765308475,-0.12508446434678583,-0.24570350971295604,0.09997886949244382,-0.4260253357332302,1.6002796869742957,-0.31323301609219245,-0.6795091914192356,-0.10891340839719638,-0.027540341929623558,1.0231617566151254,1.0473564167798033,0.9777989811607777,1.7953566790011304,1.180605524374515,1.0231617566151252,1.0473564167798035,0.5945410183508337,-0.7101452507768125,0.024894455863498696,-0.17837226605268666,-1.1402982036300877
1,0.2523964721731623,0.4999137552178468,-0.8131315209127749,0.13608064074169543,0.13582366048209366,-0.25695736250575796,-0.38892637882218173,-0.5811616651189127,-0.8098694033293516,-0.7186019793068866,-0.8538558635670248,0.5506057295099633,-0.4964912012251245,-0.6417781388991196,-0.37991055055088335,-0.1775877220980045,1.1648579017170642,0.8605693949704578,0.09244445259317399,0.7593128929236372,0.7808100738933377,1.164857901717064,0.860569394970459,0.6036014846845729,-0.7434389916446213,-0.021698939523472252,-0.1447765295043808,-0.6901837392241958
1,0.35571423256441903,1.8100933764503362,-0.12762053172010904,-0.8353243799017446,1.195753978433664,0.3602774233488681,0.8035150263325824,-0.4544735537933219,-0.3928772210911462,-0.39701664585000684,-0.4112725589113752,-0.20242123997531855,-0.4964912012251245,-0.5663160338588877,-0.4476598360893051,-0.47768248243476635,0.3855291036564007,0.22329602644445562,-0.35916290059548844,-0.11949931586296254,0.5142797735725527,0.38552910365640014,0.2232960264444562,0.5747998948518547,-0.6620268532883247,-0.8787796862622345,1.605615571383585,0.2053041146919351
1,1.0351027594594246,-0.5725611119952788,-0.8131315209127749,2.3547057739004216,0.41318382316995533,-1.8798742968333066,0.8035150263325824,-1.8227051561097023,-1.5457379602203023,-1.4202427068491699,-0.8833614172107347,-1.3350733758953293,-1.0837503854011112,-0.7776099279715369,-1.7348962613193182,-1.6780615237818137,0.4563771762073701,-0.9468697278317382,-1.430773569178755,-1.203274116475191,0.5196103795789684,0.45637717620736956,-0.9468697278317381,0.39189491433531115,0.8571999066974993,0.15749773187200072,-0.7589492140480828,1.9636132194824003
1,1.6059455310083999,0.15379874741067173,-0.8131315209127749,2.565750586734445,-0.7463653313612195,-0.754174918699858,0.8035150263325824,-0.4544735537933219,0.1958176244216144,0.8747071728203816,1.4475773206423528,-0.7791195802422838,0.3698202194032816,1.1164889085382828,-0.6509076927045704,-0.7777772427715282,-2.3066976532804366,-2.6169654522447097,-0.1856640304439119,-1.0853504335070212,-0.8930002121211918,-2.306697653280436,-2.6169654522447097,-0.14849947569673613,-0.4959019194600667,-0.13220361851689205,-0.17784742027691328,0.6054158878694569
1,-1.0671329461029342,0.8403873151425458,0.24021460454424057,-0.5208362141902612,0.5760320422960066,-0.2760512558652968,-0.1929486705804494,-0.09974684208166767,-0.196645605920226,-0.7039844641497558,-0.7358336489921848,-0.7791195802422838,-0.6922442626171201,-0.7323326649473979,0.36533159037175583,0.4226017985755192,0.5272252487583395,0.9210004902617167,-0.8643507872133142,-0.6866560768051132,0.4663043195148114,0.527225248758339,0.921000490261716,0.3304295378018456,0.2676393761735895,-0.7108643123546935,0.635275254431384,0.23584850912857488
1,-0.25941108156747494,0.7315288177646639,1.0594836787317155,0.25000200516804033,-0.03275102978207174,-0.42332331604001977,0.8035150263325824,-0.3531230647328492,-0.4909930286766063,-0.8355421005639339,-0.48503644302065013,-1.6545393629496914,-0.6630895513459718,-0.42293803428244725,-0.3121612650124616,-0.4026587923505759,-0.44103174277157575,-0.66668919511772,-1.446082293015659,-1.6553149011865091,-0.03477264508826431,-0.44103174277157675,-0.6666891951177202,0.4313201867604868,-0.22073297432037498,-0.35594019617438694,0.43160085129928866,2.6198756351551804
1,0.7341420189641289,1.31470141613164,0.15661579954151006,0.8401485219627411,-0.1825996879376868,-0.40136539968316753,0.8035150263325824,-0.6064992873840308,-0.5645798843657014,-0.10466634270738881,0.17883851396282413,-0.9450759371536407,-0.18411929474853578,0.24112849007159312,-1.1929019770119442,-1.07787200310829,-0.8425041538937357,-1.5072307932597746,-0.685749009116103,-1.0291962987602736,-0.32262536943471204,-0.8425041538937369,-1.507230793259775,-0.2080741265067069,-0.5414360672622712,-0.46205520109061876,0.4830443479196763,-0.4205394810178887
1,-0.43476195355494524,2.6088027716138393,1.0594836787317155,-0.8483704760452615,1.7397650685573833,1.027911158842111,0.8035150263325824,-0.15042208661190398,-0.17211665402386098,-0.39701664585000684,-0.4112725589113752,0.1523104729227068,0.15324236424618007,0.029834595958943912,-0.4476598360893051,-0.3276351022663854,0.550841272941996,0.6408199575476985,0.06692991286500097,0.22584861282953514,-0.1627071892422411,0.5508412729419955,0.6408199575476994,0.588527748373709,-0.75680234257413,-0.5113450964112707,0.05259852284011934,0.5819553836149256
1,-1.1580214384127125,-0.524763949147303,0.022857314944037078,-0.2547304532490738,-0.9764635394174415,-0.04817006667327656,0.8035150263325824,0.2803174918951047,-0.24570350971295604,-0.981717252135243,-0.6620697648829099,-0.9865650263814798,-0.4465116961888703,-0.37011456075428495,0.36533159037175583,0.4226017985755192,0.3146810311054313,0.5694013903853017,-0.9511002222891024,-0.9196957360041157,-0.0027890090497701154,0.31468103110543066,0.5694013903853007,-0.2526165456614931,-0.4820073224179592,-0.17737759499954497,-0.15002578824766502,0.3813088713236951
1,0.16137487114110832,0.3512945768740006,0.9090054341368832,-0.4928956958174502,-1.01915161898211,0.5444929454284323,0.8035150263325824,-1.0119012436259214,-1.0306299703966368,-1.2155974946493373,-0.9718780781418647,-1.5404443675731334,-1.167049560461535,-0.9058955065399311,-0.9219048348582572,-0.7777772427715282,0.4563771762073701,-0.1997216405943562,-1.5838608075477933,-1.4306983621995188,0.5729164396431254,0.45637717620736956,-0.19972164059435665,0.07925241722121862,0.08674076611776979,-0.02675609501557979,-0.553437550331207,0.5587947682305917
1,-0.012983526015312028,-0.7876682371457621,0.9090054341368832,-0.4928956958174502,-1.425660956767887,1.0161543393681642,-0.38892637882218173,-0.5811616651189127,-0.6626956919511615,-0.8940121611924575,-0.8686086403888797,0.15853383630688267,-0.7297288913943107,-0.8228871909956761,-0.9219048348582572,-0.9278246229399091,1.0703938049824384,0.9319879621328546,-0.25455328770997904,0.35781082948439197,0.8874221940216517,1.0703938049824382,0.9319879621328553,0.5010404619925581,-0.5463835696061842,-0.3917449313056077,0.16204738987958833,-0.2424206036284182
1,0.07089781580302136,1.0161634301040015,1.0594836787317155,0.25000200516804033,-1.7589991142383938,-0.346039859404026,-0.3240813939022007,-0.5811616651189127,-0.8834562590184467,-0.981717252135243,-0.8833614172107347,-0.38497323257781113,-0.9546366640574546,-0.9662651905721167,-0.9219048348582572,-0.8528009328557187,0.9050816356968431,0.4650204076094909,-0.7036091869258242,-0.2093459314577587,0.9140752240537301,0.9050816356968427,0.46502040760949176,0.5140065164252575,-0.3301137339405879,-0.44952717880888643,0.18383199388593718,-0.30397593359712666
1,-0.7984370671497019,0.2528728954084429,-0.14434029171746832,-0.2301793664733195,0.5805156723427395,-0.5175291526465405,0.8035150263325824,-0.09974684208166767,-0.6381667400547965,-0.8501596157210648,-0.7505864258140399,-1.0156073888409674,-0.7880383139366073,-0.7247864544433746,0.7040780180638645,0.7977202489964715,0.4327611520237136,0.19033361083104172,-1.0710185590115155,-0.9253111494787905,0.4343206834763172,0.43276115202371307,0.19033361083104225,0.49968137317674455,-0.3088510458159005,-0.7359391971193897,1.5486602930088242,0.20974604565070265
1,-0.5716755078011567,-0.5769108898182338,0.5411702978725336,-0.7025542640871412,-0.3853698117933566,0.061256941529159,0.8035150263325824,-0.6064992873840308,-0.6872246438475265,-0.967099736978112,-0.7653392026358948,-1.306031013435842,-0.8963272415151581,-0.7398788754514211,0.4330808759101776,0.6476728688280906,0.26744898273811835,-0.023922090656148698,-1.3083037784835247,-1.22573577037389,0.402337047437823,0.26744898273811774,-0.02392209065614896,0.5934400130303091,-0.7151414615471656,-0.7584718612336941,1.5843558131529991,1.5434993481906958
1,-0.9024686764051956,-0.36941057121001486,0.8755659124701869,0.2712138202753608,1.4721740945725021,0.05802612890170186,0.8035150263325824,-0.09974684208166767,-0.2947614135056861,-0.9378647066638502,-0.60305865759549,-1.3931581008143041,-0.4964912012251245,-0.3550221397462386,0.09433444821806886,0.2725544184071383,-0.039559331649415747,0.11342130773307592,-1.2394145212174574,-1.366121107240759,-0.12539294719733118,-0.03955933164941655,0.1134213077330764,0.54948318683558794,0.30827667670264575,0.2532983917463176,-0.7610488975207603,2.8896334424830252
1,0.024049731064506856,-0.0161184293757256,0.08973635827743051,-0.604196304128786,2.18713152278173,0.18469984172341924,0.8035150263325824,-0.3531230647328492,-0.14758770212749595,-0.11928385786451971,-0.29325034433653535,0.0776301123125962,-0.22576888227874758,-0.42293803428244725,-0.17666269393561812,-0.10256403201381402,0.3855291036564007,0.4155767841893701,-0.060642785775864114,0.14161741070941375,0.3703534113993288,0.38552910365640014,0.415576784189369,0.6096343750443836,-0.7462338650728243,-0.6154369916403337,0.4295010677034201,0.6875758605879168
1,-0.2635257574734189,-1.432984308438178,0.72508806580604,0.5165178027241886,0.7703453036685317,0.2733566773613665,0.8035150263325824,-0.5304864205886763,-0.5400509324693363,-0.8501596157210648,-0.5145419966643601,-1.1110322940649975,-0.5631305412734634,-0.41539182377842404,-0.5831584071661486,-0.47768248243476635,0.03128874090155366,-0.26015273588561505,-1.04805547325616,-1.0685041930829968,0.08783129305929677,0.03128874090155289,-0.26015273588561494,0.027288965631840162,0.9538218516016206,0.40050180280869435,-1.0521247403053107,1.464070726693791
1,0.7898612095694769,2.285492270521801,-0.796411759243437,0.43377465525405495,2.095807179005358,1.1433869743472505,0.8035150263325824,-0.9105507545654488,-0.9570431147075418,-0.7916895550925412,-0.6620697648829099,-0.5301850448752484,-0.6464297163338871,-0.5663160338588877,-0.5154091216277269,-0.4026587923505759,0.550841272941996,-0.13379680936752839,-0.6831975551432857,-0.4171162300207248,0.4503125014955643,0.5508412729419955,-0.13379680936752877,0.615163172495269,-0.7615205852306024,-0.873140913030912,0.8232014808408736,0.6575275917413526
1,1.358174781059316,-0.22318377022337657,-1.2812852205052372,0.6467718685782858,0.8961018646534779,-0.3842982887628638,0.8035150263325824,-1.0372388658910394,-0.8098694033293516,-0.5139567671070541,-0.20473368340540546,-0.8392787596226506,-0.3340578098572984,-0.1210896141215198,-1.1929019770119442,-1.07787200310829,-0.22848752511866752,-1.018288294994135,-0.7393295425452664,-0.832656827146657,-0.06675628112675851,-0.2284875251186684,-1.0182882949941356,0.44507709354131536,-0.4778993739160636,-0.6017675439653357,1.4720197937308206,1.2908430814731502
1,1.4713437112057282,1.8796208610318699,-1.1976864171744837,0.5850863018824196,2.047219524695374,0.9992518448652565,0.8035150263325824,-1.5186536889282845,-1.3004484412566522,-1.0255697976066356,-0.7210808721703299,-1.032203024532103,-0.8588426127379675,-0.7172402439393515,-1.7348962613193182,-1.6030378336976232,0.36191307947274426,-0.7490952341512547,-1.1194961844950444,-0.9225034427414531,0.4716349255212271,0.36191307947274365,-0.7490952341512545,0.5746116146411125,-0.763053192721137,-0.9076998901274264,1.4058782124321383,0.47979863373455994
1,-1.549229360108237,0.5779153530424143,0.7083683041367029,-0.7188355523584828,-0.725864437789567,-0.7548593644199454,0.8035150263325824,-0.04907159755143136,-0.6872246438475265,-1.6541229493632643,-1.0456419622511395,-2.364002788745742,-1.2961632818051916,-1.0341810851083253,0.36533159037175583,0.4976254886597097,-0.039559331649415747,-0.06237824220513159,-2.231930116643388,-2.2842412103500824,0.3650228053929131,-0.03955933164941655,-0.06237824220513128,0.4885392597034108,-0.7387901907635729,-0.6552309305615608,1.1759571150908685,0.5065932466843026
