SiteName,UTM_E,UTM_N,B1_20180717,B2_20180717,B3_20180717,B4_20180717,B5_20180717,B6_20180717,B7_20180717,B10_20180717,B11_20180717,NDVI_20180717,EVI_20180717,B_20180717,G_20180717,W_20180717,B1_20180726,B2_20180726,B3_20180726,B4_20180726,B5_20180726,B6_20180726,B7_20180726,B10_20180726,B11_20180726,NDVI_20180726,EVI_20180726,B_20180726,G_20180726,W_20180726,B1_20180802,B2_20180802,B3_20180802,B4_20180802,B5_20180802,B6_20180802,B7_20180802,B10_20180802,B11_20180802,NDVI_20180802,EVI_20180802,B_20180802,G_20180802,W_20180802,B1_20180818,B2_20180818,B3_20180818,B4_20180818,B5_20180818,B6_20180818,B7_20180818,B10_20180818,B11_20180818,NDVI_20180818,EVI_20180818,B_20180818,G_20180818,W_20180818,nor.NDVI_20180717,nor.NDVI_20180726,nor.NDVI_20180802,nor.NDVI_20180818,nor.EVI_20180717,nor.EVI_20180726,nor.EVI_20180802,nor.EVI_20180818,mean.NDVI,mean.EVI,mean.bright,mean.green,mean.wet,mean.NDVI.scale,mean.EVI.scale,mean.green.scale,mean.bright.scale,mean.wet.scale
SM-04,564940,4900934,-1,54,247,136,2505,760,273,3004,2997,897,2030,1927,1803,-190,152,163,337,192,2935,901,342,3012,3001,877,2393,2324,2064,-221,39,68,231,135,2312,678,246,2945,2939,889,2082,1780,1657,-152,-50,9,200,107,2394,706,255,2974,2968,914,1925,1797,1753,-180,0.897,0.877,0.889,0.914,2.03,2.393,2.082,1.925,0.89425,2.1075,1957,1819.25,-185.75,0.3180041,0.178326937,0.179427754,-0.030140437,0.348482758
HOBO-315,565090,4901358,-5,44,228,128,2370,695,254,3000,2992,897,1995,1810,1710,-163,148,167,328,191,2685,877,326,3011,2997,867,2417,2166,1871,-237,35,74,238,138,2335,681,256,2943,2936,888,2105,1802,1669,-154,-58,4,181,99,2315,668,246,2974,2968,917,1923,1725,1701,-168,0.897,0.867,0.888,0.917,1.995,2.417,2.105,1.923,0.89225,2.11,1875.75,1737.75,-180.5,0.273943636,0.190937903,-0.045348925,-0.228198915,0.372329241
HOBO-308,565355,4900444,-1,38,200,107,2528,655,229,3009,3003,918,2097,1858,1858,-107,163,159,310,164,2953,842,295,3011,3000,894,2539,2278,2108,-164,52,84,232,124,2593,659,226,2947,2938,908,2279,1928,1885,-85,-49,1,157,76,2413,604,206,2974,2968,938,2041,1728,1804,-96,0.918,0.894,0.908,0.938,2.097,2.539,2.279,2.041,0.9145,2.239,1948,1913.75,-113,0.764116291,0.841663735,0.440058382,-0.052079223,0.678926881
HOBO-310,566025,4900660,8,50,262,127,3239,739,239,3005,2998,924,2145,2334,2392,-38,154,168,351,170,3587,870,287,3011,3001,909,2551,2671,2596,-66,43,79,259,137,3181,704,229,2943,2937,917,2230,2298,2339,-14,-27,15,211,96,3164,689,224,2970,2964,941,2113,2227,2370,-28,0.924,0.909,0.917,0.941,2.145,2.551,2.23,2.113,0.92275,2.25975,2382.5,2424.25,-36.5,0.945865703,0.946334751,1.848015371,1.007076572,1.026404207
HOBO-312,566147,4901320,-10,27,206,98,2733,695,244,3001,2996,930,2111,1987,2023,-113,133,148,298,147,3001,795,276,3004,2994,906,2572,2270,2162,-120,24,59,207,108,2565,625,215,2939,2934,919,2216,1875,1884,-70,-58,-9,153,71,2446,583,200,2966,2960,943,2019,1733,1836,-76,0.93,0.906,0.919,0.943,2.111,2.572,2.216,2.019,0.9245,2.2295,1966.25,1976.25,-94.75,0.984418608,0.793742066,0.612433136,-0.007592242,0.761821799
HOBO-317,565892,4901708,6,45,235,127,2419,725,268,3000,2994,900,2014,1854,1745,-183,151,175,359,191,2892,956,348,3007,2995,876,2476,2329,2022,-264,30,68,243,136,2436,689,250,2941,2933,894,2096,1861,1751,-139,-46,11,202,107,2484,704,256,2970,2965,917,1951,1850,1823,-165,0.9,0.876,0.894,0.917,2.014,2.476,2.096,1.951,0.89675,2.13425,1973.5,1835.25,-187.75,0.373079679,0.313264271,0.223555691,0.010080669,0.339398383
622337,564488,4892832,146,210,471,524,2447,1963,1031,3062,3052,647,1196,2783,1368,-1311,293,342,564,603,2625,2186,1160,3064,3045,626,1374,3094,1404,-1466,222,277,545,612,2758,2267,1186,3000,2991,636,1232,3185,1517,-1519,116,189,454,549,2519,1973,1044,3014,3006,642,1120,2833,1419,-1311,0.647,0.626,0.636,0.642,1.196,1.374,1.232,1.12,0.63775,1.2305,2973.75,1427,-1401.75,-5.332750329,-4.245599845,-0.902396201,2.448332874,-5.174816957
594580,562541,4893290,29,60,197,106,2095,657,237,3018,3009,903,2179,1615,1511,-183,166,172,279,149,2496,801,290,3018,3005,887,2792,1983,1759,-216,76,96,215,121,2179,639,230,2955,2946,894,2353,1679,1561,-144,-14,20,157,78,2021,603,216,2974,2968,925,2075,1510,1487,-163,0.903,0.887,0.894,0.925,2.179,2.792,2.353,2.075,0.90225,2.34975,1696.75,1579.5,-176.5,0.494245953,1.400329518,-0.481801802,-0.664536975,0.39049799
544292,562145,4894663,20,55,243,121,2758,723,245,3006,3000,915,2145,2044,2017,-113,172,183,350,177,3283,904,305,3008,2996,897,2611,2518,2347,-146,68,90,252,135,2854,708,238,2937,2930,909,2273,2112,2079,-76,-30,17,195,93,2696,674,228,2966,2959,933,2080,1946,2003,-99,0.915,0.897,0.909,0.933,2.145,2.611,2.273,2.08,0.9135,2.27725,2155,2111.5,-108.5,0.74208606,1.034611511,0.985452103,0.452512836,0.699366724
700239,563893,4892954,62,99,312,190,3196,1175,468,3020,3010,887,2090,2564,2272,-451,200,208,402,230,3561,1343,543,3018,3005,878,2462,2925,2488,-518,106,138,320,214,3084,1103,430,2956,2951,870,2152,2493,2168,-386,3,56,257,157,3077,1075,434,2979,2969,902,2027,2407,2221,-403,0.887,0.878,0.87,0.902,2.09,2.462,2.152,2.027,0.88425,2.18275,2597.25,2287.25,-439.5,0.097701783,0.557917006,1.470169911,1.530560362,-0.804097261
601725,561397,4893019,62,106,310,222,2668,1199,551,3039,3028,846,1907,2306,1824,-592,227,229,390,262,2741,1348,592,3032,3018,825,2386,2484,1814,-674,115,148,316,251,2429,1100,499,2976,2963,812,1926,2153,1619,-519,19,70,268,209,2537,1086,476,2993,2986,847,1781,2146,1755,-504,0.846,0.825,0.812,0.847,1.907,2.386,1.926,1.781,0.8325,2,2272.25,1753,-572.25,-1.042362707,-0.363944589,-0.003289485,0.738326454,-1.40707262
647830,559534,4891481,58,79,251,135,2552,823,305,3023,3016,899,2181,1987,1831,-244,197,203,339,182,2894,944,355,3025,3014,881,2751,2321,2028,-266,84,115,254,146,2481,766,288,2956,2947,888,2339,1939,1766,-201,5,42,213,114,2520,774,285,2981,2975,913,2081,1914,1836,-219,0.899,0.881,0.888,0.913,2.181,2.751,2.339,2.081,0.89525,2.338,2040.25,1865.25,-232.5,0.340034331,1.341057979,0.306295573,0.172793325,0.136135503
652934,558826,4891351,58,80,237,128,2298,709,251,3023,3014,894,2199,1784,1645,-179,189,195,343,178,2722,950,342,3023,3012,877,2731,2219,1895,-290,97,115,254,142,2318,703,248,2951,2944,884,2356,1815,1644,-161,-1,40,196,105,2320,692,251,2981,2975,913,2088,1753,1692,-181,0.894,0.877,0.884,0.913,2.199,2.731,2.356,2.088,0.892,2.3435,1892.75,1719,-202.75,0.268436078,1.368802104,-0.097061351,-0.186758987,0.271265574
650846,557737,4891311,87,111,326,164,3974,921,322,3034,3023,920,2308,2892,2918,-69,229,221,402,184,4444,1062,356,3033,3019,920,2736,3278,3237,-86,128,136,316,159,4027,895,299,2971,2958,924,2440,2907,2964,-32,30,62,255,119,3949,879,302,2995,2987,941,2280,2795,2951,-62,0.92,0.92,0.924,0.941,2.308,2.736,2.44,2.28,0.92625,2.441,2968,3017.5,-62.25,1.022971514,1.860629767,3.484196535,2.434316428,0.909442885
642613,556854,4891361,47,85,242,142,2423,827,309,3023,3011,889,2161,1916,1727,-269,206,209,333,191,2732,992,369,3023,3005,869,2748,2249,1894,-331,101,124,256,160,2433,792,302,2948,2940,876,2306,1933,1716,-230,-2,45,186,108,2225,728,276,2980,2972,907,2086,1714,1613,-236,0.889,0.869,0.876,0.907,2.161,2.748,2.306,2.086,0.88525,2.32525,1953,1737.5,-266.5,0.119732014,1.276742054,-0.046038424,-0.039891009,-0.018298864
SM-PG,560272,4896225,11,32,142,85,1328,503,192,3012,3005,879,1943,1076,939,-191,161,154,218,122,1439,676,258,3011,3001,843,3237,1286,958,-301,60,78,158,97,1407,456,178,2944,2936,871,2330,1126,986,-130,-43,-10,100,58,1230,431,165,2967,2960,909,1771,950,897,-160,0.879,0.843,0.871,0.909,1.943,3.237,2.33,1.771,0.8755,2.32025,1109.5,945,-195.5,-0.095062745,1.251520122,-2.231750302,-2.096042706,0.304196432
700226,565581,4892903,48,87,270,155,2790,824,298,3017,3010,894,2146,2143,2005,-192,179,180,331,179,3115,964,343,3018,3005,891,2584,2441,2213,-241,70,90,241,124,2766,752,263,2956,2949,914,2328,2070,2014,-141,-10,29,207,114,2651,722,273,2975,2971,917,2033,1965,1946,-157,0.894,0.891,0.914,0.917,2.146,2.584,2.328,2.033,0.904,2.27275,2154.75,2044.5,-182.75,0.532798859,1.011911773,0.800666367,0.451903425,0.36210932
HOBO-304,563836,4899195,11,47,220,127,1982,674,262,3019,3010,879,1938,1579,1403,-217,172,185,348,203,2538,899,355,3021,3010,851,2463,2114,1735,-285,45,74,210,128,1880,606,235,2954,2946,872,2091,1495,1324,-171,-29,10,177,104,1937,626,240,2978,2972,898,1842,1495,1400,-195,0.879,0.851,0.872,0.898,1.938,2.463,2.091,1.842,0.875,2.0835,1670.75,1465.5,-217,-0.10607786,0.057261666,-0.796213353,-0.727915687,0.206539406
HOBO-335,561664,4897213,9,52,207,106,2092,648,232,3012,3004,903,2122,1612,1508,-172,152,164,301,153,2416,852,322,3015,3002,880,2687,1970,1684,-278,64,75,216,120,2127,657,245,2950,2943,893,2195,1654,1521,-174,-46,0,148,73,1902,581,214,2969,2961,926,1953,1424,1401,-170,0.903,0.88,0.893,0.926,2.122,2.687,2.195,1.953,0.9005,2.23925,1665,1528.5,-198.5,0.455693048,0.842924832,-0.622459601,-0.741932134,0.29056987
HOBO-053,567374,4899019,-36,13,167,104,1701,551,228,3005,2999,884,1791,1330,1217,-176,113,144,295,165,2059,763,296,3007,2997,851,2403,1731,1404,-256,9,47,188,114,1763,540,212,2942,2936,878,1967,1380,1252,-141,-90,-36,103,59,1415,438,187,2966,2961,919,1661,1060,1044,-148,0.884,0.851,0.878,0.919,1.791,2.403,1.967,1.661,0.883,1.9555,1375.25,1229.25,-180.25,0.070163993,-0.58841978,-1.447789922,-1.448239133,0.373464788
SM-05,567807,4898666,-17,36,205,135,1744,664,290,3006,2999,856,1760,1442,1212,-266,144,170,319,213,2194,870,381,3009,2998,823,2253,1904,1464,-339,29,75,231,156,1806,723,304,2946,2939,840,1891,1530,1235,-292,-68,-1,167,115,1671,622,262,2968,2963,871,1641,1346,1185,-247,0.856,0.823,0.84,0.871,1.76,2.253,1.891,1.641,0.8475,1.88625,1555.5,1274,-286,-0.711909232,-0.937743531,-1.324369598,-1.00885402,-0.106871515
HOBO-063,567977,4899592,13,72,275,185,2779,866,360,3001,2993,875,1935,2180,1973,-251,159,197,365,235,3170,980,414,3002,2992,861,2364,2543,2206,-261,39,85,265,179,2809,823,345,2939,2935,880,2025,2175,2003,-211,-19,45,260,189,2652,858,381,2967,2962,866,1785,2100,1876,-281,0.875,0.861,0.88,0.866,1.935,2.364,2.025,1.785,0.8705,2.02725,2249.5,2014.5,-251,-0.205213903,-0.226485063,0.717926485,0.68287008,0.052105039
SM-09,567990,4900501,-47,7,185,107,1970,608,234,2981,2977,896,1818,1512,1424,-171,96,113,265,154,2281,738,292,2986,2976,873,2254,1825,1599,-212,-26,22,171,103,1836,548,215,2922,2919,893,1891,1407,1324,-144,-112,-41,124,69,1731,528,204,2951,2945,923,1693,1286,1282,-162,0.896,0.873,0.893,0.923,1.818,2.254,1.891,1.693,0.89625,1.914,1507.5,1407.25,-172.25,0.362064563,-0.797761811,-0.956866623,-1.125860874,0.409802286
HOBO-265,567001,4902618,-48,13,170,104,1914,572,223,2987,2981,896,1853,1459,1386,-153,105,136,284,167,2247,781,312,2992,2982,861,2331,1843,1554,-250,-19,23,186,110,1891,570,238,2927,2923,890,1871,1461,1356,-159,-91,-27,132,86,1806,522,203,2960,2954,909,1702,1343,1329,-138,0.896,0.861,0.89,0.909,1.853,2.331,1.871,1.702,0.889,1.93925,1526.5,1406.25,-175,0.202345383,-0.670391057,-0.959624619,-1.079545661,0.397311271
SM-08,567939,4902193,-28,27,220,142,2063,734,313,2989,2984,871,1769,1661,1456,-272,138,167,333,210,2457,930,393,2992,2982,842,2278,2080,1669,-343,15,57,239,164,2129,779,339,2926,2922,856,1828,1745,1483,-296,-59,4,201,132,2101,741,310,2959,2953,881,1718,1666,1500,-277,0.871,0.842,0.856,0.881,1.769,2.278,1.828,1.718,0.8625,1.89825,1788,1527,-297,-0.381455757,-0.877210895,-0.626596595,-0.44210207,-0.156835575
HOBO-273,568200,4903500,-72,-19,156,102,1613,483,212,2979,2973,881,1594,1243,1158,-138,88,128,256,169,1897,569,266,2978,2971,836,2213,1554,1291,-139,-47,6,155,101,1616,431,184,2920,2922,882,1738,1226,1161,-85,-132,-57,105,64,1408,404,178,2949,2943,913,1513,1042,1040,-119,0.881,0.836,0.882,0.913,1.594,2.213,1.738,1.513,0.878,1.7645,1266.25,1162.5,-120.25,-0.039987165,-1.551897562,-1.631886159,-1.713942198,0.645996024
HOBO-270,568792,4903058,-69,3,187,133,1936,717,318,2993,2988,871,1661,1560,1372,-294,92,133,293,200,2351,911,394,3002,2990,843,2105,1984,1606,-360,-26,28,194,139,1909,655,287,2937,2932,864,1746,1529,1346,-233,-96,-24,154,114,1876,665,294,2970,2963,885,1607,1474,1351,-267,0.871,0.843,0.864,0.885,1.661,2.105,1.746,1.607,0.86575,1.77975,1636.75,1418.75,-288.5,-0.309857504,-1.474970671,-0.925149668,-0.810795542,-0.118226984
SM-02,564813,4899999,-11,32,189,104,1838,599,231,3013,3007,892,1950,1438,1316,-184,151,168,321,188,2382,858,354,3015,3002,853,2436,1988,1629,-292,42,73,226,136,1951,634,256,2949,2943,869,2043,1561,1369,-186,-54,-7,148,89,1827,581,227,2973,2967,907,1799,1391,1333,-185,0.892,0.853,0.869,0.907,1.95,2.436,2.043,1.799,0.88025,2.057,1594.5,1411.75,-211.75,0.009580856,-0.076414571,-0.944455641,-0.913785951,0.230385889
SM-01,564870,4898229,9,34,197,105,1978,625,233,3017,3009,899,1989,1531,1423,-178,155,165,293,161,2312,791,290,3019,3008,869,2634,1885,1605,-232,45,78,221,128,2061,639,234,2957,2948,883,2152,1615,1464,-162,-43,-9,135,71,1844,548,210,2976,2971,925,1895,1371,1362,-158,0.899,0.869,0.883,0.925,1.989,2.634,2.152,1.895,0.894,2.1675,1600.5,1463.5,-182.5,0.312496542,0.480990115,-0.801729345,-0.899160094,0.363244866
HOBO-055,567367,4898518,6,53,241,142,2150,696,280,3007,3000,876,1926,1705,1519,-207,143,170,351,208,2576,902,372,3010,3000,850,2321,2141,1762,-289,24,60,216,124,2161,618,240,2946,2940,891,2073,1659,1549,-138,-47,11,201,127,2160,690,284,2969,2964,888,1789,1676,1552,-218,0.876,0.85,0.891,0.888,1.926,2.321,2.073,1.789,0.87625,2.02725,1795.25,1595.5,-213,-0.078540071,-0.226485063,-0.437673865,-0.42442916,0.224708155
SM-07,567031,4899518,-23,21,201,111,2212,659,254,2999,2993,904,1930,1683,1604,-175,123,141,299,177,2703,822,323,2999,2988,877,2331,2133,1905,-206,-4,43,192,112,2158,611,234,2934,2929,901,2039,1634,1563,-139,-59,-7,163,96,2156,615,237,2965,2959,914,1848,1603,1585,-157,0.904,0.877,0.901,0.914,1.93,2.331,2.039,1.848,0.899,2.037,1763.25,1664.25,-169.25,0.4226477,-0.177302296,-0.248061635,-0.502433729,0.423428848
146764,565954,4904963,15,59,264,127,3044,777,266,3017,3009,919,2167,2243,2231,-111,161,173,369,185,3385,912,326,3023,3010,896,2501,2594,2417,-142,59,85,286,150,3072,766,267,2962,2950,906,2190,2283,2232,-87,-38,14,214,99,2953,721,252,2987,2980,935,2072,2125,2196,-99,0.919,0.896,0.906,0.935,2.167,2.501,2.19,2.072,0.914,2.2325,2311.25,2269,-109.75,0.753101176,0.808875225,1.419836483,0.833394523,0.69368899
129276,566409,4905644,9,59,255,163,2300,888,371,3015,3002,867,1883,1891,1610,-360,148,172,344,213,2688,1057,445,3021,3007,853,2311,2271,1840,-421,49,88,252,165,2348,863,356,2957,2948,868,2037,1913,1646,-325,-35,9,193,122,2245,783,309,2981,2973,896,1823,1754,1621,-286,0.867,0.853,0.868,0.896,1.883,2.311,2.037,1.823,0.871,2.0135,1957.25,1679.25,-348,-0.194198787,-0.295845374,-0.206691694,-0.029531027,-0.388487126
179439,564607,4903596,6,42,199,110,2240,667,250,3007,2997,906,2059,1704,1625,-173,157,164,312,167,2713,838,319,3015,3005,884,2560,2148,1911,-212,52,78,235,131,2385,692,256,2952,2941,895,2178,1830,1713,-156,-39,-1,153,82,2206,635,233,2979,2972,928,1961,1627,1634,-166,0.906,0.884,0.895,0.928,2.059,2.56,2.178,1.961,0.90325,2.1895,1827.25,1720.75,-176.75,0.516276185,0.591966614,-0.092234858,-0.34642459,0.389362443
161191,565031,4904352,22,60,249,137,2618,840,322,3017,3006,900,2073,2031,1884,-256,154,171,347,188,2993,1015,395,3027,3016,881,2469,2409,2101,-321,52,85,247,138,2497,757,294,2960,2951,895,2193,1934,1788,-201,-38,10,200,108,2589,798,312,2987,2977,919,1960,1952,1899,-246,0.9,0.881,0.895,0.919,2.073,2.469,2.193,1.96,0.89875,2.17375,2081.5,1918,-256,0.417140142,0.51251753,0.451779865,0.27334609,0.029394102
124031,568830,4905948,-40,2,145,88,1603,503,206,3006,3000,895,1789,1234,1158,-156,100,125,256,167,2019,730,312,3011,3000,847,2221,1683,1383,-258,0,44,172,117,1646,531,228,2948,2940,867,1893,1308,1160,-165,-92,-40,102,65,1474,448,186,2975,2967,915,1627,1099,1088,-144,0.895,0.847,0.867,0.915,1.789,2.221,1.893,1.627,0.881,1.8825,1331,1197.25,-180.75,0.02610353,-0.956659979,-1.536045796,-1.556104827,0.371193694
81090,567429,4904826,-27,18,223,108,2621,629,217,2994,2989,920,2003,1907,1930,-63,118,133,293,152,2803,713,245,2998,2990,897,2437,2121,2011,-77,24,53,223,122,2627,602,209,2938,2931,911,2113,1915,1923,-34,-74,-29,139,67,2257,508,170,2960,2958,942,1902,1582,1699,-41,0.92,0.897,0.911,0.942,2.003,2.437,2.113,1.902,0.9175,2.11375,1881.25,1890.75,-53.75,0.830206986,0.209854352,0.376624473,-0.214791879,0.948051477
135431,568424,4905487,-22,28,238,155,2777,926,384,3012,3004,894,1873,2162,2001,-325,114,145,331,215,2963,1082,448,3015,3001,864,2169,2428,2064,-399,28,65,251,181,2598,951,403,2955,2946,869,1889,2099,1833,-370,-63,-14,175,116,2525,814,323,2981,2971,912,1810,1912,1853,-277,0.894,0.864,0.869,0.912,1.873,2.169,1.889,1.81,0.88475,1.93525,2150.25,1937.75,-342.75,0.108716899,-0.690568602,0.506250287,0.440934033,-0.364640643
150802,565612,4903947,28,81,346,225,2864,1153,501,3007,2998,854,1828,2404,1979,-491,166,185,391,252,3172,1189,522,3014,3003,852,2213,2652,2178,-459,62,106,306,212,2827,1026,449,2958,2949,860,1978,2312,1971,-391,-26,40,263,181,2683,1056,457,2976,2971,873,1802,2192,1894,-459,0.854,0.852,0.86,0.873,1.828,2.213,1.978,1.802,0.85975,1.95525,2390,2005.5,-450,-0.442038894,-0.589680876,0.693104521,1.025358893,-0.851790227
150801,566740,4904503,-10,33,207,116,2266,612,222,2998,2992,902,1979,1700,1646,-112,128,151,307,165,2569,769,272,3004,2994,879,2475,2027,1808,-162,28,59,226,128,2309,599,215,2942,2936,894,2068,1738,1665,-83,-63,-11,155,82,2102,541,192,2968,2959,924,1886,1527,1558,-94,0.902,0.879,0.894,0.924,1.979,2.475,2.068,1.886,0.89975,2.102,1748,1669.25,-112.75,0.439170374,0.150582813,-0.234271655,-0.539607782,0.680062428
258173,565879,4903183,-15,32,213,130,2029,695,297,2991,2982,879,1847,1617,1438,-246,107,130,277,151,2119,722,283,2998,2990,866,2398,1732,1467,-219,24,72,202,150,1775,575,234,2937,2929,844,1901,1434,1232,-161,-86,-42,87,46,1368,367,137,2957,2950,934,1686,984,1025,-84,0.879,0.866,0.844,0.934,1.847,2.398,1.901,1.686,0.88075,1.958,1441.75,1290.5,-177.5,0.020595972,-0.575808814,-1.278862663,-1.286135887,0.385955803
248762,564142,4900864,27,85,356,219,3244,1277,561,3018,3010,873,1928,2676,2272,-552,185,205,437,266,3520,1446,615,3023,3011,859,2272,2984,2418,-621,66,102,312,209,3047,1102,464,2967,2958,871,2005,2466,2144,-416,-26,34,281,189,3022,1169,513,2985,2980,882,1815,2446,2147,-510,0.873,0.859,0.871,0.882,1.928,2.272,2.005,1.815,0.87125,2.005,2643,2245.25,-524.75,-0.188691229,-0.338722658,1.354334076,1.64208252,-1.191318725
HOBO-016,564939,4897856,6,37,168,90,2000,601,220,3011,3003,913,2109,1513,1458,-161,146,153,249,131,2053,701,265,3014,3001,880,2838,1665,1432,-215,37,60,185,105,2000,587,222,2953,2945,900,2172,1529,1442,-144,-60,-16,91,44,1560,444,160,2971,2965,945,1948,1130,1170,-119,0.913,0.88,0.9,0.945,2.109,2.838,2.172,1.948,0.9095,2.26675,1459.25,1375.5,-159.75,0.653965133,0.981645455,-1.044432998,-1.243477139,0.466579627
HOBO-036,566184,4897312,52,99,299,234,2649,993,434,3009,3001,837,1823,2204,1824,-382,176,192,327,223,2749,969,396,3015,3003,849,2384,2270,1892,-321,57,93,238,169,2409,762,324,2952,2943,868,2053,1906,1700,-229,-23,41,231,182,2617,907,388,2971,2964,869,1789,2080,1860,-332,0.837,0.849,0.868,0.869,1.823,2.384,2.053,1.789,0.85575,2.01225,2115,1819,-316,-0.53015982,-0.302150857,0.178738255,0.355007124,-0.243137133
HOBO-242,567092,4898047,-8,39,197,125,2047,752,313,3005,3000,884,1917,1641,1456,-296,134,158,281,179,2154,921,377,3005,2997,846,2415,1859,1462,-396,29,68,207,133,1975,722,285,2950,2943,873,2034,1598,1391,-265,-43,4,151,101,1901,669,273,2963,2959,899,1815,1482,1376,-257,0.884,0.846,0.873,0.899,1.917,2.415,2.034,1.815,0.8755,2.04525,1645,1421.25,-303.5,-0.095062745,-0.13568611,-0.918254678,-0.790684989,-0.186359793
SM-06,566963,4897321,-8,38,197,121,1932,679,274,2998,2992,882,1907,1540,1372,-243,118,133,254,152,2126,773,318,3005,2995,866,2417,1752,1473,-278,0,37,161,100,1604,558,219,2940,2934,882,1950,1275,1141,-193,-60,-12,136,83,1715,565,228,2959,2954,907,1770,1313,1251,-197,0.882,0.866,0.882,0.907,1.907,2.417,1.95,1.77,0.88425,2.011,1470,1309.25,-227.75,0.097701783,-0.30845634,-1.227150237,-1.217272478,0.157710893
HOBO-331,570775,4896043,-59,-3,158,96,1824,554,226,2981,2976,900,1782,1390,1324,-162,90,108,241,143,2085,709,281,2988,2980,871,2275,1684,1458,-225,-39,17,131,88,1677,514,193,2926,2922,900,1911,1274,1220,-146,-118,-49,114,70,1743,510,219,2953,2948,922,1652,1286,1293,-159,0.9,0.871,0.9,0.922,1.782,2.275,1.911,1.652,0.89825,1.905,1408.5,1323.75,-173,0.406125026,-0.843161288,-1.187159294,-1.36718751,0.406395646
HOBO-333,570483,4895464,-5,68,315,254,2092,903,477,2997,2988,783,1478,1878,1366,-427,141,173,392,293,2543,1060,523,3005,2992,793,1872,2271,1660,-460,-5,77,252,224,2062,786,390,2940,2935,804,1623,1763,1386,-321,-23,47,275,264,1941,827,431,2968,2964,760,1321,1741,1263,-377,0.783,0.793,0.804,0.76,1.478,1.872,1.623,1.321,0.785,1.5735,1913.25,1418.75,-396.25,-2.088798713,-2.515375345,-0.925149668,-0.13678731,-0.607647661
HOBO-216,569855,4894866,-45,25,220,149,2383,822,357,2992,2988,882,1807,1885,1700,-306,110,153,315,213,2747,1013,425,2997,2984,856,2200,2271,1901,-376,-21,32,211,145,2384,776,323,2934,2930,885,1856,1859,1709,-256,-94,-20,166,131,2302,753,324,2970,2962,892,1675,1768,1672,-269,0.882,0.856,0.885,0.892,1.807,2.2,1.856,1.675,0.87875,1.8845,1945.75,1745.5,-301.75,-0.023464492,-0.946571207,-0.023974455,-0.057563919,-0.178410965
HOBO-233,569577,4895393,-48,18,198,130,1811,675,325,2976,2971,866,1710,1483,1267,-288,107,146,317,209,2180,914,417,2986,2977,825,2105,1910,1454,-395,-22,31,210,145,1908,673,309,2933,2929,858,1730,1550,1334,-254,-92,-22,141,105,1604,584,282,2964,2957,877,1561,1280,1144,-253,0.866,0.825,0.858,0.877,1.71,2.105,1.73,1.561,0.8565,1.7765,1555.75,1299.75,-297.5,-0.513637147,-1.491364927,-1.2533512,-1.008244609,-0.159106669
SM-03,563839,4897717,9,48,191,115,1796,695,282,3008,3002,879,1975,1465,1266,-283,152,164,282,168,2084,845,340,3010,2999,850,2571,1782,1416,-336,39,73,203,121,1801,666,270,2950,2944,874,2120,1470,1262,-250,-39,7,151,86,1719,640,260,2965,2959,904,1869,1358,1241,-262,0.879,0.85,0.874,0.904,1.975,2.571,2.12,1.869,0.87675,2.13375,1518.75,1296.25,-282.75,-0.067524955,0.310742078,-1.263004186,-1.098437392,-0.092109407
HOBO-349,562725,4897644,24,50,188,111,1992,707,280,3012,3004,894,2058,1578,1425,-260,147,150,262,143,2276,883,350,3014,3000,881,2652,1881,1587,-349,37,64,167,100,1703,554,214,2951,2943,889,2197,1337,1214,-169,-38,5,142,80,1816,620,243,2967,2959,915,1920,1396,1326,-227,0.894,0.881,0.889,0.915,2.058,2.652,2.197,1.92,0.89475,2.20675,1548,1388,-251.25,0.329019215,0.678982277,-1.009958047,-1.02713634,0.050969492
307043,557449,4898230,61,90,270,152,3048,880,302,3010,3000,905,2203,2308,2210,-193,193,205,358,191,3391,1009,352,3018,3006,893,2666,2639,2413,-223,94,116,266,146,2973,791,280,2949,2940,906,2371,2233,2154,-132,-6,37,221,119,3066,845,297,2978,2969,925,2102,2257,2264,-185,0.905,0.893,0.906,0.925,2.203,2.666,2.371,2.102,0.90725,2.3355,2359.25,2260.25,-183.25,0.604397112,1.328447013,1.395704017,0.950401377,0.359838226
292528,555665,4898922,22,74,302,146,2961,768,268,3004,2993,906,2143,2222,2143,-105,169,179,387,194,3297,893,310,3009,2999,888,2486,2547,2339,-127,48,83,266,131,2866,721,255,2951,2942,912,2256,2129,2085,-92,-29,20,207,102,2606,607,217,2969,2962,924,2039,1882,1925,-56,0.906,0.888,0.912,0.924,2.143,2.486,2.256,2.039,0.9075,2.231,2195,2123,-95,0.60990467,0.801308645,1.017169058,0.550018548,0.760686252
378882,555122,4899228,8,53,249,123,2984,843,299,3001,2992,920,2150,2227,2186,-190,156,160,317,151,3420,970,329,3013,2999,915,2613,2590,2478,-200,35,59,226,111,3018,757,265,2951,2943,929,2241,2197,2229,-114,-54,2,151,74,2580,696,247,2970,2965,944,2081,1859,1933,-159,0.92,0.915,0.929,0.944,2.15,2.613,2.241,2.081,0.927,2.27125,2218.25,2206.5,-165.75,1.039494188,1.004345194,1.247461729,0.606693743,0.439326503
134101,559836,4897180,70,123,338,289,2076,1203,605,3024,3011,755,1546,2032,1303,-695,211,223,412,306,2274,1278,623,3025,3012,762,2017,2234,1412,-702,95,133,341,262,2054,1074,520,2965,2956,773,1703,1948,1308,-566,13,62,270,235,1929,1051,540,2978,2972,782,1473,1814,1251,-608,0.755,0.762,0.773,0.782,1.546,2.017,1.703,1.473,0.768,1.68475,2007,1318.5,-642.75,-2.463312651,-1.95418737,-1.201638774,0.091741702,-1.727296822
130102,561523,4898458,-5,33,192,107,2036,599,219,3008,3001,900,1983,1552,1472,-143,165,181,331,182,2663,805,303,3014,3004,872,2585,2125,1858,-179,42,72,217,121,2297,625,231,2945,2937,899,2190,1738,1657,-116,-64,-14,136,71,1906,530,193,2970,2965,928,1881,1397,1414,-125,0.9,0.872,0.899,0.928,1.983,2.585,2.19,1.881,0.89975,2.15975,1703,1600.25,-140.75,0.439170374,0.441896121,-0.424573383,-0.649301707,0.552881185
128101,562060,4898855,-4,42,235,111,2223,633,227,3005,2998,904,2050,1693,1604,-131,146,151,310,153,2487,732,274,3008,2996,884,2566,1963,1747,-154,36,62,234,119,2170,615,225,2946,2938,896,2118,1665,1555,-123,-47,-6,166,76,1977,527,188,2968,2960,925,1917,1452,1459,-101,0.904,0.884,0.896,0.925,2.05,2.566,2.118,1.917,0.90225,2.16275,1693.25,1591.25,-127.25,0.494245953,0.45702928,-0.449395348,-0.673068725,0.614200713
130101,561772,4899699,16,50,229,127,2312,619,223,3005,2997,895,2023,1747,1668,-101,156,169,320,167,2611,779,273,3010,2998,879,2603,2065,1833,-158,45,79,227,120,2201,586,210,2944,2938,896,2233,1671,1581,-90,-45,2,171,84,2145,545,199,2963,2958,924,1955,1565,1584,-89,0.895,0.879,0.896,0.924,2.023,2.603,2.233,1.955,0.8985,2.2035,1762,1666.5,-109.5,0.411632584,0.662588022,-0.241856144,-0.505480782,0.694824537
279822,562363,4899611,7,47,232,116,2486,621,208,3014,3003,910,2093,1839,1813,-69,148,164,307,144,2760,731,247,3020,3005,900,2730,2110,1971,-96,47,77,233,121,2478,582,201,2953,2946,906,2242,1830,1800,-36,-45,-7,157,73,2289,530,180,2971,2963,938,1992,1625,1712,-51,0.91,0.9,0.906,0.938,2.093,2.73,2.242,1.992,0.9135,2.26425,1851,1824,-63,0.74208606,0.969034489,0.192528235,-0.288530574,0.906036245
268413,562804,4900021,17,56,247,156,2132,861,381,3013,3002,863,1864,1781,1481,-378,152,163,302,180,2313,942,383,3019,3006,855,2455,1968,1580,-384,56,91,236,148,2188,765,317,2955,2944,873,2129,1766,1537,-269,-43,7,189,122,2008,781,337,2973,2967,885,1753,1621,1430,-341,0.863,0.855,0.873,0.885,1.864,2.455,2.129,1.753,0.869,2.05025,1784,1507,-343,-0.238259251,-0.110464178,-0.681756516,-0.451852641,-0.36577619
252447,563239,4900683,17,55,288,142,2664,715,246,3014,3006,898,2030,2018,1919,-108,157,177,373,195,2918,845,299,3017,3007,874,2465,2307,2043,-151,53,86,286,143,2607,697,240,2952,2944,896,2183,1985,1870,-100,-35,15,218,105,2564,663,224,2980,2974,921,1994,1882,1887,-102,0.898,0.874,0.896,0.921,2.03,2.465,2.183,1.994,0.89725,2.168,2048,1929.75,-115.25,0.384094795,0.483512308,0.484186319,0.191685057,0.66870696
HOBO-211,561071,4897180,52,83,282,171,2958,1241,512,3015,3006,890,2072,2432,2097,-573,204,223,406,245,3222,1414,605,3015,3004,858,2463,2780,2199,-653,101,125,289,179,2799,1135,463,2955,2946,879,2230,2312,1965,-491,3,49,232,150,2585,1045,434,2972,2966,890,1952,2099,1842,-469,0.89,0.858,0.879,0.89,2.072,2.463,2.23,1.952,0.87925,2.17925,2405.75,2025.75,-546.5,-0.012449376,0.540261654,0.748953941,1.063751767,-1.290111298
HOBO-341,562273,4896274,-1,40,198,123,1670,655,273,3002,2993,862,1833,1384,1163,-266,164,182,321,197,2069,895,369,3004,2994,826,2480,1831,1372,-373,37,72,196,130,1616,588,247,2940,2933,851,2000,1336,1116,-211,-50,5,164,104,1676,635,267,2962,2956,883,1736,1348,1193,-262,0.862,0.826,0.851,0.883,1.833,2.48,2,1.736,0.8555,2.01225,1474.75,1211,-278,-0.535667378,-0.302150857,-1.49812335,-1.205693675,-0.070534017
HOBO-347,561155,4895781,7,53,228,128,2541,851,333,3000,2994,904,2071,1977,1833,-290,169,181,339,191,2870,1069,426,3003,2994,875,2518,2363,1998,-396,56,88,255,151,2585,897,354,2935,2930,889,2148,2053,1840,-313,-31,16,182,104,2378,773,296,2958,2953,916,1971,1811,1739,-258,0.904,0.875,0.889,0.916,2.071,2.518,2.148,1.971,0.896,2.177,2051,1852.5,-314.25,0.356557005,0.528911785,0.271131123,0.198997985,-0.235188306
HOBO-357,562701,4895822,-10,24,188,96,2282,585,201,2993,2987,919,2039,1675,1678,-88,133,147,284,149,2683,738,259,3000,2989,894,2559,2060,1915,-124,28,53,194,102,2236,551,190,2928,2922,912,2176,1647,1634,-62,-63,-15,140,68,2164,519,175,2959,2954,939,1951,1537,1622,-66,0.919,0.894,0.912,0.939,2.039,2.559,2.176,1.951,0.916,2.18125,1729.75,1712.25,-85,0.797161639,0.550350427,-0.115677824,-0.584094763,0.806108125
HOBO-353,561600,4895723,-10,33,194,97,2544,639,220,2993,2986,926,2124,1851,1880,-93,154,165,302,160,2911,775,273,2996,2988,895,2610,2223,2081,-114,37,58,205,107,2411,582,202,2931,2924,915,2199,1768,1765,-58,-53,-6,136,67,2243,530,180,2952,2947,941,2021,1587,1684,-65,0.926,0.895,0.915,0.941,2.124,2.61,2.199,2.021,0.91925,2.2385,1857.25,1852.5,-82.5,0.868759892,0.839141542,0.271131123,-0.273295306,0.817463593
HOBO-345,563178,4896142,-11,37,248,168,2012,770,361,2989,2984,845,1680,1682,1386,-320,136,162,323,203,2248,844,351,2996,2990,834,2270,1914,1516,-297,25,64,243,159,2042,679,289,2927,2921,855,1870,1652,1422,-212,-51,2,169,127,1683,642,307,2959,2953,859,1600,1378,1181,-282,0.845,0.834,0.855,0.859,1.68,2.27,1.87,1.6,0.84825,1.855,1656.5,1376.25,-277.75,-0.695386558,-1.095380603,-1.042364501,-0.762652097,-0.069398471
HOBO-351,562042,4895853,-27,18,172,90,1725,534,209,2993,2988,900,1918,1330,1243,-152,109,129,264,134,1858,664,258,2999,2990,865,2542,1543,1276,-214,15,38,160,91,1521,423,161,2934,2927,887,2005,1166,1088,-82,-90,-49,82,34,1247,390,149,2955,2951,946,1666,914,936,-132,0.9,0.865,0.887,0.946,1.918,2.542,2.005,1.666,0.8995,2.03275,1238.25,1135.75,-145,0.433662816,-0.198740938,-1.705662554,-1.782196196,0.533576889
HOBO-032,565592,4895774,-9,36,236,130,2825,708,261,2987,2980,912,2019,2080,2068,-101,122,150,310,167,3126,800,296,2994,2985,898,2462,2364,2245,-107,11,52,213,120,2684,631,233,2931,2926,914,2126,1957,1969,-62,-64,-6,170,96,2579,611,225,2959,2953,928,1939,1845,1920,-78,0.912,0.898,0.914,0.928,2.019,2.462,2.126,1.939,0.913,2.1365,2061.5,2050.5,-87,0.731070944,0.32461414,0.817214343,0.224593235,0.79702375
HOBO-014,564342,4896049,-47,5,198,133,2218,946,443,2986,2978,886,1749,1827,1574,-479,88,109,274,202,2485,1012,503,2990,2978,849,1981,2106,1705,-478,2,38,191,124,2282,896,374,2927,2924,896,1967,1831,1636,-396,-112,-53,80,67,1326,581,285,2955,2949,903,1480,1067,964,-322,0.886,0.849,0.896,0.903,1.749,1.981,1.967,1.48,0.8835,1.79425,1707.75,1469.75,-418.75,0.081179109,-1.40182707,-0.784491869,-0.637722904,-0.709846875
HOBO-040,566145,4895960,-25,22,207,101,2648,647,222,2990,2984,926,2060,1919,1958,-80,111,118,256,132,2761,689,242,2996,2988,908,2462,2059,2000,-80,-16,27,180,93,2402,555,193,2932,2927,925,2092,1728,1778,-46,-76,-20,138,69,2357,544,185,2957,2953,943,1957,1657,1774,-58,0.926,0.908,0.925,0.943,2.06,2.462,2.092,1.957,0.9255,2.14275,1840.75,1877.5,-66,1.00644884,0.356141554,0.340081025,-0.313516412,0.892409683
HOBO-060,567339,4895095,-30,16,203,96,2811,824,325,2977,2973,933,2076,2086,2077,-239,100,116,254,128,2944,920,368,2983,2976,916,2476,2262,2130,-286,-19,28,179,89,2528,734,280,2925,2921,931,2137,1874,1867,-202,-94,-34,123,62,2254,663,249,2948,2943,946,1901,1636,1693,-201,0.933,0.916,0.931,0.946,2.076,2.476,2.137,1.901,0.9315,2.1475,1964.5,1941.75,-232,1.13863023,0.380102389,0.517282272,-0.011858117,0.138406597
76361,559380,4908110,-6,56,314,150,3844,1189,495,2999,2984,924,2135,2917,2808,-387,146,180,418,215,4365,1377,573,3004,2989,906,2409,3397,3129,-434,8,57,258,130,3404,1103,465,2949,2942,926,2178,2596,2489,-397,-78,-1,248,122,3535,1163,470,2983,2972,933,1995,2671,2608,-427,0.924,0.906,0.926,0.933,2.135,2.409,2.178,1.995,0.92225,2.17925,2895.25,2758.5,-411.25,0.934850587,0.540261654,2.769875555,2.256977915,-0.67578047
159408,557638,4905945,-19,45,248,140,2602,668,261,2977,2971,897,1981,1952,1881,-104,126,152,327,201,2905,836,354,2993,2984,870,2274,2288,2039,-188,-1,43,219,145,2543,667,282,2935,2928,892,1939,1913,1838,-130,-64,4,175,108,2515,623,245,2966,2958,917,1920,1828,1858,-103,0.897,0.87,0.892,0.917,1.981,2.274,1.939,1.92,0.894,2.0285,1995.25,1904,-131.25,0.312496542,-0.22017958,0.41316792,0.063099399,0.596031964
155365,559531,4905949,9,58,266,161,3084,958,387,2999,2985,900,2020,2370,2228,-291,150,168,337,181,3664,1087,400,3004,2995,905,2494,2809,2639,-270,33,72,252,151,3241,865,330,2950,2943,910,2141,2409,2368,-173,-53,7,178,108,2869,786,308,2976,2966,927,1991,2098,2128,-196,0.9,0.905,0.91,0.927,2.02,2.494,2.141,1.991,0.9105,2.1615,2421.5,2340.75,-232.5,0.675995365,0.450723797,1.6177227,1.102144641,0.136135503
123545,559069,4906844,-18,33,224,123,2406,846,353,2978,2969,902,1969,1894,1730,-323,139,167,341,198,2931,1049,435,2989,2979,873,2382,2395,2043,-376,-1,41,208,120,2410,789,333,2929,2924,905,2027,1867,1740,-275,-74,-9,157,96,2137,733,301,2962,2956,914,1834,1641,1562,-280,0.902,0.873,0.905,0.914,1.969,2.382,2.027,1.834,0.8985,2.053,1949.25,1768.75,-313.5,0.411632584,-0.096592116,0.040148953,-0.049032169,-0.231781665
217961,559905,4904157,16,80,289,157,2769,741,265,2995,2986,892,2098,2105,1988,-115,156,192,377,218,3110,866,315,3002,2988,868,2426,2444,2179,-136,52,93,277,159,2719,717,259,2941,2933,889,2150,2066,1949,-104,-42,21,220,119,2683,680,245,2972,2965,915,1978,1970,1970,-102,0.892,0.868,0.889,0.915,2.098,2.426,2.15,1.978,0.891,2.163,2146.25,2021.5,-114.25,0.246405847,0.458290377,0.737232458,0.431183461,0.673249147
131067,560727,4904273,2,54,260,120,2850,709,247,3015,3001,919,2155,2099,2085,-87,146,159,358,179,3170,879,319,3022,3011,893,2449,2448,2255,-154,30,65,259,135,2701,711,265,2960,2949,904,2121,2029,1956,-118,-50,-4,180,86,2458,596,201,2986,2982,932,1973,1765,1829,-73,0.919,0.893,0.904,0.932,2.155,2.449,2.121,1.973,0.912,2.1745,2085.25,2031.25,-108,0.709040712,0.516300819,0.764122919,0.282487251,0.701637818
207746,561269,4904331,16,60,330,169,2874,869,318,3017,3008,888,1966,2237,2049,-206,152,175,429,223,3176,1021,382,3019,3008,868,2305,2567,2207,-260,47,77,293,156,2759,795,297,2962,2950,892,2086,2124,1975,-172,-55,6,239,131,2622,782,290,2986,2978,904,1851,1989,1906,-202,0.888,0.868,0.892,0.904,1.966,2.305,2.086,1.851,0.888,2.052,2229.25,2034.25,-210,0.180315152,-0.101636502,0.772396907,0.633507813,0.238334717
257002,561506,4903045,4,50,260,150,2629,744,309,2996,2991,892,1964,2014,1887,-175,139,155,323,181,2894,798,316,3011,2998,882,2406,2249,2046,-148,40,70,240,139,2514,655,251,2938,2932,895,2102,1896,1812,-104,-72,-11,165,79,2366,584,211,2973,2967,935,1955,1699,1764,-91,0.892,0.882,0.895,0.935,1.964,2.406,2.102,1.955,0.901,2.10675,1964.5,1877.25,-129.5,0.466708164,0.174543648,0.339391526,-0.011858117,0.603980792
286789,562481,4902252,29,72,258,144,2594,725,261,3011,3002,894,2098,1977,1866,-140,169,174,346,185,2790,851,326,3020,3009,875,2508,2224,1951,-200,62,89,243,131,2434,662,234,2953,2943,897,2254,1849,1751,-112,-27,20,205,107,2475,683,246,2982,2975,917,1994,1839,1815,-145,0.894,0.875,0.897,0.917,2.098,2.508,2.254,1.994,0.89575,2.2135,1972.25,1845.75,-149.25,0.351049447,0.713031885,0.25251465,0.007033615,0.514272593
150732,562682,4901132,47,92,301,157,3200,939,331,3011,3003,906,2203,2437,2315,-218,204,200,403,210,3594,1075,374,3017,3006,889,2521,2809,2550,-234,91,116,295,162,3124,891,313,2956,2946,901,2294,2379,2253,-186,5,50,256,139,3062,898,324,2976,2968,913,2074,2306,2235,-224,0.906,0.889,0.901,0.913,2.203,2.521,2.294,2.074,0.90225,2.273,2482.75,2338.25,-215.5,0.494245953,1.01317287,1.61082771,1.251450262,0.213352687
361840,557647,4896180,20,63,286,152,2704,838,316,3011,2998,893,2028,2102,1935,-225,159,176,364,193,2937,917,348,3017,3006,876,2471,2346,2055,-229,55,83,284,150,2675,788,298,2947,2940,893,2137,2068,1913,-185,-47,5,204,95,2313,643,235,2973,2966,921,1948,1721,1697,-141,0.893,0.876,0.893,0.921,2.028,2.471,2.137,1.948,0.89575,2.146,2059.25,1900,-195,0.351049447,0.37253581,0.402135936,0.219108538,0.306467526
357256,556932,4896401,54,119,375,260,2641,969,413,3009,3000,820,1798,2237,1783,-330,189,226,462,294,3010,1190,549,3019,3012,822,2204,2626,1998,-473,66,120,352,213,2703,934,376,2952,2943,853,2019,2218,1868,-293,-7,57,324,222,2674,987,444,2982,2973,846,1712,2214,1848,-380,0.82,0.822,0.853,0.846,1.798,2.204,2.019,1.712,0.83525,1.93325,2323.75,1874.25,-369,-0.98177957,-0.700657375,0.331117538,0.863865057,-0.483873058
400605,556312,4894446,43,85,326,254,2480,806,381,3001,2992,814,1652,2056,1683,-238,172,200,341,219,2810,765,305,3007,2996,855,2467,2226,1950,-115,65,95,240,132,2107,625,237,2930,2923,882,2257,1651,1490,-141,-13,30,242,207,2259,698,361,2963,2955,832,1565,1819,1566,-221,0.814,0.855,0.882,0.832,1.652,2.467,2.257,1.565,0.84575,1.98525,1938,1672.25,-178.75,-0.750462137,-0.438349287,-0.225997667,-0.076455651,0.380278069
364070,556046,4895953,27,90,238,184,1865,543,256,2989,2983,820,1831,1518,1271,-120,148,166,311,174,2210,736,305,3000,2990,854,2532,1828,1510,-212,47,85,208,132,1666,554,231,2925,2920,853,2105,1359,1151,-166,-53,2,199,132,1789,575,257,2959,2950,862,1613,1421,1261,-181,0.82,0.854,0.853,0.862,1.831,2.532,2.105,1.613,0.84725,2.02025,1531.5,1298.25,-169.75,-0.71741679,-0.261795767,-1.257488194,-1.067357447,0.421157754
367193,558513,4895962,69,109,343,216,2503,926,377,3020,3009,841,1917,2097,1711,-321,229,249,472,295,3106,1121,480,3021,3008,826,2335,2653,2078,-366,123,152,321,212,2639,900,374,2953,2944,851,2188,2163,1821,-284,18,65,295,192,2392,889,371,2977,2967,851,1798,1978,1657,-329,0.841,0.826,0.851,0.851,1.917,2.335,2.188,1.798,0.84225,2.0595,2222.75,1816.75,-325,-0.827567948,-0.063803605,0.172532764,0.617663135,-0.284016819
372502,557910,4895668,44,91,311,161,2739,868,317,3017,3005,888,2131,2153,1947,-232,199,216,444,232,3394,1086,408,3022,3006,872,2496,2738,2361,-278,87,116,311,168,2745,829,311,2952,2942,884,2233,2152,1945,-198,9,54,281,146,2833,842,309,2978,2968,901,2032,2169,2044,-206,0.888,0.872,0.884,0.901,2.131,2.496,2.233,2.032,0.88625,2.223,2303,2074.25,-228.5,0.141762246,0.760953555,0.88271675,0.813283969,0.154304252
287338,559781,4899188,8,50,238,125,2522,663,231,3005,2997,905,2067,1886,1832,-101,148,151,301,148,2631,803,281,3017,3004,893,2600,2063,1866,-187,30,59,195,105,2192,560,203,2950,2940,908,2191,1631,1594,-81,-45,-5,172,84,2343,584,205,2972,2967,930,1957,1691,1741,-88,0.905,0.893,0.908,0.93,2.067,2.6,2.191,1.957,0.909,2.20375,1817.75,1758.25,-114.25,0.642950017,0.663849119,0.011189994,-0.369582197,0.673249147
301004,559007,4898550,110,200,480,374,2877,1262,596,3016,3003,769,1727,2630,1846,-545,264,323,640,580,3312,1614,884,3022,3009,701,1562,3261,1983,-791,159,210,585,524,3112,1550,857,2955,2947,711,1381,3043,1889,-795,53,141,421,356,2749,1207,586,2983,2974,770,1562,2490,1780,-541,0.769,0.701,0.711,0.77,1.727,1.562,1.381,1.562,0.73775,1.558,2856,1874.5,-668,-3.12972716,-2.593563333,0.331807037,2.161300435,-1.841987051
280500,560528,4899462,120,182,403,360,2945,1704,837,3027,3017,782,1727,2819,1896,-1002,309,340,565,515,3331,2363,1154,3036,3021,732,1818,3505,2009,-1497,196,251,450,450,3178,1877,950,2964,2957,751,1706,3116,1996,-1112,93,160,390,383,3097,1801,893,2993,2984,779,1617,2952,2004,-1074,0.782,0.732,0.751,0.779,1.727,1.818,1.706,1.617,0.761,1.717,3098,1976.25,-1171.25,-2.617524273,-1.791505911,0.612433136,2.751209991,-4.127842792
268355,560966,4899982,78,139,410,296,3025,1325,598,3041,3025,821,1814,2650,2031,-605,219,234,489,311,3313,1413,630,3043,3032,828,2191,2911,2210,-615,116,152,389,275,2963,1179,519,2976,2966,830,1934,2533,2007,-478,28,82,368,279,2974,1246,570,3000,2997,828,1670,2551,2024,-558,0.821,0.828,0.83,0.828,1.814,2.191,1.934,1.67,0.82675,1.90225,2661.25,2068,-564,-1.16903654,-0.85703335,0.865479274,1.686569501,-1.369599575
290415,560896,4899037,160,211,446,410,2594,1799,929,3034,3024,727,1572,2720,1563,-1154,314,335,550,459,2849,1918,1006,3044,3026,722,1932,3017,1681,-1201,167,216,426,395,2505,1654,881,2985,2969,727,1620,2597,1511,-1049,119,190,429,438,2545,1835,969,3001,2989,706,1405,2716,1512,-1206,0.727,0.722,0.727,0.706,1.572,1.932,1.62,1.405,0.7205,1.63225,2762.5,1566.75,-1152.5,-3.509748657,-2.21901765,-0.516966251,1.933380834,-4.042676781
593665,565933,4893400,11,50,226,125,2326,736,268,3007,2999,898,2036,1800,1674,-207,169,177,337,183,2932,947,355,3004,2997,882,2542,2338,2062,-263,56,79,238,142,2474,735,273,2944,2939,891,2132,1906,1774,-178,-29,20,193,111,2418,727,272,2964,2958,912,1965,1823,1768,-201,0.898,0.882,0.891,0.912,2.036,2.542,2.132,1.965,0.89575,2.16875,1966.75,1819.5,-212.25,0.351049447,0.487295598,0.180117253,-0.00637342,0.228114795
335225,558228,4897232,94,145,338,226,3144,1040,396,3020,3007,865,2137,2516,2208,-305,227,234,405,261,3488,1129,441,3022,3005,860,2444,2817,2425,-311,107,137,300,188,3123,937,354,2953,2944,886,2275,2423,2228,-232,18,61,247,152,3045,905,343,2980,2969,904,2066,2308,2213,-241,0.865,0.86,0.886,0.904,2.137,2.444,2.275,2.066,0.87875,2.2305,2516,2268.5,-272.25,-0.023464492,0.798786452,1.418457485,1.332501885,-0.044416441