elevation.scale,canopy.ht.scale,min.T.scale,max.T.scale,precipitation.scale,metre.road.scale,metre.stream.scale,yrs.disturb.min.scale,mean.NDVI.scale,mean.EVI.scale,mean.green.scale,mean.bright.scale,mean.wet.scale,l_Cover_2m_max.scale,l_Cover_2m_4m.scale,l_Cover_4m_16m.scale,l_p25.scale,l_p95.scale,l_rumple.scale
0.0240497310645069,-0.0161184293757256,0.0897363582774305,-0.0544989663248384,-0.604196304128786,1.97158792383334,-0.223029779898026,0.97131030734756,0.318004099652146,0.17832693744823,0.179427754179647,-0.0301404374712916,0.348482757871074,0.609634375044384,-0.746233865072824,-0.615436991640334,0.42950106770342,1.23685505554943,0.687575860587917
0.355714232564419,1.81009337645034,-0.127620531720109,-0.185475801221653,-0.835324379901745,0.492466300955224,0.0494823863338766,0.97131030734756,0.273943636268987,0.190937903190425,-0.0453489248214827,-0.228198914536225,0.372329241013808,0.574799894851855,-0.662026853288325,-0.878779686262234,1.60561557138358,1.1986050760655,0.205304114691935
-0.250455473579322,-0.646655864909627,0.0897363582774305,-0.0544989663248384,-0.604196304128786,-0.43461654294881,-1.42281753389478,-0.718671381900642,0.764116291406626,0.841663735487704,0.440058381978502,-0.0520792226230996,0.678926881420387,0.509759835519657,-0.717781645518982,-0.605089699448489,0.406928894663828,-0.121988371867502,-0.432683383974976
-0.00341039163310832,-0.566047054339383,0.0897363582774305,-0.0242738428160368,-0.174401156040519,-0.263094783580809,-0.748091951968133,-1.08170448551692,0.945865702862155,0.946334751147925,1.84801537130459,1.0070765716503,1.02640420721451,0.594541018350834,-0.710145250776812,0.0248944558634987,-0.178372266052687,-0.937318746958459,-1.14029820363009
0.252396472173162,0.499913755217847,-0.813131520912775,-0.679157029937188,0.136080640741695,-0.180097330922316,-0.710714206251639,-0.843855210733842,0.984418608322419,0.793742065667363,0.612433135813724,-0.00759224162082226,0.761821799011796,0.603601484684573,-0.743438991644621,-0.0216989395234723,-0.144776529504381,-0.505034062291181,-0.690183739224196
-1.32680053045463,0.798884067578366,1.20996192499853,2.04112837699783,-1.70621527244884,0.0961766293862732,0.346458360492574,-0.555932404417482,-5.33275032923794,-4.24559984491389,-0.902396200890206,2.44833287398435,-5.17481695671264,0.30477588744451,-0.607905560134753,-0.958165298767001,1.00482875695553,0.0712646867353179,-0.113632913290275
-1.25683701950053,1.14326977505138,0.390692451208387,1.17466642367709,-0.945855064639424,0.17638640450272,-0.968813431392329,-0.643561084600722,0.49424595318478,1.40032951786696,-0.481801801532265,-0.664536974777739,0.390497990074939,0.534272107845949,-0.695368289586955,-0.907837084844002,1.42162618890835,0.25875005856005,-0.252203919318439
-0.362438398063518,0.0855708899963167,1.02604415706502,0.408957138881897,-0.368394757029544,-0.161322833662185,-0.724177503756129,-0.631042701717402,0.742086059715047,1.03461151134329,0.985452103113144,0.452512835868484,0.699366724114159,0.614295347876624,-0.741889491857031,-0.575967203176353,0.337112792195574,-0.092177887163587,-0.866471996193144
-1.34842739388745,-0.917819426417117,1.20996192499853,2.04112837699783,-1.70621527244884,-0.180947990882587,2.05714149124008,-1.21940669723344,0.097701782736353,0.557917006288309,1.47016991089779,1.53056036180038,-0.8040972606944,0.23950151546528,2.3289347871487,2.33487680271856,-1.35212446312591,-1.48313900137903,-1.12674978211062
-1.18165733152006,-1.63287516794661,1.1932417653985,1.90007714573985,-1.63913646564548,-0.379761199164819,-0.738399344562764,-0.831336827850522,-1.04236270730287,-0.363944589466169,-0.00328948488568861,0.738326453540649,-1.40707262016067,-1.47370615450734,-0.410161695164804,-0.770312046021016,0.356797812852447,-0.0656761272443078,0.75017771544998
-1.38333062942649,1.10307411393481,0.524450537875174,1.22504227433353,-1.77807037175513,0.15442401962564,0.976506494679169,-0.618524318834082,0.340034331343725,1.34105797887864,0.30629557300237,0.172793325182932,0.13613550321911,0.183362695515047,0.0331674216024808,-0.879672778313453,1.02267631678124,0.209055495112232,0.32341116394849
-1.57021476478304,0.0392855402317915,0.574610217469916,1.31571862214773,-1.69388831333646,-0.196075884334909,0.771040592314097,0.97131030734756,0.268436078346093,1.36880210351147,-0.0970613509720493,-0.186758987027254,0.271265574361269,0.563452144675404,-0.466748275819361,-0.71943991409644,0.396955222953043,-0.217370481578557,-0.572631239613697
-1.79886421187094,-0.96040216051459,0.975884477470277,1.69857374311409,-1.43291873699308,-0.477114951661734,0.490397605543047,-1.3195537603,1.02297151378268,1.86062976745709,3.48419653470852,2.43431642791514,0.909442885133482,0.472911624896814,0.178359327290389,-0.993355310460589,-1.19254456433666,-1.60153158271419,-1.35857569128293
-1.68717173128196,0.145316680536407,1.77843379166039,2.24263178969872,-1.43759283493325,-0.0421192165944433,1.12069516887655,0.97131030734756,0.119732014427932,1.27674205359344,-0.0460384238368236,-0.0398910086498729,-0.0182988638005006,0.525179569732824,-0.746673974640893,-0.948569858989749,0.984881213287582,0.571427793193654,-0.25831790631995
-1.54922936010824,0.577915353042414,0.708368304136703,1.31571862214773,-0.718835552358483,-0.421942251443253,-1.0347248823945,0.97131030734756,-0.0950627445649664,1.25152012210905,-2.23175030246744,-2.09604270593321,0.304196432034568,0.488539259703411,-0.738790190763573,-0.655230930561561,1.17595711509087,1.65122917707479,0.506593246684303
-1.06219524739491,-0.820042254810668,0.323813407874994,1.17466642367709,-1.58787749734209,-0.516674434523937,-0.531448975530157,-1.21940669723344,0.532798858645045,1.01191177300734,0.800666367001786,0.451903425169823,0.362109319666922,-0.15950085065583,2.14106397422001,2.02803359160607,-1.20829259087447,-1.35466784887432,-0.949866429839293
-0.689007569175303,1.58303496935545,-0.679373036315302,0.650760071452756,-0.61862927145053,0.104003001800798,-0.459749620442876,0.97131030734756,-0.106077860410755,0.0572616663231546,-0.796213352527709,-0.727915687438518,0.206539405830991,0.519666619514102,-0.714545650849539,-0.912911193423586,1.58173098353498,1.49610427314583,1.71265327234997
-1.06713294610293,0.840387315142546,0.240214604544241,0.872413244088632,-0.520836214190261,0.0296488566614713,-0.726792374767312,-0.681116233250682,0.455693047724518,0.842924832061923,-0.622459600661806,-0.741932133507729,0.29056987023872,0.330429537801846,0.26763937617359,-0.710864312354693,0.635275254431384,-0.0845277059819148,0.235848509128575
0.285048543026022,1.01725087396223,-0.227939096720199,-0.437354097366331,0.439989232091618,-0.00383515489247195,0.674298444839817,0.97131030734756,0.0701639931218795,-0.588419779677245,-1.44778992202485,-1.44823913325621,0.373464787830129,0.609109529807625,-0.71976073744101,-0.959670415064465,2.23737329274191,1.5112828106991,0.308170466767636
0.722620574733682,0.0553664567579388,-1.06392793257701,-0.850434341841493,0.822891662628279,-0.377267987316297,-0.0134718904880076,-1.006594188217,-0.20521390302286,-0.22648506287624,0.71792648516088,0.682870079962468,0.0521050388113806,0.294114096031844,-0.764298500239321,0.026244082495287,-0.206718743857719,-0.362962941528375,-0.473714311154236
1.47134371120573,1.87962086103187,-1.19768641717448,-1.09223824162501,0.58508630188242,1.68164016801305,1.65363787858342,0.97131030734756,0.362064563035305,-0.797761810997687,-0.956866623102136,-1.12586087366437,0.40980228595239,0.574611614641113,-0.763053192721137,-0.907699890127426,1.40587821243214,1.02192690820974,0.47979863373456
1.60330759995682,0.589646489790116,-1.98351596969526,-2.03930021197346,0.416876424514322,-0.52857488937864,1.27288246615922,0.97131030734756,0.202345383271355,-0.670391057001516,-0.9596246191635,-1.07954566056611,0.397311270972863,0.194852316150897,0.378821204976532,-0.583739636930788,0.360734857033096,-0.169284654120803,-0.395489927576098
1.35817478105932,-0.223183770223377,-1.28128522050524,-0.890734828924113,0.646771868578286,0.238768663766207,-0.811658126468626,0.97131030734756,-0.381455756555495,-0.877210895173518,-0.626596594753851,-0.442102069766353,-0.156835575391622,0.445077093541315,-0.477899373916064,-0.601767543965336,1.47201979373082,1.15185515260871,1.29084308147315
2.78626221676547,-0.861545501288465,-1.95007644802857,-1.9788489977432,0.636139622696347,2.73937383318473,0.664954486342831,0.97131030734756,-0.0399871653360169,-1.55189756238097,-1.63188615912087,-1.71394219787255,0.645996023747088,0.33972356215251,-0.478411764556675,0.46973474719542,-0.388345819725995,-0.866192165378657,-0.437380507804827
2.12708452706498,-0.407874277957424,-1.49864211050278,-1.71689629516223,0.847134275601748,-0.286739486530024,0.183280941495405,0.97131030734756,-0.309857503557863,-1.47497067135358,-0.925149668396455,-0.810795542456459,-0.118226983636719,0.0827048499432323,-0.170622075281166,0.328887506484846,-0.457637176541677,0.18589303198316,0.735795181451957
-0.571675507801157,-0.576910889818234,0.541170297872534,0.247755180476281,-0.702554264087141,-0.34650366180165,-0.384670349665794,0.97131030734756,0.00958085597003587,-0.0764145705441156,-0.944455640826,-0.913785950530225,0.230385888973725,0.593440013030309,-0.715141461547166,-0.758471861233694,1.584355813153,1.82046977815125,1.5434993481907
-0.798437067149702,0.252872895408443,-0.144340291717468,0.590308857222494,-0.230179366473319,0.0322079436964806,-0.902802132382204,0.97131030734756,0.312496541729252,0.480990115260918,-0.801729344650436,-0.899160093762353,0.363244866483243,0.499681373176745,-0.308851045815901,-0.73593919711939,1.54866029300882,0.849498712340401,0.209746045650703
0.00438343956395845,0.652007451921755,0.62476950080595,0.177228602672202,0.271830767879931,-0.213829982497038,-0.331255214477904,-0.818818444967202,-0.0785400707962813,-0.22648506287624,-0.437673864550448,-0.424429159505174,0.224708154892122,0.432400062438125,-0.480159152906271,-0.510777693897778,0.264409337098208,0.398453238527807,-2.93650109779355e-4
0.789861209569477,2.2854922705218,-0.796411759243437,-0.598556045696815,0.433774655254055,1.77850431140861,2.2057296828835,0.97131030734756,0.422647700187148,-0.177302296481678,-0.248061635331704,-0.502433728933825,0.423428847748238,0.615163172495269,-0.761520585230602,-0.873140913030912,0.823201480840874,1.33460464284333,0.657527591741353
-0.259701526672922,-0.3937481089484,0.0395770766133749,-0.245927015451913,-0.00475299947396284,-0.170368864482708,-1.17636568607374,-1.08170448551692,0.753101175560838,0.808875224557996,1.4198364827779,0.833394522531817,0.693688990032556,0.539531879665053,-0.544181258941872,2.19657772242625,-0.656062120684106,-1.1358540459479,-1.01846478507664
-0.00440286646415821,0.275030239750401,0.00613755494667781,-0.245927015451913,0.0679761029465904,-0.0445670325712907,-0.752895145517222,-0.843855210733842,-0.194198787177072,-0.295845374458314,-0.20669169441125,-0.0295310267726302,-0.388487125921037,0.589009579694584,-0.696962548969498,-0.814163186699896,0.547611191644656,-0.319248679261014,-0.741123556567155
-0.565600112314475,0.841689595692902,0.62476950080595,0.167153239098381,-0.409432779566104,-0.169800737283583,-1.20436021580497,0.97131030734756,0.51627618487636,0.591966613792238,-0.0922348578646631,-0.346424590076523,0.389362443258618,0.583427203506367,-0.511972928333314,-0.237055185308101,0.0218899386745334,1.20467639844436,1.533057085771
-0.490916662354648,1.25386287713973,0.2569343645416,-0.0746496934724761,-0.243996639418281,-0.208461908564462,-1.16531127996017,0.97131030734756,0.417140142264254,0.512517529616407,0.451779865239297,0.273346090462052,0.0293941024849673,0.613503740898395,-0.740450051530837,-0.764195121475777,1.74288566995953,0.992784143900196,-0.0825568493023613
0.619024778969474,-1.23482540303818,-2.2343123813595,-1.16276385221643,0.789403669814919,-0.298934703096172,-0.536648953663257,0.97131030734756,0.026103529738721,-0.956659979349349,-1.53604579598848,-1.55610482691927,0.371193694197487,0.316554154094815,-0.229703238317857,-0.701487429739385,1.48041872786789,1.78813941904885,3.47596449795467
0.468931619242855,-0.837642941310648,-0.378417341315031,-0.497805311596591,0.265974819637097,-0.0863430664510028,-0.431762564565691,-1.18185154858348,0.830206986481364,0.209854351803719,0.37662447256714,-0.214791879165675,0.948051476888385,0.103068543277332,0.162755280303816,2.59323344117918,-1.10330581403782,-1.3677820812333,-0.96195925165454
0.655222752373415,-0.774847001635718,-1.83303772510043,-1.03178702739475,0.435982863162349,-0.162292706415676,-0.905724763501783,-1.49481112066648,0.108716898582144,-0.690568602189028,0.506250287451227,0.440934032593919,-0.364640642778303,0.180555848846299,0.442000731407744,1.45895631106238,-0.90278108629952,-0.943390185140374,-0.45836080978516
-0.169987072028026,-1.57811836047326,-0.0440217283893564,-0.185475801221653,-0.156681588570719,-0.296168175802537,0.0770253733078706,-1.36962729183328,-0.442038893707338,-0.589680876251465,0.693104520608608,1.02535889261014,-0.851790226979868,-3.96237549165012,1.0502831560307,-0.886692245946817,-1.48965715980533,0.78878456212734,-0.517528096373065
0.25249338523721,0.295023304042142,0.0562968366107342,-0.175400437647832,0.0488684110707758,-0.0781745659264265,-1.21501433246886,0.97131030734756,0.439170373955833,0.1505828128154,-0.234271655024886,-0.539607781552166,0.680062428236708,0.604730788633971,-0.721347125609549,-0.929386438948417,1.17490722329294,0.184678721186165,-0.625933559766535
0.443008220563093,-0.622535816160164,-0.395137102984369,-0.598556045696815,-0.102546056734231,-0.486175782974743,2.18821367918292,-1.05666771975028,0.0205959718158267,-0.57580881393505,-1.27886266326633,-1.2861358874123,0.385955802809656,-1.66395519518795,1.46561444922432,0.662174935411206,-1.2334894433473,-1.0915327440851,-1.21776477718529
-0.0971550176421613,-1.59832891377566,0.440851732872443,0.106702992080778,-0.87179113081094906,-0.10425933773862,1.8645644076011,-1.3821456747166,-0.188691229254178,-0.338722657981779,1.35433407632052,1.64208251965541,-1.19131872505975,-4.16875258122449,1.15698347105425,-0.793090576308157,-1.57259670950136,-0.430021709321605,-0.811715459783677
-0.44195066930069,1.7247051135865,0.62476950080595,0.177228602672202,0.271830767879931,-0.0104134438154372,-1.33304647076239,0.97131030734756,-0.0950627445649664,-0.135686109532434,-0.918254678243046,-0.790684989400635,-0.186359792615959,0.422809845771963,-0.423970005081359,-0.410046593579344,0.559684646951298,1.72681799763424,2.34826996752145
1.03510275945942,-0.572561111995279,-0.813131520912775,-0.709383110583516,2.35470577390042,-0.0570756651234199,-1.34305779369527,0.97131030734756,0.406125026418463,-0.843161287669591,-1.18715929422599,-1.36718751033426,0.406395645503428,0.391894914335311,0.857199906697499,0.157497731872001,-0.758949214048083,1.18767651049866,1.9636132194824
1.6059455310084,0.153798747410672,-0.813131520912775,-1.46501799901755,2.56575058673445,-0.4258339245935,-1.03439309808068,0.97131030734756,-2.08879871265289,-2.51537534508469,-0.925149668396455,-0.136787309737025,-0.607647661470925,-0.148499475696736,-0.495901919460067,-0.132203618516892,-0.177847420276913,-0.352641531360029,0.605415887869457
2.26281207685921,-0.183637923776774,-2.80278484658937,-2.47253118359626,2.37298961745441,5.58496981893535,-0.179302508029904,0.97131030734756,-0.0234644915673318,-0.946571206755592,-0.0239744553459152,-0.0575639189110516,-0.178410964901714,-0.435774704577649,-0.155863591342997,0.722678277199519,-0.680209131420592,-0.834711800673534,-0.410046988808721
2.5277680794848,-0.892174303100235,-2.80278484658937,-2.47253118359626,2.37298961745441,7.26823624208957,-0.747957728831705,0.97131030734756,-0.513637146704971,-1.49136492681843,-1.25335119969872,-1.00824460882273,-0.159106669024263,-1.03141594177797,0.847992448321042,0.966457611589032,-1.16209840305895,-0.905747361054934,-0.41998184521952
-0.902468676405196,-0.369410571210015,0.875565912470187,0.298130073995196,0.271213820275361,0.790228447627586,-0.388605112855879,0.97131030734756,-0.0675249549504904,0.310742077741281,-1.26300418591349,-1.09843739222461,-0.0921094068613438,0.54948318683558806,0.308276676702646,0.253298391746318,-0.76104889752076,1.78024674627754,2.88963344248303
-1.15802143841271,-0.524763949147303,0.0228573149440371,0.711211285683016,-0.254730453249074,-0.465222182578399,-0.510248853495815,0.97131030734756,0.329019215497937,0.678982277413385,-1.00995804728338,-1.02713634048123,0.0509694919950599,-0.252616545661493,-0.482007322417959,-0.177377594999545,-0.150025788247665,1.38484579669377,0.381308871323695
-1.17384207798294,0.0548837376550824,1.10964256246509,0.741436409191818,-0.104702851486114,-0.252972038825547,-1.18887669802763,-0.793781679200562,0.604397111642677,1.32844701313644,1.39570401724097,0.950401376674793,0.359838226034281,0.556646135774897,-0.533389909179812,-0.592298192776186,0.220577405828041,-0.320462990058009,-0.3902228233386
-0.0821748342850299,-1.04550927774552,0.909005434136883,-0.497805311596591,1.31514229584989,-0.25884520619977,-0.764312613682985,-0.831336827850522,0.609904669565571,0.801308645112679,1.01716905781883,0.550018547654297,0.760686252195475,0.306914886471952,0.219886498185388,1.46647803711444,-0.92797788871075,-0.934768763766606,-0.358195373084007
0.124335999788903,-0.231931067428852,-0.562334709645874,-0.699307747009695,1.64252232850802,-0.131102069592227,-0.776410623027386,-0.831336827850522,1.03949418755137,1.00434519356203,1.24746172894268,0.606693742629801,0.439326503176727,0.617381407683546,-0.751342522324277,0.503108199215832,-0.376797310318317,-0.655605127026837,-0.728514070286047
-0.734088760461176,0.0836081853715356,0.674928782470006,1.38624423273915,-0.635988951961634,-0.00181976207637826,-0.339954223533783,-1.51984788643312,-2.46331265140974,-1.954187369557,-1.20163877354815,0.091741702260975,-1.7272968223631,0.523628050240705,-0.0854152950080553,0.435279267460496,-0.489920598404156,-0.801592243775829,-0.899263322356266
-0.307178955733887,-0.630577600680273,-0.562334709645874,0.801886666284552,-0.576820066976347,-0.354132866001374,0.911757126337375,0.97131030734756,0.439170373955833,0.441896121460112,-0.424573383258971,-0.649301707311206,0.552881184808794,0.505573525022309,-0.639182685924261,-0.32047761642178,1.18173141985631,0.649992057355807,0.14360809874509
-0.204018679374266,-0.669905958137954,0.775247347470096,0.42910689881688,-0.65638006208896,0.145718447148095,1.54965974227516,-1.006594188217,0.49424595318478,0.457029280350747,-0.449395347811243,-0.673068724558998,0.614200712890109,0.28895619927666,0.522536877173596,1.94807045655361,-1.01642922016114,-1.15719504288148,-0.770096248120948
-0.395136267776024,1.28877780165141,-0.161060053386806,0.509707872982121,-0.721660702735168,-0.368506426792078,0.213762172788524,0.97131030734756,0.41163258434136,0.662588021948531,-0.241856144193636,-0.505480782427131,0.694824536848877,-0.0591995678077652,-0.194648786753365,-0.0809780704037659,-0.363149017314771,0.563535120422348,0.541718555353117
-0.409250140705573,-0.00634203840693282,0.808686869136793,0.42910689881688,-0.844209867646761,-0.371578262570637,1.52593281889055,-1.006594188217,0.742086059715047,0.969034489483878,0.192528235471123,-0.288530573703697,0.90603624468452,0.614527019318297,-0.757232856455235,-0.755692529380824,0.235275490506335,-0.46678408280724,-1.0739352868623
-0.607328934300898,0.868631694749276,0.808686869136793,0.42910689881688,-0.844209867646761,-0.345582869001085,0.972905052382839,-1.35710890894996,-0.238259250560231,-0.110464178048042,-0.681756515981122,-0.451852640944934,-0.365776189594624,-0.807147421416265,-0.474725010640675,-0.72327103343936,1.6179515497013,1.36253332796198,2.33857136139164
-0.498347364253349,-0.694243495876339,0.825407028736816,0.42910689881688,-0.779956216356262,-0.0790519194591155,0.596979911980656,-1.0691861026336,0.384094794726884,0.483512308409356,0.484186318960319,0.191685056841434,0.66870696007350094,0.45079303925779,-0.384136118519269,2.77819731781812,-0.884145957440579,-1.2973536762504,-1.15390175021512
-1.48183153774797,1.28037265203599,0.708368304136703,1.27541812498998,-0.787660485548694,-0.216746025980851,-1.43405548582241,0.97131030734756,-0.0124493757215434,0.540261654249237,0.74895394085122,1.0637517666258,-1.29011129807964,0.452321542531765,0.125877034600034,-0.664055631318555,0.820576851469231,0.247821492993216,-0.284654278859812
-0.259411081567475,0.731528817764664,1.05948367873172,0.00595128069276487,0.25000200516804,-0.242043169168838,-0.839792527287148,0.97131030734756,-0.535667378396552,-0.302150857329412,-1.49812335014473,-1.205693675189,-0.0705340173512512,0.431320186760487,-0.220732974320375,-0.355940196174387,0.431600851299289,1.87313932198957,2.61987563515518
-0.434761953554945,2.6088027716138402,1.05948367873172,0.519783236555941,-0.848370476045262,1.15217954405949,1.75636184599121,0.97131030734756,0.35655700511241,0.52891178508126,0.271131123219985,0.19899798522537,-0.235188305717748,0.588527748373709,-0.75680234257413,-0.511345096411271,0.0525985228401193,1.26824416745005,0.581955383614926
0.0708978158030214,1.016163430104,1.05948367873172,0.00595128069276487,0.25000200516804,-0.554319199689928,-0.782843742246386,-0.793781679200562,0.797161638943996,0.550350426842994,-0.115677824386253,-0.584094762554443,0.806108124848302,0.514006516425258,-0.330113733940588,-0.449527178808886,0.183831993885937,-0.180213219687643,-0.303975933597127
-0.012983526015312,-0.787668237145762,0.909005434136883,0.308205437569017,-0.49289569581745,-0.523329852661682,1.71381835872599,-0.843855210733842,0.868759891941628,0.839141542339266,0.271131123219985,-0.273295306237163,0.817463593011508,0.501040461992558,-0.546383569606184,-0.391744931305608,0.162047389879588,-0.135284878229398,-0.242420603628418
0.734142018964129,1.31470141613164,0.15661579954151,-0.185475801221653,0.840148521962741,-0.290225208128942,-0.82411534705915,0.97131030734756,-0.695386558160502,-1.0953806025135,-1.04236450100441,-0.762652097262214,-0.0693984705349305,-0.208074126506707,-0.541436067262271,-0.462055201090619,0.483044347919676,0.395963936134882,-0.420539481017889
0.161374871141108,0.351294576874001,0.909005434136883,0.308205437569017,-0.49289569581745,-0.471730963789576,0.400007281593327,0.97131030734756,0.433662816032937,-0.19874093824341,-1.70566255376234,-1.78219619612262,0.533576888931342,0.0792524172212186,0.0867407661177698,-0.0267560950155798,-0.553437550331207,0.336464096718816,0.558794768230592
1.30211669123696,-0.0228552803968543,0.00613755494667781,-0.326527989617154,1.65942055924775,-0.363616831626486,1.86085055626562,-0.768744913433922,0.731070943869258,0.324614140057695,0.817214343369968,0.224593234569146,0.797023750317736,0.611828084754304,-0.674246013763685,-0.829589104169813,0.466246479645523,-0.30832011369418,-0.676265511521652
1.24452158088959,1.61997625557045,-0.344977819648335,-0.437354097366331,1.31067447201307,-0.256592383301268,0.969085705418407,0.97131030734756,0.081179108967668,-1.40182707004884,-0.784491869266914,-0.637722904036641,-0.709846874939785,0.0117160415077279,4.01055652000647,0.881866531145998,-1.4308645457534,0.119714598986679,-0.92405044643188
1.31009194003986,0.0462425325386363,-0.462016146317762,-0.497805311596591,2.65470956426993,0.195524781439244,0.512647704376268,-0.831336827850522,1.13863023016347,0.380102389323355,0.517282271696682,-0.0118581165114516,0.138406596851751,0.599669484531997,-0.40344010158938,0.837509829599363,-0.548975660374774,-0.806783347160988,-0.962728235677254
1.73848085320719,-0.961929887378804,-2.46838943095706,-2.2710277809705,2.26615809134386,-0.250236055153365,0.937369376628866,-0.994075805333682,0.934850587016366,0.540261654249234,2.76987555481536,2.25697791460469,-0.675780470450165,-3.14760363314552,1.75671293297698,0.169706429757885,-1.46341046559617,-1.33438928703581,-0.859689059071678
1.56066667231386,-1.01524649397768,-2.05039501302866,-2.05944997190844,1.49876071160285,-0.353540215321673,0.805734537434825,-0.994075805333682,0.312496541729252,-0.220179580005141,0.413167920380207,0.0630993994238924,0.596031963828979,0.384282205854513,-0.416782401782246,1.96801273221241,-0.759999105846022,-1.11921835859885,-0.561182678699844
1.15359837061648,-0.59512691091259,-1.43176306716938,-1.46501799901755,0.773069715159379,-0.299910332863499,1.10683109030077,-0.956520656683722,0.675995364640311,0.45072379747965,1.61772270018074,1.10214464064147,0.13613550321911,-0.256211980788052,2.34136521143111,1.65598336127428,-1.31117963417686,-1.2244966496735,-0.533052293891107
1.51299837009411,-1.55509106076226,-1.43176306716938,-1.46501799901755,0.773069715159379,-0.442031882070134,0.67006575907156,0.97131030734756,0.41163258434136,-0.0965921157316282,0.0401489530807873,-0.0490321691297929,-0.231781665268786,-0.871609056774379,1.03200873621592,0.161838835972289,-0.784408439347204,-0.258534529047954,0.115874444137941
1.11107385652711,0.461662233517602,-0.612493992981908,-0.729532880593629,0.187853730336836,-0.516353523452979,1.4755135620645,0.97131030734756,0.246405846654514,0.458290376924965,0.737232457590425,0.431183461415338,0.673249147338784,0.544292463670919,-0.765814367845,-0.902644080363977,0.881994220046796,0.034107656450509,-0.386477511451613
0.538243182346724,-1.16689990832743,0.407412211205747,-0.437354097366331,0.176708621527116,-0.356632505595546,0.138773799831099,-1.1317780170502,0.70904071217767894,0.516300819339065,0.764122919188719,0.282487250941972,0.701637817746801,-0.978422420097771,2.3362555239922,-0.993355310460589,-1.37102211499593,-1.55065310677037,-0.36690747466212
0.284784396290686,-1.09768008930487,0.407412211205747,-0.437354097366331,0.176708621527116,-0.246287188092029,-0.38133887222952,-1.1317780170502,0.180315151579776,-0.101636502028506,0.77239690737281,0.6335078133709,0.23833471668797,-1.55112290216166,3.78600246435318,-0.993355310460589,-1.48860729303819,-1.66236715242665,-0.888670689825294
0.588945339819017,-0.180821177194343,0.407412211205747,-0.588481649335653,-0.544308903590074,-0.36481957342552,0.925825292656858,0.97131030734756,0.466708163570307,0.174543647725571,0.339391525738733,-0.0118581165114516,0.603980791543223,0.0438829042855435,-0.209411544845373,1.06229848864167,-0.942413550501152,0.00247558974804881,-0.15632376474109
-0.551767228937419,0.303701641313701,-0.696093194243347,0.550008370139874,-0.671737187317413,-0.037992477368573,-0.645057784336613,0.97131030734756,0.351049447189516,0.713031884917311,0.252514649805781,0.00703361514704974,0.514272593053891,0.577877653727643,0.246017066669323,-0.662377770639103,1.50719046809922,0.495413743829459,1.25743771741755
-1.13920225093691,-0.0556642758223282,-0.696093194243347,0.550008370139874,-0.671737187317413,-0.567141309227504,-1.45682758649725,-1.10674125128356,0.49424595318478,1.01317286958156,1.61082771002733,1.25145026181349,0.213352686728915,-0.0804050510219483,-0.176255283088009,1.83276718758838,-0.876534392090356,-1.12371116958407,-0.295348328741134
-0.015464268332191,-1.03905887542995,1.02604415706502,0.499633476620959,-0.378050173484396,-0.590917503579414,0.387504619440009,0.97131030734756,0.351049447189516,0.372535809878038,0.402135936134753,0.219108538281194,0.306467525667209,-1.00545779817401,1.71193012640609,1.41371631653471,-1.2896573529352,-1.17786820361764,-0.665226238256757
0.2143225790272,0.338696134946466,1.29356033039859,-0.0645743298986572,-0.305680952886359,-0.455484476525568,-0.318051342586411,0.97131030734756,-0.981779570151032,-0.700657374782783,0.331117537554642,0.863865057464884,-0.483873058491973,-0.222023463963842,1.22398595302657,0.870098366044156,-1.18204589666531,-0.403762788401114,0.419000156017379
-0.345700776806699,-0.854373672289491,1.4273184153934,0.257829576837443,-0.673175471652051,-0.22211464261295,-0.102014157391197,-1.006594188217,-0.750462137389449,-0.438349287345121,-0.225997666840795,-0.0764556505695529,0.380278068728053,0.515527096083151,0.0985336220658852,0.652723403525679,-0.600419156995172,-0.654815813428483,-0.532421867465621
0.310415281576253,-0.381361851198923,1.05948367873172,-0.306377262469516,-0.0182091373686195,-0.421212865908853,0.138296795518459,0.97131030734756,-0.717416789852081,-0.261795766954387,-1.25748819379076,-1.06735744659288,0.421157754115597,-1.51309860052303,-0.34166270920966,-0.573358778863192,0.13711291023305,-0.275109419795018,-0.52715391187576
-1.18635304165467,0.142277140588743,0.825407028736816,1.53737178470847,-0.375996199909155,-0.411282597978715,-0.56036632170377,0.97131030734756,-0.827567948309977,-0.0638036048019206,0.172532764026238,0.617663135205705,-0.284016818819536,0.482673142596403,-0.625352730169197,-0.270379077390305,0.0756957419018672,0.058423749577641,0.081150760946803
-0.881349868921417,1.53110817149118,1.02604415706502,0.499633476620959,-0.378050173484396,-0.433999142789847,-0.750209017260746,0.97131030734756,0.141762246119512,0.760953554737654,0.882716749827352,0.813283969475993,0.15430425228024,0.538902518159009,-0.594104222167161,-0.394027782092139,0.809553287960518,0.634570565000698,0.707234438023256
-0.00276006912623463,-0.482844290986495,-0.144340291717468,-0.346677749552137,0.207731345786307,-0.171798915658731,1.23498855763187,0.97131030734756,0.642950017102941,0.66384911852275,0.01118999443647,-0.369582196625654,0.673249147338784,0.548364070392582,-0.478209588616345,-0.243284021886085,0.169133909207653,0.397178246931877,0.140955923293379
0.341661816493251,-0.234891038038148,1.02604415706502,-0.326527989617154,-0.246717710254357,-0.411916432378698,1.83920523988224,0.97131030734756,-3.12972716008001,-2.5935633326863,0.331807036569983,2.16130043491486,-1.84198705081149,-2.97264981271105,0.680143464715894,-0.351042424453584,-1.22351567151332,-0.871079633163044,-0.845494886784178
-0.837770240744661,0.501202775370618,0.62476950080595,0.378731048160439,0.0567269197324397,-0.43549918575877,0.249051072724879,-1.5073295035498,-2.61752427325079,-1.79150591148268,0.612433135813724,2.75120999121903,-4.12784279206499,0.584724789968775,-0.749023009653738,-0.922624307117783,0.477795089176403,-0.362962941528375,-0.805278384560054
-0.6800342324792,-0.53439976795147,0.2569343645416,1.18474178725091,-0.589609102473989,-0.105603629879522,-0.700596421419729,-0.856373593617162,-1.16903653952946,-0.857033349986006,0.86547927444383,1.68656950065768,-1.36959957522209,0.207932319729175,0.044035113676703,1.19266909252767,-0.746350812842476,-0.903926010662499,-0.302241090317545
