"lambda.env","alpha.env","lambda.sp","alpha.sp","lambda.bio","alpha.bio","drop","hidden","loglike","loss","AUC.explain","AUC.test"
0.01,0.8,0.01,0.4,0.5,0.2,0.2,"1",4435.66064453125,72.622,0.864822991800203,0.62726580094387
0.01,0.8,0.01,0.4,0.2,0.4,0.3,"1",4717.70166015625,79.491,0.814289320987934,0.620332889813921
0.01,0.8,0.01,0.4,1,0.7,0.4,"1",4938.9013671875,149.443,0.782911736334001,0.609200227502124
0.01,0.8,0.01,0.5,1,0.2,0.2,"1",4679.0263671875,75.864,0.83248678237389,0.628624752469595
0.01,0.8,0.01,0.5,0.9,0.2,0.3,"1",4775.435546875,76.779,0.81876262320984,0.645727898250277
0.01,0.8,0.01,0.5,0.7,1,0.4,"1",4878.736328125,82.272,0.784821637137657,0.600639004557376
0.01,0.8,0.01,0.6,0.2,0.8,0.2,"1",4414.43017578125,72.841,0.864648652838637,0.64811687771513
0.01,0.8,0.01,0.6,0.3,0,0.3,"1",4588.89990234375,79.328,0.833399667865758,0.627327915426274
0.01,0.8,0.01,0.6,1,0.2,0.4,"1",5081.525390625,86.501,0.782968073872962,0.620174725814112
0.01,0.8,0.155,0.4,0.9,0.2,0.2,"1",4612.2783203125,77.178,0.835906989417716,0.627097854802991
0.01,0.8,0.155,0.4,1,0.2,0.3,"1",4900.173828125,85.281,0.770292086362253,0.609101813692607
0.01,0.8,0.155,0.4,0.5,0.7,0.4,"1",5339.931640625,88.738,0.720695488692547,0.64746434401379
0.01,0.8,0.155,0.5,0.8,0.8,0.2,"1",4628.66162109375,74.726,0.841611747806894,0.633457392537209
0.01,0.8,0.155,0.5,0.8,0.3,0.3,"1",4958.4140625,81.585,0.784524944794998,0.628183999149472
0.01,0.8,0.155,0.5,0.1,0.7,0.4,"1",5260.2685546875,88.472,0.733536593078493,0.606680100294231
0.01,0.8,0.155,0.6,0.2,0.2,0.2,"1",4642.4404296875,80.26,0.832964498012802,0.63049236259541
0.01,0.8,0.155,0.6,0.6,0.1,0.3,"1",4794.2275390625,79.537,0.803240377348667,0.606486138600908
0.01,0.8,0.155,0.6,1,0.8,0.4,"1",5219.1240234375,85.183,0.740573780629896,0.637478058847944
0.01,0.8,0.3,0.4,0.5,0.7,0.2,"1",4558.255859375,74.778,0.844746340492282,0.63390447499676
0.01,0.8,0.3,0.4,0.2,0.7,0.3,"1",4942.09765625,82.601,0.765944390852941,0.601941529725524
0.01,0.8,0.3,0.4,0.8,0.6,0.4,"1",5337.25,86.505,0.720886837746433,0.593372997735743
0.01,0.8,0.3,0.5,0,0.2,0.2,"1",4416.6298828125,63.859,0.807749797122814,0.643034864850189
0.01,0.8,0.3,0.5,0.7,0.5,0.3,"1",5164.18603515625,84.159,0.759206512347712,0.610843224850045
0.01,0.8,0.3,0.5,0.5,0.8,0.4,"1",5290.666015625,87.147,0.72823200187292,0.604343752494861
0.01,0.8,0.3,0.6,0.7,0.1,0.2,"1",4661.38525390625,74.716,0.838228712672256,0.661885808533294
0.01,0.8,0.3,0.6,0.5,0.4,0.3,"1",5049.88330078125,80.304,0.781239467244767,0.633475180874744
0.01,0.8,0.3,0.6,0,0.4,0.4,"1",4946.94580078125,70.249,0.658904643480077,0.589436170496486
0.01,0.9,0.01,0.4,0.1,0.6,0.2,"1",4790.865234375,80.429,0.826021858825492,0.649410602303825
0.01,0.9,0.01,0.4,0.3,0.3,0.3,"1",4635.85009765625,77.837,0.835401618995593,0.645399756774437
0.01,0.9,0.01,0.4,0.1,0,0.4,"1",4987.2783203125,83.715,0.800514642670585,0.655097363207977
0.01,0.9,0.01,0.5,0.1,0.2,0.2,"1",4468.1708984375,74.243,0.861108425537182,0.622345275832595
0.01,0.9,0.01,0.5,0.9,0.4,0.3,"1",4681.2666015625,77.677,0.840553976545596,0.612884147738687
0.01,0.9,0.01,0.5,0.5,0,0.4,"1",5075.86181640625,84.387,0.789976390390881,0.636505641314891
0.01,0.9,0.01,0.6,0.3,0,0.2,"1",4372.5693359375,70.594,0.874180186583136,0.649453889754668
0.01,0.9,0.01,0.6,0.8,0.4,0.3,"1",4871.38720703125,76.802,0.812014465968255,0.62502299938308
0.01,0.9,0.01,0.6,0.3,0,0.4,"1",5006.0830078125,85.007,0.786942248986653,0.626316801567761
0.01,0.9,0.155,0.4,0.9,0,0.2,"1",4434.875,270.069,0.852088463572421,0.649658976309126
0.01,0.9,0.155,0.4,1,0.3,0.3,"1",4987.58935546875,82.893,0.775324035540128,0.638688330491932
0.01,0.9,0.155,0.4,0.2,0.6,0.4,"1",5217.58837890625,87.348,0.749600310702053,0.60791225166012
0.01,0.9,0.155,0.5,0.9,0.2,0.2,"1",4546.30908203125,75.527,0.848207922241168,0.625728327078498
0.01,0.9,0.155,0.5,0.7,0.8,0.3,"1",4993.728515625,84.681,0.787990343622536,0.623411437813079
0.01,0.9,0.155,0.5,1,0.7,0.4,"1",5243.341796875,86.915,0.737537512933535,0.649853330930697
0.01,0.9,0.155,0.6,0.8,0.5,0.2,"1",4575.54150390625,75.115,0.833017978266382,0.643087714498094
0.01,0.9,0.155,0.6,0.1,0.7,0.3,"1",4921.76806640625,80.052,0.804642873632819,0.657491327761468
0.01,0.9,0.155,0.6,0.3,0.7,0.4,"1",5183.66650390625,91.782,0.758558974446002,0.594110275696486
0.01,0.9,0.3,0.4,0.7,0.6,0.2,"1",4553.30517578125,74.668,0.839320215234408,0.606961692951676
0.01,0.9,0.3,0.4,0,0.5,0.3,"1",4569.12255859375,67.719,0.76851500415524,0.646837436248668
0.01,0.9,0.3,0.4,1,0.8,0.4,"1",5245.09912109375,85.403,0.723183226768084,0.606631463579993
0.01,0.9,0.3,0.5,0.9,0.7,0.2,"1",4723.97509765625,75.342,0.833929285954834,0.619341406911739
0.01,0.9,0.3,0.5,0.5,0.4,0.3,"1",5018.662109375,83.409,0.779112453823645,0.61477180252809
0.01,0.9,0.3,0.5,0.2,0,0.4,"1",5458.31494140625,90.295,0.691267581984162,0.591676542194978
0.01,0.9,0.3,0.6,1,0,0.2,"1",4664.99365234375,75.991,0.835897467408979,0.624803463040622
0.01,0.9,0.3,0.6,0.4,0.8,0.3,"1",4913.5966796875,82.429,0.788840264769552,0.638482048405322
0.01,0.9,0.3,0.6,0.3,0.4,0.4,"1",5195.49462890625,85.827,0.734189933408152,0.626738839016119
0.01,1,0.01,0.4,0.8,1,0.2,"1",4138.28125,71.362,0.863163961582982,0.59367371539846
0.01,1,0.01,0.4,0.6,0.3,0.3,"1",4621.40966796875,77.37,0.837521726279078,0.639284813336391
0.01,1,0.01,0.4,0.5,0.6,0.4,"1",4953.404296875,133.182,0.781678458427369,0.632207190030613
0.01,1,0.01,0.5,0.3,0.1,0.2,"1",4210.57080078125,115.996,0.880150703516745,0.665094428971773
0.01,1,0.01,0.5,0.5,0.6,0.3,"1",4775.84716796875,77.366,0.832266713094759,0.645613431317822
0.01,1,0.01,0.5,0.5,0,0.4,"1",5057.1533203125,198.409,0.777759629044613,0.633065779615225
0.01,1,0.01,0.6,1,1,0.2,"1",4064.07446289062,70.94,0.877264902540331,0.643042202619142
0.01,1,0.01,0.6,0.8,0.9,0.3,"1",4661.44873046875,77.605,0.832320709623476,0.629596095250933
0.01,1,0.01,0.6,0.3,0.2,0.4,"1",4992.939453125,79.827,0.776096370667273,0.653786087495593
0.01,1,0.155,0.4,0.4,0,0.2,"1",4648.42138671875,75.287,0.828940709779481,0.65936687056865
0.01,1,0.155,0.4,0.7,0.3,0.3,"1",4924.5888671875,79.956,0.802501509151363,0.657065266322513
0.01,1,0.155,0.4,0.4,0,0.4,"1",5123.53759765625,84.868,0.746810178324953,0.634494551164948
0.01,1,0.155,0.5,0.4,1,0.2,"1",4365.71337890625,73.471,0.848565615460549,0.658745175189655
0.01,1,0.155,0.5,0.1,0.8,0.3,"1",4922.4609375,82.305,0.789139752103221,0.661306592017909
0.01,1,0.155,0.5,0.4,0.4,0.4,"1",5276.4482421875,139.495,0.726742575108046,0.609184484289983
0.01,1,0.155,0.6,0,0.4,0.2,"1",4321.0009765625,63.183,0.782668123123657,0.644154801282359
0.01,1,0.155,0.6,1,0.2,0.3,"1",4931.7822265625,81.677,0.800025509152109,0.626897743016669
0.01,1,0.155,0.6,0.8,0.2,0.4,"1",5233.82275390625,87.327,0.75188513555539,0.61944042692018
0.01,1,0.3,0.4,0.3,0.4,0.2,"1",4606.7685546875,78.236,0.836172520134484,0.66227383839756
0.01,1,0.3,0.4,0.8,0.7,0.3,"1",4960.14453125,82.194,0.801646151553248,0.659651171584249
0.01,1,0.3,0.4,0.3,1,0.4,"1",5128.884765625,84.783,0.710020664729875,0.57549265413236
0.01,1,0.3,0.5,0.1,0.6,0.2,"1",4474.07861328125,72.255,0.856529922646282,0.640594060158212
0.01,1,0.3,0.5,0.4,0.9,0.3,"1",4998.09033203125,78.539,0.796241914694278,0.621944612726795
0.01,1,0.3,0.5,1,0,0.4,"1",5264.5517578125,82.701,0.751305199196745,0.590720304095197
0.01,1,0.3,0.6,0.6,0.1,0.2,"1",4542.0244140625,74.821,0.837965024110691,0.65147413677305
0.01,1,0.3,0.6,0.3,0.7,0.3,"1",4894.16943359375,80.302,0.796144830461347,0.639850288334144
0.01,1,0.3,0.6,0.5,0.9,0.4,"1",5230.900390625,84.946,0.752472533964412,0.58297616500515
0.155,0.8,0.01,0.4,0.7,0.4,0.2,"1",4304.42041015625,71.085,0.869299526650118,0.655455551373337
0.155,0.8,0.01,0.4,0.2,0.3,0.3,"1",4891.73095703125,80.653,0.788838444253718,0.635590539733229
0.155,0.8,0.01,0.4,0,0.6,0.4,"1",4885.84716796875,68.132,0.736778892110441,0.593387327265737
0.155,0.8,0.01,0.5,0.3,0.9,0.2,"1",4422.8486328125,74.564,0.862020451964218,0.635005332003414
0.155,0.8,0.01,0.5,0.2,0.6,0.3,"1",4984.05615234375,82.1,0.792234757424191,0.640393723982279
0.155,0.8,0.01,0.5,0.2,0.8,0.4,"1",5202.1806640625,84.34,0.756069542477496,0.591219881185248
0.155,0.8,0.01,0.6,0.9,0.9,0.2,"1",4302.4912109375,72.019,0.870926352797537,0.664342618136576
0.155,0.8,0.01,0.6,1,0,0.3,"1",4736.74267578125,80.906,0.825766160278216,0.64465993056626
0.155,0.8,0.01,0.6,0.6,0.6,0.4,"1",5109.9775390625,84.522,0.767505439754407,0.620933873836687
0.155,0.8,0.155,0.4,0.7,0.9,0.2,"1",4601.2509765625,76.047,0.831424620307586,0.64787491010024
0.155,0.8,0.155,0.4,0.3,0.1,0.3,"1",4996.82177734375,81.249,0.779169178128255,0.608476175240881
0.155,0.8,0.155,0.4,0.8,0.9,0.4,"1",5392.4208984375,87.668,0.721768771637234,0.592575589608838
0.155,0.8,0.155,0.5,0.4,0.7,0.2,"1",4607.09423828125,78.348,0.826620938252363,0.654801765539724
0.155,0.8,0.155,0.5,0.8,0.7,0.3,"1",5069.09765625,81.036,0.776434574024496,0.61911252051917
0.155,0.8,0.155,0.5,0.7,0.2,0.4,"1",5338.693359375,88.973,0.709495555449581,0.614690324259271
0.155,0.8,0.155,0.6,0.4,0.6,0.2,"1",4666.61572265625,85.072,0.826941055045691,0.621289058026057
0.155,0.8,0.155,0.6,1,0,0.3,"1",4951.3671875,80.645,0.782931819855045,0.658279356729911
0.155,0.8,0.155,0.6,0.7,0.5,0.4,"1",5397.02197265625,88.137,0.714456688306354,0.615904257444112
0.155,0.8,0.3,0.4,0.6,0.4,0.2,"1",4757.2822265625,77.511,0.821605720031484,0.627195134914658
0.155,0.8,0.3,0.4,0.3,0.7,0.3,"1",5084.23486328125,85.536,0.765855198454624,0.609479099805187
0.155,0.8,0.3,0.4,0.4,0.6,0.4,"1",5470.3681640625,93.634,0.692542692679638,0.597333615714903
0.155,0.8,0.3,0.5,0,0,0.2,"1",4536.59619140625,64.831,0.764808164456205,0.606278630868358
0.155,0.8,0.3,0.5,0.9,0.7,0.3,"1",4999.07666015625,83.572,0.767334156909631,0.656210274896869
0.155,0.8,0.3,0.5,0.3,0.2,0.4,"1",5370.716796875,87.992,0.716897320695897,0.612348678996164
0.155,0.8,0.3,0.6,0.3,0.1,0.2,"1",4553.0341796875,73.158,0.846333196119422,0.640807042922346
0.155,0.8,0.3,0.6,0.6,1,0.3,"1",4725.41845703125,78.426,0.770255206127777,0.628030372740518
0.155,0.8,0.3,0.6,0.1,0.5,0.4,"1",5344.93408203125,89.432,0.709055759750065,0.627779756652838
0.155,0.9,0.01,0.4,0.2,0.2,0.2,"1",4378.5859375,72.66,0.860651064965154,0.622531986490586
0.155,0.9,0.01,0.4,0.4,0.8,0.3,"1",4786.00341796875,78.193,0.803026098069246,0.646588318654602
0.155,0.9,0.01,0.4,0,0.4,0.4,"1",4499.94482421875,66.053,0.763337758993803,0.610368318137926
0.155,0.9,0.01,0.5,0.4,0.2,0.2,"1",4836.70654296875,80.579,0.808710780902489,0.639132997224429
0.155,0.9,0.01,0.5,0.5,0.4,0.3,"1",4955.4072265625,78.837,0.803870081437147,0.647789040728619
0.155,0.9,0.01,0.5,0.3,1,0.4,"1",4883.10693359375,80.589,0.767697916892067,0.594175952240743
0.155,0.9,0.01,0.6,0,0.4,0.2,"1",4116.61376953125,59.853,0.842211863395656,0.620601283425772
0.155,0.9,0.01,0.6,0.3,0.6,0.3,"1",4757.9521484375,77.157,0.811182404055297,0.639278111377429
0.155,0.9,0.01,0.6,0,0.1,0.4,"1",4556.205078125,64.039,0.770621297333638,0.613727541403373
0.155,0.9,0.155,0.4,0.3,0.3,0.2,"1",4636.8447265625,75.546,0.826539703683891,0.642867337778889
0.155,0.9,0.155,0.4,0.8,0.3,0.3,"1",4999.2587890625,81.712,0.783337580192434,0.649667471236099
0.155,0.9,0.155,0.4,0.3,0.5,0.4,"1",5396.94091796875,86.44,0.683063106467618,0.604765549565209
0.155,0.9,0.155,0.5,0.4,0.6,0.2,"1",4645.712890625,77.345,0.828134246019564,0.641448021919036
0.155,0.9,0.155,0.5,0.7,1,0.3,"1",4781.32177734375,80.593,0.774906602070272,0.635920699453841
0.155,0.9,0.155,0.5,0.1,0.2,0.4,"1",5322.5625,89.966,0.709619985035862,0.584875044479691
0.155,0.9,0.155,0.6,0.7,0.8,0.2,"1",4608.03662109375,76.296,0.824400896871028,0.669174807226811
0.155,0.9,0.155,0.6,0.7,0,0.3,"1",4969.59716796875,83.412,0.786772635488428,0.638556931744805
0.155,0.9,0.155,0.6,0.3,1,0.4,"1",5045.02099609375,86.501,0.72466676961721,0.630253551447605
0.155,0.9,0.3,0.4,0.6,0.3,0.2,"1",4892.47314453125,79.061,0.800804830726595,0.635414747822037
0.155,0.9,0.3,0.4,0.3,0.2,0.3,"1",5071.12109375,82.611,0.767622341870576,0.63722482967208
0.155,0.9,0.3,0.4,0.9,0,0.4,"1",5441.1162109375,89.082,0.707200922659932,0.598880550041036
0.155,0.9,0.3,0.5,0.8,0.8,0.2,"1",4763.55859375,76.747,0.815236270050422,0.650595966878469
0.155,0.9,0.3,0.5,0,0.9,0.3,"1",4605.955078125,67.434,0.729015218545947,0.617604167208813
0.155,0.9,0.3,0.5,0.8,0.6,0.4,"1",5339.44580078125,87.091,0.706733816976717,0.596018222250106
0.155,0.9,0.3,0.6,0.7,0.3,0.2,"1",4818.91943359375,78.492,0.790563109164232,0.666325896818757
0.155,0.9,0.3,0.6,0.3,0.1,0.3,"1",5133.9599609375,82.417,0.751146603906608,0.586960359645249
0.155,0.9,0.3,0.6,0.8,0,0.4,"1",5474.244140625,87.936,0.681150814240146,0.578004149654299
0.155,1,0.01,0.4,0.5,0.8,0.2,"1",4718.255859375,76.11,0.826655537296818,0.656584882232794
0.155,1,0.01,0.4,0.3,0.8,0.3,"1",4782.21826171875,86.774,0.811780519396135,0.616798689868276
0.155,1,0.01,0.4,0.2,0.9,0.4,"1",5043.470703125,83.609,0.767797575711193,0.626264248188268
0.155,1,0.01,0.5,0.1,0.3,0.2,"1",4416.36962890625,73.587,0.858205476279456,0.633679811099355
0.155,1,0.01,0.5,0.3,0.8,0.3,"1",4851.783203125,83.133,0.81225218029481,0.651770240096647
0.155,1,0.01,0.5,0.9,0.4,0.4,"1",5256.88427734375,85.684,0.755749225208663,0.632743984745796
0.155,1,0.01,0.6,0.1,0.2,0.2,"1",4289.6044921875,68.541,0.875961783779556,0.630233239830959
0.155,1,0.01,0.6,0.2,0.6,0.3,"1",4730.44189453125,81.264,0.822612227939957,0.642037056593749
0.155,1,0.01,0.6,1,0.2,0.4,"1",5163.1494140625,82.494,0.765839762000754,0.630230670745377
0.155,1,0.155,0.4,0.7,0.2,0.2,"1",4761.724609375,76.828,0.815128379071941,0.655312706380481
0.155,1,0.155,0.4,0.5,0.6,0.3,"1",5008.373046875,80.082,0.784589771885244,0.641536502003254
0.155,1,0.155,0.4,0.6,0.5,0.4,"1",5416.48193359375,89.972,0.686763924704098,0.618480152035139
0.155,1,0.155,0.5,0.9,1,0.2,"1",4452.03662109375,75.887,0.829717298184042,0.647428974074062
0.155,1,0.155,0.5,0.3,0.6,0.3,"1",5099.09814453125,85.64,0.760693893096378,0.639129599975188
0.155,1,0.155,0.5,0.4,0.6,0.4,"1",5453.52978515625,88.494,0.714695455174048,0.568326225237457
0.155,1,0.155,0.6,0.3,0,0.2,"1",4995.04638671875,80.841,0.782068476772225,0.632630266429286
0.155,1,0.155,0.6,0.6,0.1,0.3,"1",5037.08984375,83.199,0.775711431900708,0.593099375897223
0.155,1,0.155,0.6,0.7,0,0.4,"1",5366.26416015625,87.684,0.724891819857401,0.606748340778605
0.155,1,0.3,0.4,0.1,0.4,0.2,"1",4696.16455078125,78.192,0.822292894673157,0.658845850855122
0.155,1,0.3,0.4,0.5,0.1,0.3,"1",5027.955078125,82.02,0.767606227683554,0.632112569060033
0.155,1,0.3,0.4,0.8,0.6,0.4,"1",5302.8759765625,86.435,0.703466984616185,0.65150186511493
0.155,1,0.3,0.5,0.4,0.3,0.2,"1",5116.10498046875,86.881,0.750334544037032,0.598505089967419
0.155,1,0.3,0.5,1,0.3,0.3,"1",5028.1357421875,82.875,0.767560609650086,0.591994680935165
0.155,1,0.3,0.5,0.2,0.5,0.4,"1",5339.0966796875,100.928,0.739376481183326,0.583748597200217
0.155,1,0.3,0.6,1,0.7,0.2,"1",4695.03466796875,149.486,0.825505631511408,0.676550703517615
0.155,1,0.3,0.6,0.5,0.3,0.3,"1",5014.13916015625,82.231,0.774003839995815,0.609465162848581
0.155,1,0.3,0.6,0.6,0.2,0.4,"1",5394.1416015625,85.722,0.713656553852559,0.605758368415551
0.3,0.8,0.01,0.4,1,0.7,0.2,"1",4299.68505859375,71.012,0.87730226120652,0.606948648240475
0.3,0.8,0.01,0.4,0.9,0.3,0.3,"1",4861.470703125,80.435,0.818920986918317,0.632013534384059
0.3,0.8,0.01,0.4,0.9,1,0.4,"1",4945.634765625,80.371,0.765085178058262,0.586374917116605
0.3,0.8,0.01,0.5,0.9,0.4,0.2,"1",4346.66259765625,70.798,0.861283583059887,0.663366907771746
0.3,0.8,0.01,0.5,0.2,0.5,0.3,"1",4883.25048828125,79.86,0.802529941635128,0.598226453025046
0.3,0.8,0.01,0.5,0,0.3,0.4,"1",4658.04541015625,66.507,0.752465610704019,0.611941826703655
0.3,0.8,0.01,0.6,0.2,0.6,0.2,"1",4465.62890625,74.898,0.850739662111025,0.646849706744741
0.3,0.8,0.01,0.6,0.8,1,0.3,"1",4661.10009765625,76.676,0.8252845272241,0.670727807465339
0.3,0.8,0.01,0.6,0.6,0.9,0.4,"1",5108.626953125,87.984,0.768153766122808,0.629078140549262
0.3,0.8,0.155,0.4,0.7,0.9,0.2,"1",4918.8623046875,82.186,0.794449600311072,0.647460123884357
0.3,0.8,0.155,0.4,0.9,0.5,0.3,"1",5067.88623046875,177.433,0.768975400035198,0.601920285705186
0.3,0.8,0.155,0.4,0.1,0.1,0.4,"1",5433.40673828125,90.056,0.711191155138169,0.578891073247425
0.3,0.8,0.155,0.5,0.2,0.1,0.2,"1",4592.45263671875,78.359,0.838708439317269,0.655449085228497
0.3,0.8,0.155,0.5,0.6,0.6,0.3,"1",5083.5380859375,83.121,0.761365590320482,0.636880714246443
0.3,0.8,0.155,0.5,0.8,0.1,0.4,"1",5343.232421875,85.285,0.706318930014236,0.603806640022539
0.3,0.8,0.155,0.6,0.8,0.9,0.2,"1",4613.30322265625,76.126,0.836611452748607,0.659303152583737
0.3,0.8,0.155,0.6,1,0.5,0.3,"1",4986.408203125,175.766,0.77645493087255,0.628786104942861
0.3,0.8,0.155,0.6,0.4,0.8,0.4,"1",5330.22119140625,89.532,0.712198966087332,0.571837209079323
0.3,0.8,0.3,0.4,0,0.1,0.2,"1",4252.9677734375,61.028,0.813141402952963,0.616335384741715
0.3,0.8,0.3,0.4,0.3,1,0.3,"1",4657.890625,79.287,0.793575679751774,0.652220817273567
0.3,0.8,0.3,0.4,0.2,0.2,0.4,"1",5330.68212890625,87.511,0.701700781054145,0.607313715104636
0.3,0.8,0.3,0.5,0,0.2,0.2,"1",4323.39208984375,63.559,0.820734723660598,0.653181314074057
0.3,0.8,0.3,0.5,0.9,0.6,0.3,"1",5051.6884765625,84.659,0.767083110724584,0.626619556854531
0.3,0.8,0.3,0.5,0.2,1,0.4,"1",4955.876953125,83.108,0.721914978770605,0.626088932538208
0.3,0.8,0.3,0.6,0.7,0.2,0.2,"1",4682.22607421875,104.009,0.814888426620076,0.664588270161054
0.3,0.8,0.3,0.6,0.3,0.2,0.3,"1",4915.70458984375,84.157,0.784514575773086,0.620096117778609
0.3,0.8,0.3,0.6,0.2,0.3,0.4,"1",5558.51025390625,91.928,0.676986785595064,0.605612992888675
0.3,0.9,0.01,0.4,0.8,0.7,0.2,"1",4439.08837890625,89.534,0.86337450884394,0.638929070952728
0.3,0.9,0.01,0.4,0.3,0.7,0.3,"1",4794.14990234375,80.808,0.805544700554098,0.636751189730197
0.3,0.9,0.01,0.4,0.8,0.9,0.4,"1",5202.1845703125,86.567,0.744251633730816,0.630907084926693
0.3,0.9,0.01,0.5,0.5,1,0.2,"1",4005.37109375,70.378,0.878255957558374,0.615286387718719
0.3,0.9,0.01,0.5,0.4,0,0.3,"1",4830.962890625,97.474,0.806151536535334,0.657565210988058
0.3,0.9,0.01,0.5,0.3,0.8,0.4,"1",5142.40185546875,87.458,0.743421227391311,0.612708833468637
0.3,0.9,0.01,0.6,0.7,1,0.2,"1",4178.17578125,73.348,0.860188617921785,0.662084238570545
0.3,0.9,0.01,0.6,0.9,0.7,0.3,"1",4811.80078125,80.031,0.81521480376435,0.619682830273197
0.3,0.9,0.01,0.6,0.4,0.2,0.4,"1",5086.31396484375,82.259,0.797967729031173,0.637277397245961
0.3,0.9,0.155,0.4,0.1,0.2,0.2,"1",4853.3505859375,80.815,0.788540850146254,0.629600658026969
0.3,0.9,0.155,0.4,0.8,0.5,0.3,"1",5178.05908203125,85.999,0.755394487452851,0.615945523397303
0.3,0.9,0.155,0.4,0.6,0.3,0.4,"1",5339.814453125,86.911,0.717791812165315,0.639064088716689
0.3,0.9,0.155,0.5,0.2,0.7,0.2,"1",4753.798828125,78.364,0.800502341299307,0.632557650101075
0.3,0.9,0.155,0.5,0.4,0.6,0.3,"1",5016.56005859375,81.676,0.770612735376539,0.622916447126805
0.3,0.9,0.155,0.5,0.6,0.6,0.4,"1",5503.8759765625,91.119,0.699822595125727,0.614877843514352
0.3,0.9,0.155,0.6,0.8,0.8,0.2,"1",4636.7080078125,74.356,0.837154199660406,0.601980507287146
0.3,0.9,0.155,0.6,0.9,1,0.3,"1",4832.904296875,79,0.772800673403218,0.608141653072386
0.3,0.9,0.155,0.6,0.1,0.1,0.4,"1",5479.65576171875,92.455,0.720310780749444,0.578012670072027
0.3,0.9,0.3,0.4,0.6,0.4,0.2,"1",4544.44189453125,76.12,0.840630832699474,0.650286566104714
0.3,0.9,0.3,0.4,0,0,0.3,"1",4722.796875,68.33,0.735080122680551,0.603552929045789
0.3,0.9,0.3,0.4,0.5,0.2,0.4,"1",5388.8203125,85.882,0.707765982572113,0.61249734564952
0.3,0.9,0.3,0.5,0.4,1,0.2,"1",4632.49951171875,76.475,0.800678089810228,0.651409834659515
0.3,0.9,0.3,0.5,0.5,0,0.3,"1",5240.21435546875,85.028,0.721528935499319,0.624001278531862
0.3,0.9,0.3,0.5,0.6,1,0.4,"1",5141.681640625,86.07,0.700402463680935,0.623917591734621
0.3,0.9,0.3,0.6,0.5,1,0.2,"1",4695.09912109375,78.467,0.790041373257762,0.652884232786726
0.3,0.9,0.3,0.6,0.6,0.8,0.3,"1",5184.30517578125,85.472,0.755264676286126,0.633440285954139
0.3,0.9,0.3,0.6,0.1,0.5,0.4,"1",5379.8935546875,94.689,0.703060867154871,0.608526805458285
0.3,1,0.01,0.4,0.8,0.5,0.2,"1",4410.26904296875,73.423,0.854929728419319,0.64645183348668
0.3,1,0.01,0.4,0.8,0.7,0.3,"1",4799.3896484375,79.015,0.813395323497335,0.655064741508689
0.3,1,0.01,0.4,0.5,0.3,0.4,"1",5236.40966796875,90.208,0.763839568450242,0.627071565298867
0.3,1,0.01,0.5,0.9,1,0.2,"1",4235.7509765625,71.406,0.857393456741014,0.621430814191098
0.3,1,0.01,0.5,0.8,0.6,0.3,"1",4908.63720703125,82.059,0.800423965021529,0.615172520262567
0.3,1,0.01,0.5,1,0.3,0.4,"1",5079.3115234375,83.731,0.76234240842501,0.598738517962729
0.3,1,0.01,0.6,0.1,0.3,0.2,"1",4312.61376953125,73.606,0.864678591515276,0.645103090268798
0.3,1,0.01,0.6,0.6,0.9,0.3,"1",4744.0458984375,77.886,0.811676896950631,0.657137772555505
0.3,1,0.01,0.6,0.1,0,0.4,"1",5121.92041015625,81.847,0.764367275233083,0.629377531864744
0.3,1,0.155,0.4,0.3,0.7,0.2,"1",4559.30419921875,74.776,0.834417793558215,0.647502477068494
0.3,1,0.155,0.4,0.4,0.6,0.3,"1",5027.16357421875,98.952,0.773583720440354,0.605003667514324
0.3,1,0.155,0.4,0.4,0.7,0.4,"1",5362.22998046875,90.34,0.703745998501813,0.566984794869492
0.3,1,0.155,0.5,0.3,0.2,0.2,"1",4740.07080078125,77.726,0.823245883268712,0.628764667178989
0.3,1,0.155,0.5,0.1,0,0.3,"1",5124.17626953125,81.95,0.762630911305061,0.646263560115329
0.3,1,0.155,0.5,0.6,0.1,0.4,"1",5293.3388671875,88.352,0.729614120998683,0.568537987796833
0.3,1,0.155,0.6,0.6,0.6,0.2,"1",4491.73779296875,73.835,0.856872131127825,0.665115404195754
0.3,1,0.155,0.6,0.2,0.7,0.3,"1",4916.33984375,84.503,0.791621616118263,0.639673853229906
0.3,1,0.155,0.6,0.2,0.3,0.4,"1",5336.9443359375,87.182,0.703577079767973,0.568298591859973
0.3,1,0.3,0.4,0.7,0.8,0.2,"1",4576.806640625,73.983,0.840364293090034,0.648684334495822
0.3,1,0.3,0.4,0.3,0,0.3,"1",5063.52685546875,83.656,0.768201306418227,0.659760895402946
0.3,1,0.3,0.4,0,0.9,0.4,"1",4833.75,70.097,0.699105625568969,0.617902828538485
0.3,1,0.3,0.5,0.2,0.5,0.2,"1",4674.87109375,76.33,0.823282700016266,0.661893081343209
0.3,1,0.3,0.5,0.1,0.8,0.3,"1",5008.9443359375,83.452,0.782339980671078,0.648022336272549
0.3,1,0.3,0.5,0.1,0.6,0.4,"1",5382.55078125,86.794,0.704199833825426,0.616888145442067
0.3,1,0.3,0.6,0.1,0.8,0.2,"1",4581.3515625,77.656,0.832072692938403,0.643869614497545
0.3,1,0.3,0.6,0.3,0.7,0.3,"1",5238.3623046875,86.332,0.742366870141176,0.608912692285454
0.3,1,0.3,0.6,0.2,1,0.4,"1",5108.21728515625,84.173,0.686233348102873,0.590918110929833
0.01,0.8,0.01,0.4,0.1,0.9,0.2,"2",4439.91357421875,74.03,0.847795911324227,0.63992736891554
0.01,0.8,0.01,0.4,0.5,0,0.3,"2",4903.8603515625,79.233,0.809398763633574,0.607237852411552
0.01,0.8,0.01,0.4,0.4,0.9,0.4,"2",5489.3173828125,93.003,0.714778736683364,0.573162991850119
0.01,0.8,0.01,0.5,0.6,0,0.2,"2",4586.142578125,73.508,0.854516864781896,0.650552876049466
0.01,0.8,0.01,0.5,0.1,0.4,0.3,"2",4936.12060546875,83.378,0.794800512614003,0.625582409878019
0.01,0.8,0.01,0.5,0.7,0.3,0.4,"2",5286.2216796875,85.328,0.759712156890486,0.591341064625911
0.01,0.8,0.01,0.6,1,0.3,0.2,"2",4642.65966796875,76.293,0.832710621361736,0.641103021453618
0.01,0.8,0.01,0.6,0.7,0.1,0.3,"2",4996.146484375,77.696,0.793498678873737,0.664991105993877
0.01,0.8,0.01,0.6,0.9,0.7,0.4,"2",5189.79248046875,84.342,0.759932905534503,0.626961175566248
0.01,0.8,0.155,0.4,0.3,0.1,0.2,"2",4947.7529296875,81.482,0.797031458264288,0.635466380458921
0.01,0.8,0.155,0.4,0.5,1,0.3,"2",5006.966796875,82.599,0.734807760648122,0.590285232196997
0.01,0.8,0.155,0.4,1,0.6,0.4,"2",5451.703125,88.215,0.70503411520772,0.608455092947847
0.01,0.8,0.155,0.5,0.5,1,0.2,"2",4647.2724609375,78.315,0.803612888401572,0.637595471234112
0.01,0.8,0.155,0.5,0,0.8,0.3,"2",4858.447265625,69.37,0.716655355693006,0.558297120946844
0.01,0.8,0.155,0.5,0.1,0.7,0.4,"2",5519.404296875,89.498,0.702980345514123,0.631918131775868
0.01,0.8,0.155,0.6,0,0.1,0.2,"2",4589.072265625,65.746,0.751652336329441,0.624278994169766
0.01,0.8,0.155,0.6,0.3,0.7,0.3,"2",5138.2451171875,86.478,0.763313567449206,0.622465736680357
0.01,0.8,0.155,0.6,0.5,0.6,0.4,"2",5397.9228515625,87.948,0.711372483964671,0.612781563677237
0.01,0.8,0.3,0.4,1,0.6,0.2,"2",4853.5791015625,78.075,0.806084693263962,0.62538309726529
0.01,0.8,0.3,0.4,0.1,0.1,0.3,"2",5191.203125,82.403,0.761164590636336,0.642153129640875
0.01,0.8,0.3,0.4,0.1,0.5,0.4,"2",5607.9033203125,90.408,0.672510968723752,0.58247087408266
0.01,0.8,0.3,0.5,0.8,0.3,0.2,"2",4844.38037109375,80.472,0.804483390103195,0.628976189518069
0.01,0.8,0.3,0.5,1,0,0.3,"2",5088.34716796875,82.904,0.75438496742439,0.631615678691553
0.01,0.8,0.3,0.5,0.5,0.5,0.4,"2",5531.1474609375,87.393,0.709903999517463,0.572137088248022
0.01,0.8,0.3,0.6,0.8,1,0.2,"2",4752.18896484375,80.515,0.798960828965466,0.610287712252226
0.01,0.8,0.3,0.6,1,0.8,0.3,"2",5215.1552734375,84.198,0.750983493786778,0.618222759408821
0.01,0.8,0.3,0.6,0.9,0.1,0.4,"2",5527.71728515625,90.667,0.678459474130589,0.60023748190255
0.01,0.9,0.01,0.4,0.8,1,0.2,"2",4514.36474609375,74.543,0.831105782577048,0.611273455831214
0.01,0.9,0.01,0.4,0.2,0,0.3,"2",5015.9560546875,79.963,0.799729939373646,0.616904307901218
0.01,0.9,0.01,0.4,0.4,0.7,0.4,"2",5199.67333984375,84.22,0.769413650738198,0.61251967387464
0.01,0.9,0.01,0.5,0,0,0.2,"2",4281.32373046875,62.079,0.813108529833091,0.655711280585002
0.01,0.9,0.01,0.5,0,0.3,0.3,"2",4456.31298828125,65.679,0.778158500242923,0.652545623758326
0.01,0.9,0.01,0.5,0.9,0.4,0.4,"2",5200.97216796875,83.703,0.775235906068295,0.638076950913694
0.01,0.9,0.01,0.6,0,0.1,0.2,"2",4461.7822265625,63.834,0.78294745613887,0.644944736458483
0.01,0.9,0.01,0.6,0.1,0.4,0.3,"2",4956.978515625,80.332,0.802902684941759,0.631658185460935
0.01,0.9,0.01,0.6,0.6,0.4,0.4,"2",5166.2470703125,83.41,0.767948328981877,0.62397720467307
0.01,0.9,0.155,0.4,0.9,1,0.2,"2",4639.89453125,76.974,0.801987408926335,0.65574861507726
0.01,0.9,0.155,0.4,0,0,0.3,"2",4937.90869140625,70.391,0.68711024063429,0.62528823647856
0.01,0.9,0.155,0.4,0.4,0.5,0.4,"2",5503.79541015625,86.966,0.698940252466764,0.613068207486366
0.01,0.9,0.155,0.5,0,0.2,0.2,"2",4612.0126953125,65.171,0.745408156876543,0.580865923726111
0.01,0.9,0.155,0.5,0.7,0.1,0.3,"2",5101.13232421875,83.648,0.774503795089977,0.611263732912284
0.01,0.9,0.155,0.5,1,0.8,0.4,"2",5445.91796875,88.258,0.719471736990298,0.617645887234549
0.01,0.9,0.155,0.6,0.3,0.3,0.2,"2",4937.1376953125,80.286,0.800699847713722,0.622649093135559
0.01,0.9,0.155,0.6,0.5,0.3,0.3,"2",5053.51953125,84.199,0.772294012569124,0.626892749805687
0.01,0.9,0.155,0.6,0.7,0.4,0.4,"2",5405.62744140625,87.738,0.695726781606364,0.585424304548345
0.01,0.9,0.3,0.4,1,0.8,0.2,"2",4870.080078125,79.789,0.80778061673048,0.629299412116175
0.01,0.9,0.3,0.4,1,0.9,0.3,"2",5269.5166015625,84.946,0.734329741552906,0.613208921300354
0.01,0.9,0.3,0.4,0.6,0.4,0.4,"2",5484.0830078125,86.601,0.684890700974722,0.587635775901974
0.01,0.9,0.3,0.5,0.4,0.9,0.2,"2",4824.96923828125,77.269,0.807667088713968,0.598248570010079
0.01,0.9,0.3,0.5,0.3,0.6,0.3,"2",5195.3310546875,82.353,0.770631211051674,0.618385554583871
0.01,0.9,0.3,0.5,0.5,0.1,0.4,"2",5543.634765625,89.944,0.675272052421922,0.58138698327264
0.01,0.9,0.3,0.6,0.1,0.6,0.2,"2",5012.541015625,80.74,0.800319977130179,0.643591858474638
0.01,0.9,0.3,0.6,0.4,0,0.3,"2",5137.1728515625,82.666,0.766260072959544,0.601015979517152
0.01,0.9,0.3,0.6,0,0.1,0.4,"2",5096.9794921875,69.725,0.646334015923025,0.563466722863036
0.01,1,0.01,0.4,0.2,0,0.2,"2",4668.060546875,73.826,0.842678302160751,0.663550910603873
0.01,1,0.01,0.4,0.9,0.9,0.3,"2",4873.7998046875,78.924,0.811072106951497,0.595523281835622
0.01,1,0.01,0.4,0.5,0,0.4,"2",5176.224609375,84.226,0.763869231044144,0.622571828096125
0.01,1,0.01,0.5,0.6,0.5,0.2,"2",4572.6044921875,72.671,0.85790575238317,0.647153403415126
0.01,1,0.01,0.5,0.2,1,0.3,"2",4604.18701171875,76.437,0.805254975717347,0.606447776947564
0.01,1,0.01,0.5,0.1,0.3,0.4,"2",5178.92138671875,94.307,0.763837983466924,0.596905986505837
0.01,1,0.01,0.6,0.1,0,0.2,"2",4499.4443359375,73.656,0.863811677815458,0.643484570728283
0.01,1,0.01,0.6,0.4,0.3,0.3,"2",4847.8349609375,78.001,0.804403828370301,0.643932332192136
0.01,1,0.01,0.6,0.3,0.6,0.4,"2",5166.18359375,82.85,0.762757660785093,0.606274404075448
0.01,1,0.155,0.4,0.4,0,0.2,"2",4893.38134765625,78.232,0.813365508799522,0.618129536348846
0.01,1,0.155,0.4,0.1,0.4,0.3,"2",5173.40576171875,84.38,0.754738009499455,0.653600259186363
0.01,1,0.155,0.4,0.8,0.3,0.4,"2",5472.03125,88.478,0.696804556084336,0.591261705500303
0.01,1,0.155,0.5,0.2,1,0.2,"2",4487.79638671875,75.246,0.819911168236819,0.629854537039639
0.01,1,0.155,0.5,0.8,0.5,0.3,"2",5072.337890625,83.134,0.776547039878826,0.619406940526399
0.01,1,0.155,0.5,0.6,0.3,0.4,"2",5509.20068359375,89.333,0.691237736867086,0.619549326675819
0.01,1,0.155,0.6,0.3,0.2,0.2,"2",4807.359375,78.294,0.820912203636134,0.643439696068905
0.01,1,0.155,0.6,0,0.4,0.3,"2",4860.1455078125,67.099,0.713616498557458,0.582688302114986
0.01,1,0.155,0.6,0.5,0.7,0.4,"2",5472.74609375,88.45,0.715130426051503,0.624613106199317
0.01,1,0.3,0.4,0,0.1,0.2,"2",4740.89990234375,66.177,0.727995760813834,0.627224827759781
0.01,1,0.3,0.4,0.1,0.9,0.3,"2",4923.38916015625,82.4,0.748879214261055,0.641375374609603
0.01,1,0.3,0.4,0.8,1,0.4,"2",5251.4521484375,85.593,0.672304364965284,0.606975582672514
0.01,1,0.3,0.5,0.8,0.5,0.2,"2",4858.95166015625,77.197,0.7968695971486,0.624954392959508
0.01,1,0.3,0.5,0.5,0.2,0.3,"2",5269.29296875,83.478,0.733943182988063,0.619812003320635
0.01,1,0.3,0.5,1,0.7,0.4,"2",5429.259765625,155.606,0.728962599572239,0.627757330762446
0.01,1,0.3,0.6,0.4,0.8,0.2,"2",4817.20654296875,78.203,0.813402928934925,0.620497567007051
0.01,1,0.3,0.6,0.1,0.4,0.3,"2",5124.5546875,81.795,0.762957484627594,0.644697052536993
0.01,1,0.3,0.6,0.8,0.8,0.4,"2",5478.7373046875,89.962,0.68730143269588,0.625716655329294
0.155,0.8,0.01,0.4,0,0,0.2,"2",4296.98095703125,62.219,0.799659116311737,0.630734554728054
0.155,0.8,0.01,0.4,0,0.3,0.3,"2",4570.11328125,65.014,0.758717654778879,0.62252748948188
0.155,0.8,0.01,0.4,0,0.1,0.4,"2",4725.9853515625,67.78,0.744247731000875,0.60337540127928
0.155,0.8,0.01,0.5,0.5,1,0.2,"2",4405.2490234375,73.057,0.845392550571807,0.645018035852168
0.155,0.8,0.01,0.5,0.2,1,0.3,"2",4674.61279296875,75.082,0.786424493313674,0.629606460919334
0.155,0.8,0.01,0.5,0.7,0.6,0.4,"2",5254.6982421875,84.65,0.741645212633498,0.585845985540146
0.155,0.8,0.01,0.6,0.3,0.5,0.2,"2",4555.1259765625,74.684,0.854440236276061,0.62411700803538
0.155,0.8,0.01,0.6,0.6,0.3,0.3,"2",4944.6728515625,79.267,0.801490322657058,0.631969508775775
0.155,0.8,0.01,0.6,0,0.6,0.4,"2",4838.60546875,66.272,0.745102667812889,0.602894865151898
0.155,0.8,0.155,0.4,0.7,0.5,0.2,"2",4821.62158203125,78.943,0.820783393658156,0.652344429009231
0.155,0.8,0.155,0.4,0.4,0.4,0.3,"2",5285.5966796875,112.985,0.737029894837532,0.602801888206833
0.155,0.8,0.155,0.4,0.9,0.7,0.4,"2",5666.6826171875,91.476,0.664431440797219,0.562517592247984
0.155,0.8,0.155,0.5,0.7,0.8,0.2,"2",4896.357421875,111.068,0.806545918366188,0.615936651027764
0.155,0.8,0.155,0.5,1,0.5,0.3,"2",5211.05712890625,84.002,0.749025291463034,0.619884784944461
0.155,0.8,0.155,0.5,0.2,0.6,0.4,"2",5493.19677734375,90.312,0.706481919795242,0.587183631822379
0.155,0.8,0.155,0.6,0.8,0.5,0.2,"2",4807.21435546875,79.502,0.811968941914325,0.664951877280309
0.155,0.8,0.155,0.6,0.4,0.8,0.3,"2",5222.07861328125,87.928,0.745501328476342,0.585197964964056
0.155,0.8,0.155,0.6,0.7,1,0.4,"2",5214.0537109375,85.569,0.684128332866566,0.592670593867312
0.155,0.8,0.3,0.4,0.3,0.3,0.2,"2",4955.3740234375,78.503,0.795334958553491,0.644164733016502
0.155,0.8,0.3,0.4,0.2,0.5,0.3,"2",5258.6748046875,85.601,0.739540867933651,0.623113572473121
0.155,0.8,0.3,0.4,0.7,0.9,0.4,"2",5552.1884765625,89.994,0.656838380990606,0.565540498780056
0.155,0.8,0.3,0.5,0.7,0,0.2,"2",5007.8916015625,169.642,0.78011320006991,0.636056446217891
0.155,0.8,0.3,0.5,1,1,0.3,"2",5216.35498046875,85.324,0.698368921697466,0.616107931686576
0.155,0.8,0.3,0.5,0.4,0.5,0.4,"2",5734.7373046875,89.343,0.640710983521326,0.588738695215144
0.155,0.8,0.3,0.6,0.3,1,0.2,"2",4577.1689453125,76.563,0.806465437470872,0.636348697815556
0.155,0.8,0.3,0.6,0.6,0.1,0.3,"2",5261.8466796875,84.34,0.7444657028107,0.637867149249822
0.155,0.8,0.3,0.6,0.1,0.3,0.4,"2",5564.4033203125,95.552,0.686578283118652,0.58446520211972
0.155,0.9,0.01,0.4,0.2,0.6,0.2,"2",4820.0712890625,75.793,0.815403071626568,0.63829614790186
0.155,0.9,0.01,0.4,0.6,0.9,0.3,"2",5198.49267578125,84.488,0.756975071984135,0.588203303398316
0.155,0.9,0.01,0.4,0.6,0,0.4,"2",5270.4873046875,83.475,0.755659853385134,0.58984343649625
0.155,0.9,0.01,0.5,0.2,0.3,0.2,"2",4679.07470703125,74.404,0.840435534174851,0.668498059339385
0.155,0.9,0.01,0.5,0.8,0.5,0.3,"2",5045.27783203125,82.913,0.781554916625052,0.598276658810546
0.155,0.9,0.01,0.5,0.7,0.6,0.4,"2",5285.904296875,84.931,0.747628321998157,0.606495333587192
0.155,0.9,0.01,0.6,0.2,0.1,0.2,"2",4634.1015625,72.781,0.844289814429726,0.678502238847241
0.155,0.9,0.01,0.6,0.6,0.7,0.3,"2",4962.1796875,80.143,0.80473375580648,0.656484719497294
0.155,0.9,0.01,0.6,0.5,0.5,0.4,"2",5333.1005859375,87.393,0.723520589747644,0.574527839290734
0.155,0.9,0.155,0.4,0.4,1,0.2,"2",4610.35205078125,75.427,0.794438738272131,0.637566102435028
0.155,0.9,0.155,0.4,0.6,0.6,0.3,"2",5245.61083984375,84.209,0.737962554594596,0.635249049618721
0.155,0.9,0.155,0.4,0.8,0.6,0.4,"2",5609.1181640625,90.791,0.696260128157825,0.598347202275165
0.155,0.9,0.155,0.5,0,0.4,0.2,"2",4558.54736328125,64.25,0.775660259690593,0.623788998685631
0.155,0.9,0.155,0.5,0.3,0.7,0.3,"2",5268.2431640625,86.086,0.734280987912073,0.618763964517375
0.155,0.9,0.155,0.5,0.1,0.2,0.4,"2",5666.1953125,90.916,0.664392930075249,0.579853597962613
0.155,0.9,0.155,0.6,0.6,0.3,0.2,"2",4867.38134765625,77.866,0.812363432871866,0.648249574460146
0.155,0.9,0.155,0.6,0.2,0.7,0.3,"2",5230.0439453125,83.657,0.75377695774415,0.613054040935541
0.155,0.9,0.155,0.6,0.1,0,0.4,"2",5512.486328125,89.872,0.701715409275291,0.564269416723594
0.155,0.9,0.3,0.4,0.2,0.5,0.2,"2",4826.17138671875,77.824,0.816574963061437,0.656088606481296
0.155,0.9,0.3,0.4,0.4,0.7,0.3,"2",5246.7626953125,82.475,0.752601673381392,0.603348261235623
0.155,0.9,0.3,0.4,1,0.6,0.4,"2",5646.12060546875,90.096,0.671366942006225,0.574068682631662
0.155,0.9,0.3,0.5,0.6,0.1,0.2,"2",5053.638671875,81.572,0.774917544270855,0.600367745749246
0.155,0.9,0.3,0.5,1,0,0.3,"2",5286.88427734375,85.605,0.746317316533351,0.630974977431712
0.155,0.9,0.3,0.5,0.8,0.5,0.4,"2",5566.4052734375,88.034,0.676009111174941,0.581662174241565
0.155,0.9,0.3,0.6,0.3,1,0.2,"2",4734.14013671875,77.79,0.786963368260502,0.649955502871903
0.155,0.9,0.3,0.6,0.1,0.7,0.3,"2",5423.83935546875,88.038,0.700114474533538,0.566079431347441
0.155,0.9,0.3,0.6,0.3,0.4,0.4,"2",5564.12646484375,88.483,0.672092198985083,0.589189253505643
0.155,1,0.01,0.4,0.8,1,0.2,"2",4690.369140625,77.106,0.812080702879457,0.648274222738204
0.155,1,0.01,0.4,0.7,0.4,0.3,"2",5058.875,96.079,0.788817127520494,0.639980612240842
0.155,1,0.01,0.4,0.8,0.2,0.4,"2",5244.60791015625,84.168,0.77503502034964,0.574424427913345
0.155,1,0.01,0.5,0.6,0.1,0.2,"2",4765.4013671875,76.064,0.826966841394617,0.633387280266543
0.155,1,0.01,0.5,0.9,0.7,0.3,"2",5044.92431640625,154,0.788752427363479,0.623555695551646
0.155,1,0.01,0.5,0.9,0.7,0.4,"2",5331.8916015625,88.166,0.742892980757907,0.601450857050814
0.155,1,0.01,0.6,0.4,1,0.2,"2",4461.43505859375,72.495,0.831832077643326,0.645121293545739
0.155,1,0.01,0.6,0.9,0.1,0.3,"2",5011.80322265625,79.848,0.795959466181542,0.63242071099861
0.155,1,0.01,0.6,0.6,0.7,0.4,"2",5219.79248046875,83.654,0.756629403573921,0.587325077830193
0.155,1,0.155,0.4,0,0.2,0.2,"2",4586.06982421875,64.848,0.773719768619992,0.594345902964296
0.155,1,0.155,0.4,1,0.4,0.3,"2",5178.3154296875,114.51,0.770489094170322,0.606658174696858
0.155,1,0.155,0.4,0.8,0.9,0.4,"2",5539.12255859375,89.092,0.695273376178151,0.555940471407756
0.155,1,0.155,0.5,0,0.3,0.2,"2",4535.15771484375,64.876,0.785549353278563,0.61485710362149
0.155,1,0.155,0.5,0,0.8,0.3,"2",4896.4150390625,68.882,0.670100440761737,0.566648354782946
0.155,1,0.155,0.5,0.1,0.7,0.4,"2",5523.626953125,89.171,0.692836774780442,0.613065298524058
0.155,1,0.155,0.6,0,0.3,0.2,"2",4506.69873046875,66.519,0.754417563886731,0.614735161944241
0.155,1,0.155,0.6,1,0.9,0.3,"2",5172.88720703125,81.528,0.776269052402631,0.6570853886018
0.155,1,0.155,0.6,0.4,0.1,0.4,"2",5429.85693359375,90.816,0.667344172977065,0.589546514866208
0.155,1,0.3,0.4,0.3,0,0.2,"2",5057.7333984375,81.613,0.784894270918156,0.591322282139098
0.155,1,0.3,0.4,0.1,0.2,0.3,"2",5189.97900390625,83.001,0.744534508646164,0.643014374364545
0.155,1,0.3,0.4,0.9,0,0.4,"2",5704.9345703125,91.576,0.644742437861076,0.570104737744337
0.155,1,0.3,0.5,0.7,0.9,0.2,"2",4885.39111328125,76.389,0.803112873918149,0.63932718915269
0.155,1,0.3,0.5,0.9,0.5,0.3,"2",5308.0966796875,85.986,0.717958329451667,0.647491490208349
0.155,1,0.3,0.5,0,0.2,0.4,"2",5047.34912109375,70.984,0.669638463246588,0.621386467267222
0.155,1,0.3,0.6,0.7,0.6,0.2,"2",4935.10400390625,82.219,0.798091391726174,0.642580858821801
0.155,1,0.3,0.6,1,0.2,0.3,"2",5180.26025390625,84.298,0.748646007039833,0.636658608177683
0.155,1,0.3,0.6,0,0.1,0.4,"2",5170.5126953125,72.339,0.647333200650461,0.57017219818797
0.3,0.8,0.01,0.4,0.8,0,0.2,"2",4702.8369140625,77.128,0.839697115601801,0.663719357570061
0.3,0.8,0.01,0.4,0.9,1,0.3,"2",4796.3427734375,79.795,0.781493016225348,0.618442110997524
0.3,0.8,0.01,0.4,0.6,0.2,0.4,"2",5247.17822265625,82.916,0.742166447480597,0.601979591601288
0.3,0.8,0.01,0.5,0.2,0.2,0.2,"2",4809.794921875,77.97,0.823265132222368,0.612870767616079
0.3,0.8,0.01,0.5,0,0.6,0.3,"2",4490.484375,66.221,0.75974944013992,0.616029373893291
0.3,0.8,0.01,0.5,0.7,1,0.4,"2",5055.4169921875,84.065,0.751618794706968,0.626964910326483
0.3,0.8,0.01,0.6,0.2,0.1,0.2,"2",4581.10693359375,73.583,0.841872538376135,0.650630936112607
0.3,0.8,0.01,0.6,0.7,0.5,0.3,"2",5005.61328125,82.148,0.799952178855069,0.64597724052967
0.3,0.8,0.01,0.6,0.5,0.8,0.4,"2",5274.69970703125,86.182,0.75737081881588,0.594688254520416
0.3,0.8,0.155,0.4,0.6,0,0.2,"2",4970.71875,79.815,0.785875251515811,0.667316565258807
0.3,0.8,0.155,0.4,0.8,1,0.3,"2",5029.03271484375,83.783,0.744808014201069,0.609312481706983
0.3,0.8,0.155,0.4,0.3,0.9,0.4,"2",5535.96484375,89.843,0.66942388579105,0.60922070156565
0.3,0.8,0.155,0.5,1,0.9,0.2,"2",5016.796875,81.11,0.795022208457601,0.656032200666152
0.3,0.8,0.155,0.5,0.4,0.4,0.3,"2",5209.3427734375,83.904,0.762914921025796,0.616952803617872
0.3,0.8,0.155,0.5,0.4,0.8,0.4,"2",5458.8955078125,88.655,0.690578679340046,0.587694276177865
0.3,0.8,0.155,0.6,1,0.1,0.2,"2",4837.79296875,77.434,0.815010616449539,0.657505174386568
0.3,0.8,0.155,0.6,0,0.6,0.3,"2",4832.22216796875,67.774,0.725441604449557,0.630898269048844
0.3,0.8,0.155,0.6,1,0.7,0.4,"2",5590.4052734375,91.775,0.698249608487165,0.620549492403179
0.3,0.8,0.3,0.4,0.6,0.8,0.2,"2",4912.3837890625,77.699,0.810890102952857,0.652673879966612
0.3,0.8,0.3,0.4,0.1,0.4,0.3,"2",5200.0078125,97.268,0.738392453796272,0.656378108330367
0.3,0.8,0.3,0.4,0.4,0,0.4,"2",5647.4560546875,90.013,0.653478082898411,0.57862358754409
0.3,0.8,0.3,0.5,1,0.6,0.2,"2",5021.97412109375,80.021,0.7839484943677,0.643085101193051
0.3,0.8,0.3,0.5,0.1,0.5,0.3,"2",5263.3857421875,82.629,0.736228698248661,0.57070026668652
0.3,0.8,0.3,0.5,1,0.9,0.4,"2",5531.267578125,89.793,0.687719564519745,0.582500035899972
0.3,0.8,0.3,0.6,0.4,0.7,0.2,"2",4966.091796875,81.756,0.791363836116208,0.632796949151382
0.3,0.8,0.3,0.6,0.4,0,0.3,"2",5324.44970703125,83.923,0.717794736052987,0.612449163195114
0.3,0.8,0.3,0.6,0,0.1,0.4,"2",5165.73291015625,71.249,0.636866377182118,0.589607144280525
0.3,0.9,0.01,0.4,1,0.5,0.2,"2",4662.013671875,74.177,0.833263909201835,0.630989862060834
0.3,0.9,0.01,0.4,0.1,0.9,0.3,"2",4705.46435546875,80.085,0.785868420098273,0.6147306660494
0.3,0.9,0.01,0.4,0.6,0.6,0.4,"2",5275.39208984375,86.929,0.745432520023247,0.589551734359386
0.3,0.9,0.01,0.5,0.8,1,0.2,"2",4454.70703125,74.982,0.84321645160077,0.654932568359145
0.3,0.9,0.01,0.5,0.7,0.7,0.3,"2",5013.27587890625,81.241,0.794613705108637,0.634983199246839
0.3,0.9,0.01,0.5,1,0.4,0.4,"2",5417.8359375,84.848,0.732115241916803,0.605112139703465
0.3,0.9,0.01,0.6,0.6,0.5,0.2,"2",4618.3310546875,155.747,0.849288930188818,0.65783388024703
0.3,0.9,0.01,0.6,0.3,0,0.3,"2",5045.55029296875,125.62,0.797001282249224,0.648530467215996
0.3,0.9,0.01,0.6,0.8,0.7,0.4,"2",5299.81787109375,83.787,0.74709431352737,0.587046731310904
0.3,0.9,0.155,0.4,0.9,0.7,0.2,"2",4946.21337890625,77.402,0.80397637082242,0.642344157472568
0.3,0.9,0.155,0.4,0.9,0.8,0.3,"2",5241.275390625,85.357,0.733836327589239,0.614838371150178
0.3,0.9,0.155,0.4,0.4,0.1,0.4,"2",5650.55859375,89.028,0.672361051271426,0.545446295893333
0.3,0.9,0.155,0.5,0.1,0,0.2,"2",4736.5263671875,93.883,0.824608396417645,0.635234170016779
0.3,0.9,0.155,0.5,0,0.5,0.3,"2",4878.13134765625,67.025,0.713362884172407,0.630980977241634
0.3,0.9,0.155,0.5,0.2,0.5,0.4,"2",5559.7802734375,90.032,0.673063326943829,0.579452883441588
0.3,0.9,0.155,0.6,0.2,0.9,0.2,"2",4855.33349609375,76.533,0.81680647876899,0.651252408344
0.3,0.9,0.155,0.6,0.3,0.3,0.3,"2",5266.439453125,86.084,0.733416207871399,0.586921796076741
0.3,0.9,0.155,0.6,0.2,1,0.4,"2",5201.97607421875,85.223,0.659753859887237,0.570297684834663
0.3,0.9,0.3,0.4,0.7,0.7,0.2,"2",4866.97265625,78.969,0.788847155562768,0.648651865711488
0.3,0.9,0.3,0.4,0.9,0.9,0.3,"2",5412.48486328125,85.103,0.708089490832567,0.624659196716422
0.3,0.9,0.3,0.4,0.6,0.2,0.4,"2",5549.8955078125,94.776,0.673090682840786,0.582750294781944
0.3,0.9,0.3,0.5,0.5,0.7,0.2,"2",4870.52001953125,117.505,0.802227960797242,0.639344643468684
0.3,0.9,0.3,0.5,0.5,0.6,0.3,"2",5156.65185546875,84.847,0.744916516219131,0.629983020929845
0.3,0.9,0.3,0.5,1,0.7,0.4,"2",5581.875,90.882,0.66150086594918,0.569700633248694
0.3,0.9,0.3,0.6,0.1,0.7,0.2,"2",4849.01904296875,77.105,0.822970893088668,0.666258440534868
0.3,0.9,0.3,0.6,0.8,0,0.3,"2",5206.87451171875,83.084,0.746191528654022,0.65498288577759
0.3,0.9,0.3,0.6,0.2,0.5,0.4,"2",5797.2451171875,89.246,0.628609550981541,0.539898786426387
0.3,1,0.01,0.4,0.5,0.3,0.2,"2",4574.70263671875,75.587,0.85083491925294,0.670216077515204
0.3,1,0.01,0.4,0.9,0.5,0.3,"2",4959.6962890625,79.767,0.799739441052584,0.631130818421419
0.3,1,0.01,0.4,0.1,0.3,0.4,"2",5260.85888671875,92.828,0.74998981124942,0.569868622761312
0.3,1,0.01,0.5,1,0.7,0.2,"2",4534.9853515625,73.474,0.849648504258495,0.646875959826461
0.3,1,0.01,0.5,0.2,0.1,0.3,"2",4948.8173828125,79.56,0.801788550309654,0.610962789105372
0.3,1,0.01,0.5,1,0.2,0.4,"2",5285.3779296875,84.55,0.736069134850309,0.614404228885793
0.3,1,0.01,0.6,0.7,0,0.2,"2",4701.1064453125,76.194,0.831188089674623,0.635044022986265
0.3,1,0.01,0.6,0.3,0.7,0.3,"2",5028.7158203125,81.097,0.799961620560082,0.644832407181086
0.3,1,0.01,0.6,0.6,0.5,0.4,"2",5305.853515625,84.204,0.744616417207755,0.597491135210658
0.3,1,0.155,0.4,1,0.3,0.2,"2",4806.6142578125,77.9,0.804915426349927,0.659113512253431
0.3,1,0.155,0.4,0.1,1,0.3,"2",4856.08935546875,79.246,0.739057559124733,0.616616290785089
0.3,1,0.155,0.4,1,0.5,0.4,"2",5572.28369140625,90.842,0.679879018456714,0.604509499747671
0.3,1,0.155,0.5,0,0,0.2,"2",4589.46826171875,64.307,0.747994803086497,0.62593308709304
0.3,1,0.155,0.5,0.3,0,0.3,"2",5189.05859375,86.581,0.766145167270985,0.605371452179849
0.3,1,0.155,0.5,0.2,0.9,0.4,"2",5360.24462890625,90.391,0.689030820778064,0.581348372133219
0.3,1,0.155,0.6,0.4,0.6,0.2,"2",4846.1640625,76.839,0.813788409179216,0.66436448270794
0.3,1,0.155,0.6,0.3,0.4,0.3,"2",5165.99267578125,83.672,0.754320259535032,0.627067965050169
0.3,1,0.155,0.6,0.7,0.5,0.4,"2",5521.3330078125,94.717,0.674580538726112,0.595163680963979
0.3,1,0.3,0.4,0.9,0.4,0.2,"2",5109.27197265625,82.673,0.768395297188537,0.61183816828478
0.3,1,0.3,0.4,0.7,0.4,0.3,"2",5263.232421875,82.011,0.736460773908099,0.631518106510647
0.3,1,0.3,0.4,0,0.7,0.4,"2",5004.021484375,70.149,0.686469143523191,0.588665455132314
0.3,1,0.3,0.5,0.7,1,0.2,"2",4730.771484375,77.544,0.789936598327481,0.621316834707713
0.3,1,0.3,0.5,1,0.3,0.3,"2",5254.70458984375,84.055,0.73766732900849,0.641067223523532
0.3,1,0.3,0.5,0.3,0.6,0.4,"2",5582.31103515625,89.385,0.683517199284997,0.601092878380815
0.3,1,0.3,0.6,0.1,0.8,0.2,"2",4892.4970703125,82.025,0.79755025735809,0.607884453036307
0.3,1,0.3,0.6,0.6,0.1,0.3,"2",5378.12158203125,85.17,0.737910105279052,0.593454014568678
0.3,1,0.3,0.6,0.6,0.7,0.4,"2",5561.556640625,88.194,0.68122276924421,0.563568632986792
