"lambda.env","alpha.env","lambda.sp","alpha.sp","lambda.bio","alpha.bio","drop","hidden","loglike","loss","AUC.explain","AUC.test","ll.explain","ll.test","nagel.explain","nagel.test"
0.01,0.8,0.01,0.4,0.5,0.2,0.2,"1",4435.66064453125,72.622,0.858801570073706,0.634965250364867,-72.7921300729878,-113.370988501348,0.440781107513362,-0.229987438255927
0.01,0.8,0.01,0.4,0.2,0.4,0.3,"1",4717.70166015625,79.491,0.836969726003817,0.632748007819672,-76.9137849520154,-100.777915718279,0.405259585571872,0.0165195527586042
0.01,0.8,0.01,0.4,1,0.7,0.4,"1",4938.9013671875,149.443,0.799376201219825,0.631498220055339,-81.180707761723,-99.3670865755829,0.364375068212625,0.0592788448216771
0.01,0.8,0.01,0.5,1,0.2,0.2,"1",4679.0263671875,75.864,0.841363037427408,0.616067632538754,-76.502333761903,-102.226607891447,0.405424008821024,-0.0530984987207651
0.01,0.8,0.01,0.5,0.9,0.2,0.3,"1",4775.435546875,76.779,0.816089550537135,0.601769994139453,-78.9166681205622,-96.5300046317125,0.383284053356172,0.104040409779769
0.01,0.8,0.01,0.5,0.7,1,0.4,"1",4878.736328125,82.272,0.769369755560521,0.609841680926506,-84.4355511090339,-101.2313381982,0.33635868353208,0.0288047683786047
0.01,0.8,0.01,0.6,0.2,0.8,0.2,"1",4414.43017578125,72.841,0.863108849562833,0.646877347101132,-72.9739608058816,-111.153345057427,0.445790298254543,-0.259017042951835
0.01,0.8,0.01,0.6,0.3,0,0.3,"1",4588.89990234375,79.328,0.835606204796493,0.622650600540093,-76.6641241873953,-106.301029739425,0.407463384116084,-0.128171945383377
0.01,0.8,0.01,0.6,1,0.2,0.4,"1",5081.525390625,86.501,0.761090028375362,0.625860957898469,-85.1227602429115,-102.847590344281,0.331573663584203,0.00724414124730679
0.01,0.8,0.155,0.4,0.9,0.2,0.2,"1",4612.2783203125,77.178,0.837154737450298,0.644044356684489,-76.3058770069888,-111.76884654899,0.411611376729213,-0.334887916190805
0.01,0.8,0.155,0.4,1,0.2,0.3,"1",4900.173828125,85.281,0.769964980057126,0.63230864181365,-84.1553162402842,-102.647856646022,0.342860247308261,-0.0226961835028485
0.01,0.8,0.155,0.4,0.5,0.7,0.4,"1",5339.931640625,88.738,0.720000252335714,0.606634602451951,-88.4833851423388,-96.4242967531356,0.290712829328581,0.0652860363627185
0.01,0.8,0.155,0.5,0.8,0.8,0.2,"1",4628.66162109375,74.726,0.834894677131754,0.641760989909967,-76.4455789928298,-104.983277627117,0.410584271306589,-0.216116525188601
0.01,0.8,0.155,0.5,0.8,0.3,0.3,"1",4958.4140625,81.585,0.789886610469357,0.650610386621682,-82.4648277647081,-96.652160644726,0.35268032405075,0.0101227172566967
0.01,0.8,0.155,0.5,0.1,0.7,0.4,"1",5260.2685546875,88.472,0.718934027825907,0.615457513757279,-88.8169398810757,-97.6554330992684,0.291688942613045,0.0746719321170291
0.01,0.8,0.155,0.6,0.2,0.2,0.2,"1",4642.4404296875,80.26,0.820908194985796,0.639677323718244,-78.4801189126156,-103.075314992989,0.386707247972843,-0.0693228348112094
0.01,0.8,0.155,0.6,0.6,0.1,0.3,"1",4794.2275390625,79.537,0.799958335461482,0.631125212486039,-80.9213856570724,-100.309383912056,0.364064589186239,0.0192721254106203
0.01,0.8,0.155,0.6,1,0.8,0.4,"1",5219.1240234375,85.183,0.758558339647869,0.591659380450941,-85.8334401951752,-95.0470991905004,0.313046047627867,0.120428934161929
0.01,0.8,0.3,0.4,0.5,0.7,0.2,"1",4558.255859375,74.778,0.845238121371785,0.606844523545824,-75.4707641765803,-117.200752668174,0.419967643506961,-0.731472715899425
0.01,0.8,0.3,0.4,0.2,0.7,0.3,"1",4942.09765625,82.601,0.770559224347403,0.605849746806428,-83.9448514409891,-109.089625572546,0.336643560469153,-0.284575234708575
0.01,0.8,0.3,0.4,0.8,0.6,0.4,"1",5337.25,86.505,0.736093731291847,0.584304101734835,-87.7626047047006,-99.5196226402082,0.291587155067991,0.0188387866906465
0.01,0.8,0.3,0.5,0,0.2,0.2,"1",4416.6298828125,63.859,0.791339758204595,0.617032453117278,-83.4789639071931,-106.508516784803,0.34460327641249,-0.113165092549821
0.01,0.8,0.3,0.5,0.7,0.5,0.3,"1",5164.18603515625,84.159,0.746641331495635,0.638044758515773,-86.0798025209131,-104.188211523948,0.31162599321553,-0.0953351147934955
0.01,0.8,0.3,0.5,0.5,0.8,0.4,"1",5290.666015625,87.147,0.712946229384792,0.604446057952026,-89.3852060011881,-96.4586101001724,0.282823210494272,0.0729765412560469
0.01,0.8,0.3,0.6,0.7,0.1,0.2,"1",4661.38525390625,74.716,0.828030677276989,0.649817056640906,-78.1609011078564,-102.462410555508,0.391428433163785,-0.0334663294997838
0.01,0.8,0.3,0.6,0.5,0.4,0.3,"1",5049.88330078125,80.304,0.775253046189704,0.638252834851833,-84.2330227303507,-106.014877102641,0.330564655780588,-0.271133706329401
0.01,0.8,0.3,0.6,0,0.4,0.4,"1",4946.94580078125,70.249,0.670036786867623,0.583876192502045,-94.679661675957,-97.4887921584392,0.241216651735921,0.0855574802704452
0.01,0.9,0.01,0.4,0.1,0.6,0.2,"1",4790.865234375,80.429,0.813902434474445,0.638188134684298,-79.308564320583,-96.1807876689941,0.380713311010719,0.0839202551398155
0.01,0.9,0.01,0.4,0.3,0.3,0.3,"1",4635.85009765625,77.837,0.834173954192163,0.63068364214091,-76.8202229081722,-100.19360409647,0.410346420543796,0.0209400804443184
0.01,0.9,0.01,0.4,0.1,0,0.4,"1",4987.2783203125,83.715,0.797316047878027,0.619929823874304,-81.6308734650154,-96.759226165202,0.356935696811549,0.0886756017881544
0.01,0.9,0.01,0.5,0.1,0.2,0.2,"1",4468.1708984375,74.243,0.866644450169979,0.624360832286024,-72.1972258354129,-112.743874768368,0.444921651945035,-0.28098038471304
0.01,0.9,0.01,0.5,0.9,0.4,0.3,"1",4681.2666015625,77.677,0.830258820994079,0.629116058292849,-77.7254909640364,-102.344820536775,0.398256667376877,0.0309312113948504
0.01,0.9,0.01,0.5,0.5,0,0.4,"1",5075.86181640625,84.387,0.775583487068215,0.615886219078355,-83.3642999469736,-98.5477360107179,0.338151485907955,0.0824003586354207
0.01,0.9,0.01,0.6,0.3,0,0.2,"1",4372.5693359375,70.594,0.875153722141292,0.649730043093214,-70.8245426705883,-106.997780536222,0.464174445738413,-0.112749983235619
0.01,0.9,0.01,0.6,0.8,0.4,0.3,"1",4871.38720703125,76.802,0.814836539782655,0.612944190431935,-80.0704508458737,-97.4427994462884,0.372349426900047,0.0736384227045186
0.01,0.9,0.01,0.6,0.3,0,0.4,"1",5006.0830078125,85.007,0.784315492766866,0.613368937864888,-82.6952786855879,-97.9630553805787,0.346733193633501,0.0685640552849501
0.01,0.9,0.155,0.4,0.9,0,0.2,"1",4434.875,270.069,0.848484691228139,0.650149503481505,-75.1552535452598,-108.848651716234,0.424398385580375,-0.228563953028434
0.01,0.9,0.155,0.4,1,0.3,0.3,"1",4987.58935546875,82.893,0.773391785584442,0.658379806330041,-83.9244715151151,-91.1485201828009,0.332864486382757,0.145993336546943
0.01,0.9,0.155,0.4,0.2,0.6,0.4,"1",5217.58837890625,87.348,0.749398647782581,0.604797955805522,-86.442151853073,-104.064638504207,0.308996707684347,-0.125601580460335
0.01,0.9,0.155,0.5,0.9,0.2,0.2,"1",4546.30908203125,75.527,0.839934900124988,0.663858088092956,-76.0392440152065,-100.108318852365,0.415055649210077,0.00472603555390074
0.01,0.9,0.155,0.5,0.7,0.8,0.3,"1",4993.728515625,84.681,0.786526592501938,0.640450035483603,-82.3793363296373,-98.4249310341442,0.350741819198392,0.0097925383559353
0.01,0.9,0.155,0.5,1,0.7,0.4,"1",5243.341796875,86.915,0.738163813497375,0.603176481407513,-87.6563454900744,-95.9344529263797,0.300233662408684,0.105020833554113
0.01,0.9,0.155,0.6,0.8,0.5,0.2,"1",4575.54150390625,75.115,0.842769598999595,0.640994512832215,-75.7853382040402,-104.444904464098,0.422515278014169,-0.027951264830886
0.01,0.9,0.155,0.6,0.1,0.7,0.3,"1",4921.76806640625,80.052,0.801812664278781,0.623798990745922,-82.6498037084586,-99.3619569569783,0.345742432671049,-0.0271629771424294
0.01,0.9,0.155,0.6,0.3,0.7,0.4,"1",5183.66650390625,91.782,0.73685837980999,0.601086126711926,-87.6415563999042,-105.715403821174,0.295432904208975,-0.197063977577126
0.01,0.9,0.3,0.4,0.7,0.6,0.2,"1",4553.30517578125,74.668,0.838707791170853,0.624767185626094,-76.367482626471,-103.829244811448,0.411137591363893,-0.0419336856026306
0.01,0.9,0.3,0.4,0,0.5,0.3,"1",4569.12255859375,67.719,0.766740056493478,0.640452426626766,-86.3422804941259,-97.8838942164529,0.318209924772218,0.0635560895150484
0.01,0.9,0.3,0.4,1,0.8,0.4,"1",5245.09912109375,85.403,0.735797402784889,0.587414711720978,-87.1027480258915,-101.824170026803,0.306009216814396,-0.136204186474665
0.01,0.9,0.3,0.5,0.9,0.7,0.2,"1",4723.97509765625,75.342,0.820326646050285,0.625564423637207,-78.6609885612072,-109.81773630267,0.3904077885043,-0.353561818357043
0.01,0.9,0.3,0.5,0.5,0.4,0.3,"1",5018.662109375,83.409,0.759309545250313,0.630326741574077,-85.5751578406353,-94.9176066406365,0.316178630104731,0.0933632408968916
0.01,0.9,0.3,0.5,0.2,0,0.4,"1",5458.31494140625,90.295,0.704192400661249,0.617613929674884,-90.5472952685424,-93.0656953714184,0.268659678732136,0.124686935918607
0.01,0.9,0.3,0.6,1,0,0.2,"1",4664.99365234375,75.991,0.820996035598141,0.618272621414139,-78.4435718827832,-112.615720619604,0.393908811533481,-0.384308038313929
0.01,0.9,0.3,0.6,0.4,0.8,0.3,"1",4913.5966796875,82.429,0.80281890176149,0.638632784156814,-81.3304858647059,-104.617002609892,0.361294782160278,-0.0784252674393913
0.01,0.9,0.3,0.6,0.3,0.4,0.4,"1",5195.49462890625,85.827,0.73476557847418,0.647645925717111,-88.1719280403337,-92.2456288552313,0.289280861983045,0.132308649869653
0.01,1,0.01,0.4,0.8,1,0.2,"1",4138.28125,71.362,0.87184602993486,0.643060806611531,-71.373294112297,-105.856026621517,0.459832570684991,-0.086338506396746
0.01,1,0.01,0.4,0.6,0.3,0.3,"1",4621.40966796875,77.37,0.831560266094459,0.608976994734135,-77.2769100814494,-108.461000584806,0.406034355336202,-0.0821349581044526
0.01,1,0.01,0.4,0.5,0.6,0.4,"1",4953.404296875,133.182,0.78689358754164,0.651845792602932,-83.0638421917079,-96.6551812829445,0.345781272540916,0.0593330975188568
0.01,1,0.01,0.5,0.3,0.1,0.2,"1",4210.57080078125,115.996,0.880892146382168,0.661923425947296,-69.7667518591113,-104.650603388937,0.471296284494124,-0.0230253156370946
0.01,1,0.01,0.5,0.5,0.6,0.3,"1",4775.84716796875,77.366,0.81745977222139,0.632312002157484,-78.7443041500746,-97.0455188513331,0.386536071409706,0.0724705428529524
0.01,1,0.01,0.5,0.5,0,0.4,"1",5057.1533203125,198.409,0.778781128033521,0.622418334838412,-83.2753036904459,-97.7407009147887,0.344257070055847,0.0870291491538142
0.01,1,0.01,0.6,1,1,0.2,"1",4064.07446289062,70.94,0.880782887258498,0.627623272410943,-69.6915119358918,-118.608278641284,0.477995721528228,-0.366814403761439
0.01,1,0.01,0.6,0.8,0.9,0.3,"1",4661.44873046875,77.605,0.840445989864497,0.628380895512716,-76.9717063001284,-100.111559497051,0.405315163479198,0.0369492200321529
0.01,1,0.01,0.6,0.3,0.2,0.4,"1",4992.939453125,79.827,0.795077457639959,0.629208169025411,-81.7101661463134,-97.3544710576058,0.359699895790709,0.0798762577602682
0.01,1,0.155,0.4,0.4,0,0.2,"1",4648.42138671875,75.287,0.830305857975244,0.6392966590457,-78.2702340503459,-104.806271728577,0.391979624843995,-0.0554530493661107
0.01,1,0.155,0.4,0.7,0.3,0.3,"1",4924.5888671875,79.956,0.779372102631699,0.618267094927901,-83.8559192773071,-102.23744407594,0.337019900514308,-0.0424257087658985
0.01,1,0.155,0.4,0.4,0,0.4,"1",5123.53759765625,84.868,0.75637918449503,0.620345075537957,-85.7042597646646,-97.3832021344599,0.31801123768591,0.0606062705573926
0.01,1,0.155,0.5,0.4,1,0.2,"1",4365.71337890625,73.471,0.834138676863811,0.655601546238801,-77.2722052605292,-107.71643534531,0.399472113605273,-0.177451246540014
0.01,1,0.155,0.5,0.1,0.8,0.3,"1",4922.4609375,82.305,0.784024444752676,0.63489839564701,-83.0827336441229,-99.0219138161936,0.341756689529143,0.0668797977964156
0.01,1,0.155,0.5,0.4,0.4,0.4,"1",5276.4482421875,139.495,0.713865079985975,0.617993812433817,-88.8922449239758,-94.2271615787284,0.288919112243785,0.103568376782545
0.01,1,0.155,0.6,0,0.4,0.2,"1",4321.0009765625,63.183,0.785037752697356,0.610619392763468,-82.9157585238296,-103.727379486841,0.361579985417288,-0.0145122902717778
0.01,1,0.155,0.6,1,0.2,0.3,"1",4931.7822265625,81.677,0.790479075821548,0.65751904279611,-82.3298385336884,-96.6824229788632,0.351069981272244,0.0592573793586015
0.01,1,0.155,0.6,0.8,0.2,0.4,"1",5233.82275390625,87.327,0.750367809059777,0.625388032604571,-85.8520584253032,-95.2922853564649,0.316636535198308,0.0872644956869058
0.01,1,0.3,0.4,0.3,0.4,0.2,"1",4606.7685546875,78.236,0.823001520077495,0.661668039579378,-78.0384500606905,-100.942134423132,0.395290424646951,0.0254407844708294
0.01,1,0.3,0.4,0.8,0.7,0.3,"1",4960.14453125,82.194,0.798555700929771,0.635483100875791,-82.3207493966544,-99.5329397971748,0.353653316893888,-0.00651294362743681
0.01,1,0.3,0.4,0.3,1,0.4,"1",5128.884765625,84.783,0.691578173237314,0.589005252802674,-90.8384027147155,-100.963039011151,0.266915572291465,-0.111174288913687
0.01,1,0.3,0.5,0.1,0.6,0.2,"1",4474.07861328125,72.255,0.859815806269171,0.660602340355644,-73.5497509555753,-106.399106853658,0.433141512993624,-0.141971556195147
0.01,1,0.3,0.5,0.4,0.9,0.3,"1",4998.09033203125,78.539,0.783661894448574,0.621055392797187,-83.9252957236935,-98.8752775305603,0.335802774846603,-0.00665778920421421
0.01,1,0.3,0.5,1,0,0.4,"1",5264.5517578125,82.701,0.757709868800405,0.618216818505608,-86.1950168181677,-99.5507292275057,0.309874861161169,0.025423575941557
0.01,1,0.3,0.6,0.6,0.1,0.2,"1",4542.0244140625,74.821,0.844952566128011,0.656794702231083,-75.6738548615028,-101.260788358431,0.41586343125673,-0.00838558652970463
0.01,1,0.3,0.6,0.3,0.7,0.3,"1",4894.16943359375,80.302,0.788323908887153,0.607460800976359,-82.4294895031651,-102.793125679377,0.34745381071353,-0.0776924119146008
0.01,1,0.3,0.6,0.5,0.9,0.4,"1",5230.900390625,84.946,0.747817672090216,0.594411727051326,-86.3314199716523,-93.9976113687203,0.311966337250177,0.11582969131744
0.155,0.8,0.01,0.4,0.7,0.4,0.2,"1",4304.42041015625,71.085,0.873925099087316,0.648195104266609,-70.8775501292614,-104.8406102588,0.464359799043711,-0.115595342677162
0.155,0.8,0.01,0.4,0.2,0.3,0.3,"1",4891.73095703125,80.653,0.79171319461909,0.613569922192045,-81.9004497660649,-105.466064429206,0.363383896592235,-0.110657411417201
0.155,0.8,0.01,0.4,0,0.6,0.4,"1",4885.84716796875,68.132,0.729959023394971,0.61279790484767,-95.4507623119501,-102.892580931583,0.268366711637381,-0.0543571422046268
0.155,0.8,0.01,0.5,0.3,0.9,0.2,"1",4422.8486328125,74.564,0.856975714065794,0.630105124186539,-73.7794996511581,-106.050467886591,0.435202472418603,-0.0962978823755826
0.155,0.8,0.01,0.5,0.2,0.6,0.3,"1",4984.05615234375,82.1,0.796930902567602,0.621040880070878,-81.659794645492,-109.215095016041,0.358867568017546,-0.150745960392077
0.155,0.8,0.01,0.5,0.2,0.8,0.4,"1",5202.1806640625,84.34,0.766185696100752,0.627455418543441,-86.2215160358175,-95.4693221512634,0.316631955030772,0.099341621116209
0.155,0.8,0.01,0.6,0.9,0.9,0.2,"1",4302.4912109375,72.019,0.86638866353152,0.65859256655772,-71.9022258928801,-107.931922099724,0.457295937815061,-0.133968379555871
0.155,0.8,0.01,0.6,1,0,0.3,"1",4736.74267578125,80.906,0.829252690055237,0.649869587999383,-77.5859365457828,-96.413161560238,0.395818074517371,0.0822317963702394
0.155,0.8,0.01,0.6,0.6,0.6,0.4,"1",5109.9775390625,84.522,0.761767177561897,0.632630603269989,-85.7339217825566,-97.4068871168945,0.319235918874478,0.0661424202120049
0.155,0.8,0.155,0.4,0.7,0.9,0.2,"1",4601.2509765625,76.047,0.835072883762279,0.653102554276894,-76.5097467363713,-111.769075320516,0.407705554629423,-0.320549012003723
0.155,0.8,0.155,0.4,0.3,0.1,0.3,"1",4996.82177734375,81.249,0.783219767472071,0.645380697437922,-83.2158800603202,-98.9718071198141,0.342760725822824,0.00869743885003374
0.155,0.8,0.155,0.4,0.8,0.9,0.4,"1",5392.4208984375,87.668,0.68816916884105,0.601727890431535,-90.7226154609189,-94.6052386442164,0.274749989627536,0.112724665787931
0.155,0.8,0.155,0.5,0.4,0.7,0.2,"1",4607.09423828125,78.348,0.829982251574496,0.639770514742275,-77.3628203038831,-99.0641035952304,0.402203058291202,0.0424315497274316
0.155,0.8,0.155,0.5,0.8,0.7,0.3,"1",5069.09765625,81.036,0.777548880157983,0.633437983289326,-83.9986191606988,-97.8892226662923,0.333015120573105,0.0732877529215479
0.155,0.8,0.155,0.5,0.7,0.2,0.4,"1",5338.693359375,88.973,0.717907925391963,0.622714931929553,-89.2727854655594,-95.2027088501797,0.277718302292236,0.0851754873981601
0.155,0.8,0.155,0.6,0.4,0.6,0.2,"1",4666.61572265625,85.072,0.831914115897113,0.617172246947663,-77.6991663286656,-108.0713504691,0.40143681687013,-0.264498775699445
0.155,0.8,0.155,0.6,1,0,0.3,"1",4951.3671875,80.645,0.780409033246492,0.66840164325192,-84.0280406951223,-96.2308467100737,0.335884820655544,0.0534107059175072
0.155,0.8,0.155,0.6,0.7,0.5,0.4,"1",5397.02197265625,88.137,0.717434184721361,0.598798712969642,-89.655535215731,-97.9649381923884,0.278741363703843,0.0646597651420896
0.155,0.8,0.3,0.4,0.6,0.4,0.2,"1",4757.2822265625,77.511,0.822602716776237,0.631962731034555,-78.4839734683163,-106.048799613084,0.389519419295366,-0.154095968631712
0.155,0.8,0.3,0.4,0.3,0.7,0.3,"1",5084.23486328125,85.536,0.763439479483741,0.61900235574788,-85.0213426192641,-95.3753414870389,0.322128862935567,0.100638522894618
0.155,0.8,0.3,0.4,0.4,0.6,0.4,"1",5470.3681640625,93.634,0.693061039405585,0.574126171754582,-91.9384659540731,-94.4983226572915,0.255787197806516,0.108051038910007
0.155,0.8,0.3,0.5,0,0,0.2,"1",4536.59619140625,64.831,0.75687949900982,0.637408998499685,-87.5046275530494,-97.0737585309004,0.307885939559533,0.0547162467495242
0.155,0.8,0.3,0.5,0.9,0.7,0.3,"1",4999.07666015625,83.572,0.766109072251426,0.627355936586542,-84.485118229574,-107.821114954565,0.334719100135586,-0.105392123544992
0.155,0.8,0.3,0.5,0.3,0.2,0.4,"1",5370.716796875,87.992,0.698663841987178,0.59407850114585,-90.7415794308674,-100.927451655215,0.265152466803667,-0.0224157725072824
0.155,0.8,0.3,0.6,0.3,0.1,0.2,"1",4553.0341796875,73.158,0.848413089026057,0.626280840313502,-74.9666859063502,-113.698883069171,0.425470882267678,-0.441334271684098
0.155,0.8,0.3,0.6,0.6,1,0.3,"1",4725.41845703125,78.426,0.786555130189011,0.637534148502819,-82.1795734951069,-103.239965130999,0.351731974204315,-0.168761981675453
0.155,0.8,0.3,0.6,0.1,0.5,0.4,"1",5344.93408203125,89.432,0.714341919287136,0.610717735778477,-89.094546515245,-94.3112970991576,0.282825378290207,0.115788419747354
0.155,0.9,0.01,0.4,0.2,0.2,0.2,"1",4378.5859375,72.66,0.859031433070282,0.620895841887423,-73.2904643344205,-116.35599039868,0.440837316398918,-0.359999787410043
0.155,0.9,0.01,0.4,0.4,0.8,0.3,"1",4786.00341796875,78.193,0.811190396916127,0.609006091474122,-80.0172149982803,-108.03821012366,0.382657508734303,-0.120200150724122
0.155,0.9,0.01,0.4,0,0.4,0.4,"1",4499.94482421875,66.053,0.766641358553195,0.613445752705663,-87.6286875162386,-95.9852815059537,0.317972259499529,0.0884473528335891
0.155,0.9,0.01,0.5,0.4,0.2,0.2,"1",4836.70654296875,80.579,0.818989336365441,0.643483870511258,-78.8815150501168,-101.895463720417,0.388320810999942,0.0197553637917894
0.155,0.9,0.01,0.5,0.5,0.4,0.3,"1",4955.4072265625,78.837,0.799311537878786,0.644251330175776,-81.6885044563754,-94.8216073613692,0.355759937117393,0.110694755603284
0.155,0.9,0.01,0.5,0.3,1,0.4,"1",4883.10693359375,80.589,0.762979096001855,0.621280173364572,-84.9365182198273,-96.9995154454802,0.327585521801229,0.0953614346545604
0.155,0.9,0.01,0.6,0,0.4,0.2,"1",4116.61376953125,59.853,0.843452482405635,0.630803974943468,-78.2212410386164,-106.183610570089,0.395653648297707,-0.0799625846167975
0.155,0.9,0.01,0.6,0.3,0.6,0.3,"1",4757.9521484375,77.157,0.828968155295175,0.635255557962293,-78.7242824282092,-100.519645303908,0.388243350471725,0.0150659549268971
0.155,0.9,0.01,0.6,0,0.1,0.4,"1",4556.205078125,64.039,0.76449431722247,0.623904218433204,-89.1261741065999,-94.5642924948891,0.31081805960048,0.127838861602445
0.155,0.9,0.155,0.4,0.3,0.3,0.2,"1",4636.8447265625,75.546,0.834663965936455,0.670062614795138,-76.4341500732017,-103.583059905536,0.410529530946378,-0.157193466205948
0.155,0.9,0.155,0.4,0.8,0.3,0.3,"1",4999.2587890625,81.712,0.780705154181427,0.64245342969288,-84.7162537320566,-100.741835451364,0.334622856886558,-0.0701313243394904
0.155,0.9,0.155,0.4,0.3,0.5,0.4,"1",5396.94091796875,86.44,0.689740169208225,0.564588435624241,-90.8131941748898,-97.6357509295359,0.272867873620872,0.0998983618981702
0.155,0.9,0.155,0.5,0.4,0.6,0.2,"1",4645.712890625,77.345,0.825894710679327,0.635633568954647,-78.142027582919,-106.786806775579,0.395715512408989,-0.0837571599798373
0.155,0.9,0.155,0.5,0.7,1,0.3,"1",4781.32177734375,80.593,0.773292651237786,0.624054174567815,-84.0083887387423,-104.292137157359,0.337807601935749,-0.0500336748871341
0.155,0.9,0.155,0.5,0.1,0.2,0.4,"1",5322.5625,89.966,0.705149528412132,0.599525653098756,-90.3971878330973,-93.8272059490852,0.28025010231583,0.120944494349993
0.155,0.9,0.155,0.6,0.7,0.8,0.2,"1",4608.03662109375,76.296,0.831273670664374,0.672487422254579,-78.2041410476986,-95.4500382000418,0.395982398106568,0.0921689452261775
0.155,0.9,0.155,0.6,0.7,0,0.3,"1",4969.59716796875,83.412,0.781564782996902,0.652193685785971,-83.5917934352061,-96.3068677641182,0.339509320792772,0.0558317365989489
0.155,0.9,0.155,0.6,0.3,1,0.4,"1",5045.02099609375,86.501,0.727927291632471,0.609476271218599,-88.3379967244989,-95.8822789896796,0.290479045550988,0.0745282670831949
0.155,0.9,0.3,0.4,0.6,0.3,0.2,"1",4892.47314453125,79.061,0.797372490069284,0.640501157497108,-80.7727196519208,-106.066857158633,0.367611706760913,-0.114701488466658
0.155,0.9,0.3,0.4,0.3,0.2,0.3,"1",5071.12109375,82.611,0.770102419918227,0.641425564741848,-84.939797041811,-98.9410955513788,0.324108850788316,0.0307082662321074
0.155,0.9,0.3,0.4,0.9,0,0.4,"1",5441.1162109375,89.082,0.688635128862368,0.611595314437386,-91.40343559033,-102.137254061274,0.25943149594282,-0.079230463248136
0.155,0.9,0.3,0.5,0.8,0.8,0.2,"1",4763.55859375,76.747,0.819654019082754,0.660517617673681,-78.7927115918429,-98.8670313300701,0.383342089748849,0.0322887283621958
0.155,0.9,0.3,0.5,0,0.9,0.3,"1",4605.955078125,67.434,0.760678566918203,0.594857959385346,-87.2065633325416,-103.392142182946,0.313524269726815,-0.113620614119085
0.155,0.9,0.3,0.5,0.8,0.6,0.4,"1",5339.44580078125,87.091,0.719816988456948,0.596134300265268,-88.6678018895785,-95.6773433791484,0.282983787499544,0.0960464081614685
0.155,0.9,0.3,0.6,0.7,0.3,0.2,"1",4818.91943359375,78.492,0.801521201915562,0.645647428472983,-80.7218280547548,-105.064136565091,0.367985960670186,-0.111469167589422
0.155,0.9,0.3,0.6,0.3,0.1,0.3,"1",5133.9599609375,82.417,0.752575095083482,0.632238972486735,-85.4188451592215,-98.9850208300299,0.322290428834389,0.00660930976801972
0.155,0.9,0.3,0.6,0.8,0,0.4,"1",5474.244140625,87.936,0.701806949676818,0.583114052302565,-90.0814078436287,-96.2300348246682,0.275445256439929,0.0862980034699337
0.155,1,0.01,0.4,0.5,0.8,0.2,"1",4718.255859375,76.11,0.828368991074144,0.644862851145886,-77.1084079711654,-100.380903192677,0.404939691243544,-0.000698245710109127
0.155,1,0.01,0.4,0.3,0.8,0.3,"1",4782.21826171875,86.774,0.811074072294179,0.642008281159496,-80.1996530578408,-94.9560636380958,0.374356593159832,0.107229823500696
0.155,1,0.01,0.4,0.2,0.9,0.4,"1",5043.470703125,83.609,0.7788607376512,0.607919206082036,-83.2882451333055,-95.1402039943088,0.345067774024605,0.112475958137612
0.155,1,0.01,0.5,0.1,0.3,0.2,"1",4416.36962890625,73.587,0.857200703596677,0.637293739451401,-73.0806063913555,-105.228911175204,0.446993489958335,-0.0897763234092368
0.155,1,0.01,0.5,0.3,0.8,0.3,"1",4851.783203125,83.133,0.823455604511973,0.634232556560455,-78.2283953758147,-95.3651722107852,0.387953483626675,0.0842150788979948
0.155,1,0.01,0.5,0.9,0.4,0.4,"1",5256.88427734375,85.684,0.770034277801679,0.608328250283706,-85.4411323419877,-95.4592011763969,0.318741794438061,0.107182904924986
0.155,1,0.01,0.6,0.1,0.2,0.2,"1",4289.6044921875,68.541,0.882637314018092,0.645283351539213,-69.8742778114974,-103.800744982585,0.474877617970582,-0.032975516823905
0.155,1,0.01,0.6,0.2,0.6,0.3,"1",4730.44189453125,81.264,0.830372336775627,0.650648186433566,-77.5182076877582,-99.4754070879045,0.39631838791414,0.0178760282077974
0.155,1,0.01,0.6,1,0.2,0.4,"1",5163.1494140625,82.494,0.770488559026589,0.631774653466896,-85.1411793831466,-94.8999097909671,0.328076495266531,0.123335906045247
0.155,1,0.155,0.4,0.7,0.2,0.2,"1",4761.724609375,76.828,0.812861053448405,0.657242404650226,-79.2561304081125,-98.62904908745,0.379160571558296,0.0440919891889768
0.155,1,0.155,0.4,0.5,0.6,0.3,"1",5008.373046875,80.082,0.783759773620811,0.640794059394869,-83.2963938550531,-95.5658165828711,0.339942924558668,0.0605681456950111
0.155,1,0.155,0.4,0.6,0.5,0.4,"1",5416.48193359375,89.972,0.705650727080277,0.637970089787545,-90.5732768986368,-91.869254129974,0.266016858140881,0.138571698903267
0.155,1,0.155,0.5,0.9,1,0.2,"1",4452.03662109375,75.887,0.832426332543666,0.653236572716539,-77.3005693687544,-103.728523030856,0.403135211518806,-0.01475259123658
0.155,1,0.155,0.5,0.3,0.6,0.3,"1",5099.09814453125,85.64,0.756446920196063,0.620605306075788,-85.3209775680976,-94.761966657126,0.323443420658648,0.108376974113486
0.155,1,0.155,0.5,0.4,0.6,0.4,"1",5453.52978515625,88.494,0.712837078206416,0.574702809898888,-89.3794780861906,-94.3479971402039,0.279340475831123,0.133912056290273
0.155,1,0.155,0.6,0.3,0,0.2,"1",4995.04638671875,80.841,0.789361091536896,0.639352384259673,-82.1512406644546,-95.10056784449,0.350733159844821,0.113341200609826
0.155,1,0.155,0.6,0.6,0.1,0.3,"1",5037.08984375,83.199,0.773337497471223,0.611304564428499,-84.4549677306405,-100.827684705285,0.329396518445199,0.0113511126861675
0.155,1,0.155,0.6,0.7,0,0.4,"1",5366.26416015625,87.684,0.716984239965824,0.558648236886728,-88.9750939111901,-96.1235846326303,0.285817856258605,0.11118344973006
0.155,1,0.3,0.4,0.1,0.4,0.2,"1",4696.16455078125,78.192,0.818322592645369,0.623522953357779,-79.5805956680097,-99.9951669133197,0.379368426024377,0.0241261693388581
0.155,1,0.3,0.4,0.5,0.1,0.3,"1",5027.955078125,82.02,0.768019568200243,0.62583027329937,-83.499833114827,-101.535139445924,0.339885262816856,-0.0139316625773243
0.155,1,0.3,0.4,0.8,0.6,0.4,"1",5302.8759765625,86.435,0.722429428667524,0.601271163753048,-89.7415693742747,-95.8695302661328,0.277476629082639,0.0793305890384036
0.155,1,0.3,0.5,0.4,0.3,0.2,"1",5116.10498046875,86.881,0.759109441484056,0.608434658273746,-85.1863855741959,-102.144477455518,0.326515607698503,-0.00926479708968237
0.155,1,0.3,0.5,1,0.3,0.3,"1",5028.1357421875,82.875,0.750412688025008,0.656637878112463,-86.2626060156664,-106.293558860014,0.31391717391144,-0.153598310828932
0.155,1,0.3,0.5,0.2,0.5,0.4,"1",5339.0966796875,100.928,0.71845967723576,0.609078359359689,-90.7738934321269,-96.9534137227545,0.275223073086507,0.0352920832658476
0.155,1,0.3,0.6,1,0.7,0.2,"1",4695.03466796875,149.486,0.818274830730114,0.647334318583519,-78.4572358934278,-106.285106753464,0.389873715838696,-0.21405404678959
0.155,1,0.3,0.6,0.5,0.3,0.3,"1",5014.13916015625,82.231,0.781859016389653,0.639257645308104,-83.2472086791413,-102.2405670882,0.341194551553489,-0.111620199710647
0.155,1,0.3,0.6,0.6,0.2,0.4,"1",5394.1416015625,85.722,0.69708891602344,0.57197839601985,-90.2701392573745,-97.0802599877656,0.274688958202101,0.0911796471405557
0.3,0.8,0.01,0.4,1,0.7,0.2,"1",4299.68505859375,71.012,0.8698702128448,0.620871892899813,-72.154471680987,-111.509693177495,0.452374182884492,-0.153673397072559
0.3,0.8,0.01,0.4,0.9,0.3,0.3,"1",4861.470703125,80.435,0.812789340561298,0.64526155102988,-80.438249764684,-97.3595632325622,0.372006387548063,0.0615098890431363
0.3,0.8,0.01,0.4,0.9,1,0.4,"1",4945.634765625,80.371,0.770559805457583,0.619620716480797,-84.7907066578182,-96.1016796221181,0.329990482685292,0.115643399132937
0.3,0.8,0.01,0.5,0.9,0.4,0.2,"1",4346.66259765625,70.798,0.871547589212299,0.638570041424901,-71.0151060278642,-99.318077997992,0.463155718661032,0.0400672282056918
0.3,0.8,0.01,0.5,0.2,0.5,0.3,"1",4883.25048828125,79.86,0.797062277542598,0.634089206690976,-81.3616733139119,-99.9230517414556,0.363232144163364,0.0325976695604729
0.3,0.8,0.01,0.5,0,0.3,0.4,"1",4658.04541015625,66.507,0.757711347265784,0.634186800124034,-90.2148188609228,-95.374976304059,0.295187999053158,0.0800090698406572
0.3,0.8,0.01,0.6,0.2,0.6,0.2,"1",4465.62890625,74.898,0.853812666079329,0.669845311121419,-73.833471905848,-103.073794241521,0.434202049197844,-0.0295623423632229
0.3,0.8,0.01,0.6,0.8,1,0.3,"1",4661.10009765625,76.676,0.825096242889088,0.662889535671931,-78.5697433659765,-94.7010925902208,0.389214497489913,0.131006537797849
0.3,0.8,0.01,0.6,0.6,0.9,0.4,"1",5108.626953125,87.984,0.77209573503007,0.624018435603581,-84.2253571137072,-95.5308926649292,0.337732674050378,0.107297455017044
0.3,0.8,0.155,0.4,0.7,0.9,0.2,"1",4918.8623046875,82.186,0.794308357920022,0.642240301643275,-81.8172792319186,-106.246545572396,0.354932673911902,-0.0511298936794464
0.3,0.8,0.155,0.4,0.9,0.5,0.3,"1",5067.88623046875,177.433,0.779681327517124,0.626712871290876,-83.5315503592037,-105.224382357876,0.336133410896653,-0.151277170387025
0.3,0.8,0.155,0.4,0.1,0.1,0.4,"1",5433.40673828125,90.056,0.694855908188273,0.560285467488686,-91.3772591254583,-100.067463410892,0.263383124679398,0.0479271105169909
0.3,0.8,0.155,0.5,0.2,0.1,0.2,"1",4592.45263671875,78.359,0.848280445843536,0.651206588062406,-75.4470460407821,-102.311711924279,0.417553318040327,-0.120917439518414
0.3,0.8,0.155,0.5,0.6,0.6,0.3,"1",5083.5380859375,83.121,0.758899628067125,0.630701146896266,-85.145501774463,-103.792823076281,0.328800870297642,-0.0627474201409118
0.3,0.8,0.155,0.5,0.8,0.1,0.4,"1",5343.232421875,85.285,0.7066550618144,0.590915799866674,-90.3232954449677,-100.342603542478,0.27702839323152,0.00859398220628804
0.3,0.8,0.155,0.6,0.8,0.9,0.2,"1",4613.30322265625,76.126,0.826865084436103,0.651506889829567,-77.6162159696413,-103.695414461932,0.403018788793301,-0.0454673904837675
0.3,0.8,0.155,0.6,1,0.5,0.3,"1",4986.408203125,175.766,0.792817362723946,0.650095222457754,-82.2031439848371,-101.416179619111,0.351354785044273,-0.064749180624613
0.3,0.8,0.155,0.6,0.4,0.8,0.4,"1",5330.22119140625,89.532,0.723042165144561,0.600606381872366,-88.7495345145922,-95.852836576448,0.29404993833125,0.0914488276088363
0.3,0.8,0.3,0.4,0,0.1,0.2,"1",4252.9677734375,61.028,0.812044224056568,0.622895090211799,-81.5518420466149,-103.866737639415,0.367869969496198,-0.0652017853662202
0.3,0.8,0.3,0.4,0.3,1,0.3,"1",4657.890625,79.287,0.778549687759689,0.640411794837413,-83.5073278680834,-102.653400265569,0.345543947998405,-0.142578539978652
0.3,0.8,0.3,0.4,0.2,0.2,0.4,"1",5330.68212890625,87.511,0.704098249024946,0.580962088986918,-90.0582494085373,-104.14506843443,0.277290999821037,-0.156986513611262
0.3,0.8,0.3,0.5,0,0.2,0.2,"1",4323.39208984375,63.559,0.806727922140967,0.621279105167905,-82.2483286788585,-109.087947596547,0.356320934115099,-0.227748744413373
0.3,0.8,0.3,0.5,0.9,0.6,0.3,"1",5051.6884765625,84.659,0.775272086386862,0.644154546956391,-84.0889531227796,-102.397418219776,0.331505376756947,-0.106951913414205
0.3,0.8,0.3,0.5,0.2,1,0.4,"1",4955.876953125,83.108,0.705920959248528,0.606609512925583,-90.9573880806622,-97.7687791100198,0.270361333977607,0.0771511256356477
0.3,0.8,0.3,0.6,0.7,0.2,0.2,"1",4682.22607421875,104.009,0.827968972922522,0.647824136785667,-77.4574127338357,-106.992796649642,0.402710498833165,-0.24818040796294
0.3,0.8,0.3,0.6,0.3,0.2,0.3,"1",4915.70458984375,84.157,0.79337285212449,0.615625107236627,-82.334449909002,-109.060346298172,0.353470241004777,-0.291622775540592
0.3,0.8,0.3,0.6,0.2,0.3,0.4,"1",5558.51025390625,91.928,0.674040287130576,0.606823729004569,-92.9745455106253,-96.6595625645273,0.244445198506657,0.0377837798274012
0.3,0.9,0.01,0.4,0.8,0.7,0.2,"1",4439.08837890625,89.534,0.849798786357793,0.644104945920803,-73.8693395735973,-107.786961620492,0.432760748655316,-0.0866097261070714
0.3,0.9,0.01,0.4,0.3,0.7,0.3,"1",4794.14990234375,80.808,0.816278215459358,0.617442149294771,-79.3873736421486,-106.602769864494,0.382859063603116,-0.0496916176160192
0.3,0.9,0.01,0.4,0.8,0.9,0.4,"1",5202.1845703125,86.567,0.752820720666828,0.603679244861576,-85.9361419023434,-96.6356581225309,0.316598052137885,0.0983658974731489
0.3,0.9,0.01,0.5,0.5,1,0.2,"1",4005.37109375,70.378,0.873444792788385,0.620584215059119,-70.8388659667028,-114.21468415962,0.464859551278555,-0.268299322773296
0.3,0.9,0.01,0.5,0.4,0,0.3,"1",4830.962890625,97.474,0.815469555517185,0.650187567792001,-79.1849029466433,-96.7295691348329,0.383228412703053,0.086928635260568
0.3,0.9,0.01,0.5,0.3,0.8,0.4,"1",5142.40185546875,87.458,0.753686610808562,0.616500926175905,-85.5608069847428,-102.466498455333,0.323986605981159,0.0152950736919471
0.3,0.9,0.01,0.6,0.7,1,0.2,"1",4178.17578125,73.348,0.872034154123082,0.646704938382794,-70.9935907827496,-105.560591430364,0.46051980696782,-0.120455757147316
0.3,0.9,0.01,0.6,0.9,0.7,0.3,"1",4811.80078125,80.031,0.814702922547671,0.65791795382162,-79.859047344452,-95.5542091461961,0.377143945652983,0.0703075048707043
0.3,0.9,0.01,0.6,0.4,0.2,0.4,"1",5086.31396484375,82.259,0.780240727477885,0.645495242991513,-84.0092395931087,-96.4336404247972,0.333813507105951,0.0509480568483955
0.3,0.9,0.155,0.4,0.1,0.2,0.2,"1",4853.3505859375,80.815,0.803348463354332,0.622487705511469,-81.0177305137809,-101.51680192566,0.362680853245199,-0.0121360906080156
0.3,0.9,0.155,0.4,0.8,0.5,0.3,"1",5178.05908203125,85.999,0.73282546065727,0.598848070817913,-87.9676646414071,-111.878158332184,0.298187048525302,-0.199023935443344
0.3,0.9,0.155,0.4,0.6,0.3,0.4,"1",5339.814453125,86.911,0.727617756314928,0.636577119578505,-88.5613118384429,-94.0629605566724,0.291295628187551,0.12095188354102
0.3,0.9,0.155,0.5,0.2,0.7,0.2,"1",4753.798828125,78.364,0.809146507418461,0.615630266196656,-79.604005684041,-109.733987862422,0.378392972295934,-0.145053908757262
0.3,0.9,0.155,0.5,0.4,0.6,0.3,"1",5016.56005859375,81.676,0.78213221666676,0.623424661836853,-83.3431215769784,-99.9010543518287,0.338880508589488,-0.00349434724389726
0.3,0.9,0.155,0.5,0.6,0.6,0.4,"1",5503.8759765625,91.119,0.690048188113572,0.588886053343108,-91.5261867475039,-95.292633681219,0.25612318647397,0.118444683695054
0.3,0.9,0.155,0.6,0.8,0.8,0.2,"1",4636.7080078125,74.356,0.829129037496201,0.641563048928511,-77.2877839417714,-111.031640528229,0.39948111855182,-0.244447043777734
0.3,0.9,0.155,0.6,0.9,1,0.3,"1",4832.904296875,79,0.764680077227471,0.645844981385796,-84.3457867227912,-95.2063646536619,0.332059218889598,0.0889798922870096
0.3,0.9,0.155,0.6,0.1,0.1,0.4,"1",5479.65576171875,92.455,0.705511539421253,0.590489033814375,-90.455892343796,-96.8155987910036,0.268837732068745,0.0735803506455845
0.3,0.9,0.3,0.4,0.6,0.4,0.2,"1",4544.44189453125,76.12,0.85127359849561,0.627617758955941,-74.7321967245077,-115.913772532829,0.426821858887553,-0.511959406384436
0.3,0.9,0.3,0.4,0,0,0.3,"1",4722.796875,68.33,0.725043711912278,0.641142568890331,-90.9617127383878,-96.204326502761,0.280948580860035,0.0699434086030767
0.3,0.9,0.3,0.4,0.5,0.2,0.4,"1",5388.8203125,85.882,0.705735729578996,0.581331689154046,-89.7643374246866,-99.4662044688818,0.278052106879983,0.0514222669511025
0.3,0.9,0.3,0.5,0.4,1,0.2,"1",4632.49951171875,76.475,0.787875476943737,0.623091166415442,-81.8687341814599,-101.254733780841,0.361359998596335,-0.0301047710782826
0.3,0.9,0.3,0.5,0.5,0,0.3,"1",5240.21435546875,85.028,0.738512192097439,0.606540351550742,-87.3894231300263,-110.179372443116,0.297692727129567,-0.399034423779263
0.3,0.9,0.3,0.5,0.6,1,0.4,"1",5141.681640625,86.07,0.683885115573918,0.628042002379705,-91.1633811920579,-100.186364829563,0.265244264513361,-0.0163300790446947
0.3,0.9,0.3,0.6,0.5,1,0.2,"1",4695.09912109375,78.467,0.785871786604764,0.624242056331784,-83.0518312558276,-111.576616867877,0.352724466619064,-0.187301587596867
0.3,0.9,0.3,0.6,0.6,0.8,0.3,"1",5184.30517578125,85.472,0.743059225380986,0.576595902548322,-87.161839548624,-114.380370804454,0.304088641602204,-0.528136464933499
0.3,0.9,0.3,0.6,0.1,0.5,0.4,"1",5379.8935546875,94.689,0.693702318781754,0.606878236911805,-90.7295838475592,-93.0177746958392,0.273929535476108,0.141993688590902
0.3,1,0.01,0.4,0.8,0.5,0.2,"1",4410.26904296875,73.423,0.857217700298467,0.649282323552091,-73.3016529797739,-109.75424459076,0.439449487587271,-0.216134952780044
0.3,1,0.01,0.4,0.8,0.7,0.3,"1",4799.3896484375,79.015,0.808685156271295,0.654393612568165,-79.8128416785921,-96.1708100331751,0.375751133538251,0.087848487623985
0.3,1,0.01,0.4,0.5,0.3,0.4,"1",5236.40966796875,90.208,0.774812909058277,0.59406182891104,-84.7219601222248,-96.3860336755148,0.325420378703262,0.100591264128354
0.3,1,0.01,0.5,0.9,1,0.2,"1",4235.7509765625,71.406,0.858732728316289,0.647215725529877,-73.5687621418129,-117.86210662883,0.438703830353296,-0.403767291602359
0.3,1,0.01,0.5,0.8,0.6,0.3,"1",4908.63720703125,82.059,0.810132003564491,0.614214513482949,-80.2767040446604,-98.4298008799702,0.368914035070142,0.065831692291457
0.3,1,0.01,0.5,1,0.3,0.4,"1",5079.3115234375,83.731,0.768680550489998,0.603668015109831,-84.6660925945113,-98.4521683839672,0.326297394950796,0.0988275602147308
0.3,1,0.01,0.6,0.1,0.3,0.2,"1",4312.61376953125,73.606,0.869107742191082,0.612977851771543,-71.8930715494121,-113.665978920658,0.45824172437662,-0.177548655825632
0.3,1,0.01,0.6,0.6,0.9,0.3,"1",4744.0458984375,77.886,0.823760744123958,0.634096492788415,-77.9374051102362,-106.915423574774,0.39600881296741,-0.0602644436802996
0.3,1,0.01,0.6,0.1,0,0.4,"1",5121.92041015625,81.847,0.786792918040302,0.621352731880226,-83.5088459542186,-98.462655741067,0.336910560905427,0.0501779055765153
0.3,1,0.155,0.4,0.3,0.7,0.2,"1",4559.30419921875,74.776,0.836398956389199,0.655194714449297,-76.6642369501706,-105.594135517347,0.411665134129375,-0.0442767762122177
0.3,1,0.155,0.4,0.4,0.6,0.3,"1",5027.16357421875,98.952,0.775926052494868,0.607676248231182,-83.8075034749642,-110.23696551822,0.338332735342616,-0.251923963194745
0.3,1,0.155,0.4,0.4,0.7,0.4,"1",5362.22998046875,90.34,0.710188641536053,0.598016360376228,-89.8961625980304,-103.961831693975,0.274630230665874,-0.170874613302297
0.3,1,0.155,0.5,0.3,0.2,0.2,"1",4740.07080078125,77.726,0.831166516868722,0.646238468765376,-77.944268011865,-105.219036306316,0.393245633373397,-0.143617012872584
0.3,1,0.155,0.5,0.1,0,0.3,"1",5124.17626953125,81.95,0.747648706916621,0.644764625510576,-86.2435112440087,-95.1185840946216,0.315085427276106,0.0931829125495025
0.3,1,0.155,0.5,0.6,0.1,0.4,"1",5293.3388671875,88.352,0.727158544374997,0.605670124332742,-88.7672955937637,-95.1417245634739,0.283611369935877,0.0956729577482872
0.3,1,0.155,0.6,0.6,0.6,0.2,"1",4491.73779296875,73.835,0.855092717489463,0.663525262705783,-74.4096998204659,-105.292849253551,0.42769964908448,-0.128194583575849
0.3,1,0.155,0.6,0.2,0.7,0.3,"1",4916.33984375,84.503,0.808964891215901,0.655042469765402,-81.2097394890956,-100.115353765983,0.357828074582361,-0.0299843414646586
0.3,1,0.155,0.6,0.2,0.3,0.4,"1",5336.9443359375,87.182,0.727565702433881,0.596074595161871,-88.3268765566968,-96.189229372616,0.289493348057094,0.104253983312128
0.3,1,0.3,0.4,0.7,0.8,0.2,"1",4576.806640625,73.983,0.826273461002874,0.654313395224254,-77.5576011478116,-111.407965709606,0.407227123682887,-0.138202637052703
0.3,1,0.3,0.4,0.3,0,0.3,"1",5063.52685546875,83.656,0.760905610334446,0.633125257095845,-85.2411941180669,-102.587415578133,0.32328441070563,-0.055272278545536
0.3,1,0.3,0.4,0,0.9,0.4,"1",4833.75,70.097,0.69103938618576,0.614826075636498,-95.5024105968034,-99.0864802931217,0.247169658731822,0.0456558636504263
0.3,1,0.3,0.5,0.2,0.5,0.2,"1",4674.87109375,76.33,0.820899179072831,0.63762385641142,-78.5062753381548,-110.840214143141,0.39414247262476,-0.198370133332137
0.3,1,0.3,0.5,0.1,0.8,0.3,"1",5008.9443359375,83.452,0.772327434574918,0.646292506375094,-84.7114360595947,-96.1463899065381,0.332020376954752,0.0807736075148131
0.3,1,0.3,0.5,0.1,0.6,0.4,"1",5382.55078125,86.794,0.703176261144615,0.611801448054645,-90.2275721192483,-100.812125192566,0.274170095654442,-0.0167292345449866
0.3,1,0.3,0.6,0.1,0.8,0.2,"1",4581.3515625,77.656,0.828683566183489,0.650838919416285,-77.2396519715338,-106.519992226297,0.403741141783543,-0.127451129237637
0.3,1,0.3,0.6,0.3,0.7,0.3,"1",5238.3623046875,86.332,0.748512655488631,0.580780224243566,-86.6609929354684,-107.461767887529,0.304624364798651,-0.367935392551839
0.3,1,0.3,0.6,0.2,1,0.4,"1",5108.21728515625,84.173,0.680593665445533,0.592859868731565,-92.1257923211535,-95.92592662835,0.254079131425026,0.092717143403891
0.01,0.8,0.01,0.4,0.1,0.9,0.2,"2",4439.91357421875,74.03,0.836396143743076,0.624074018715962,-76.1362429625355,-104.334999990235,0.411915255031226,-0.00508811802975008
0.01,0.8,0.01,0.4,0.5,0,0.3,"2",4903.8603515625,79.233,0.812038890047856,0.626411094845131,-79.739666550426,-97.1618054725585,0.376372734640413,0.0918452325671367
0.01,0.8,0.01,0.4,0.4,0.9,0.4,"2",5489.3173828125,93.003,0.721479350854468,0.569946062174856,-89.5572516799898,-99.8390209004647,0.286367535188439,0.0561251533029698
0.01,0.8,0.01,0.5,0.6,0,0.2,"2",4586.142578125,73.508,0.850143133276377,0.622987443865534,-74.3783962096161,-103.144321516441,0.429258226585954,-0.0334492290515652
0.01,0.8,0.01,0.5,0.1,0.4,0.3,"2",4936.12060546875,83.378,0.802405807158653,0.641559818138036,-80.9147478026592,-95.1863889309859,0.366888762863227,0.111403979761037
0.01,0.8,0.01,0.5,0.7,0.3,0.4,"2",5286.2216796875,85.328,0.741935999645964,0.611599690705083,-87.3875031937702,-94.0024747206862,0.30536702608666,0.126665781630489
0.01,0.8,0.01,0.6,1,0.3,0.2,"2",4642.65966796875,76.293,0.839145921770057,0.63780417423267,-76.5226415653533,-99.3457172991712,0.411777466895953,0.0591206942139357
0.01,0.8,0.01,0.6,0.7,0.1,0.3,"2",4996.146484375,77.696,0.784922497583495,0.648404192741362,-82.6697482738907,-95.4186023714152,0.354352122948696,0.101542876591482
0.01,0.8,0.01,0.6,0.9,0.7,0.4,"2",5189.79248046875,84.342,0.761512250222151,0.636139170793369,-85.3818113829836,-94.1454676568651,0.326391834933039,0.126641116386004
0.01,0.8,0.155,0.4,0.3,0.1,0.2,"2",4947.7529296875,81.482,0.799830080520072,0.64545072448312,-82.0672353359295,-99.4693527559204,0.355174075384675,0.0224483391453527
0.01,0.8,0.155,0.4,0.5,1,0.3,"2",5006.966796875,82.599,0.72850376776949,0.597974801732794,-87.9957067925035,-96.8439648844583,0.288392506147768,0.0930908173549096
0.01,0.8,0.155,0.4,1,0.6,0.4,"2",5451.703125,88.215,0.694591549667215,0.578455158695461,-91.2411616035817,-96.4639869261156,0.262846915675186,0.0983655862530391
0.01,0.8,0.155,0.5,0.5,1,0.2,"2",4647.2724609375,78.315,0.809899416262806,0.631122010646201,-80.9893913093699,-104.477048688347,0.368625808215819,-0.133535518617611
0.01,0.8,0.155,0.5,0,0.8,0.3,"2",4858.447265625,69.37,0.686004044654561,0.587069159744458,-93.6291496427938,-95.7489683267329,0.250237485500224,0.0805777572169278
0.01,0.8,0.155,0.5,0.1,0.7,0.4,"2",5519.404296875,89.498,0.679276506933092,0.584545967889425,-92.2980071640954,-95.1979006287443,0.256077276279418,0.114511311945349
0.01,0.8,0.155,0.6,0,0.1,0.2,"2",4589.072265625,65.746,0.75627573330967,0.609710920729676,-86.8238637639505,-99.5411976746959,0.306798081552621,0.014631705718642
0.01,0.8,0.155,0.6,0.3,0.7,0.3,"2",5138.2451171875,86.478,0.775414558742501,0.63441312174848,-84.3470584951087,-92.3361770268564,0.33139687427896,0.125636664617298
0.01,0.8,0.155,0.6,0.5,0.6,0.4,"2",5397.9228515625,87.948,0.731816174155064,0.594410195200903,-88.0934051072688,-95.2322015036755,0.292658882664677,0.106417338414759
0.01,0.8,0.3,0.4,1,0.6,0.2,"2",4853.5791015625,78.075,0.805427941073173,0.64655928143247,-80.6816071429333,-110.324065828721,0.366703380083204,-0.322354030591298
0.01,0.8,0.3,0.4,0.1,0.1,0.3,"2",5191.203125,82.403,0.75794874585047,0.64675699740331,-85.8620726818654,-94.2219118012584,0.316519853202607,0.102036351392671
0.01,0.8,0.3,0.4,0.1,0.5,0.4,"2",5607.9033203125,90.408,0.684309792017654,0.580893146708364,-91.8816192392402,-95.0490039761906,0.2517981933604,0.109412990439956
0.01,0.8,0.3,0.5,0.8,0.3,0.2,"2",4844.38037109375,80.472,0.813043821354811,0.635497844428471,-80.146511416635,-98.3542327723883,0.37467720741324,0.0492106312748143
0.01,0.8,0.3,0.5,1,0,0.3,"2",5088.34716796875,82.904,0.767838050648434,0.631074674788443,-85.7677220029046,-94.9947640825616,0.319141031524726,0.102679392668668
0.01,0.8,0.3,0.5,0.5,0.5,0.4,"2",5531.1474609375,87.393,0.692912266814566,0.577002807429065,-91.0897261556463,-97.4827233855916,0.25615667945488,0.0600643329824711
0.01,0.8,0.3,0.6,0.8,1,0.2,"2",4752.18896484375,80.515,0.79602043271522,0.6313586475194,-81.8922654009792,-102.435838421675,0.356251266951766,-0.0953441375057754
0.01,0.8,0.3,0.6,1,0.8,0.3,"2",5215.1552734375,84.198,0.764795421572402,0.647348223395751,-85.0121839914605,-93.2980442477835,0.325962174051385,0.116099288301643
0.01,0.8,0.3,0.6,0.9,0.1,0.4,"2",5527.71728515625,90.667,0.678650811974174,0.591204467598329,-92.1837768822784,-94.8895290074451,0.255730457275011,0.116328813830141
0.01,0.9,0.01,0.4,0.8,1,0.2,"2",4514.36474609375,74.543,0.836174761281396,0.609575561156976,-76.5314607948726,-106.750321387914,0.408456753967409,-0.105088708280189
0.01,0.9,0.01,0.4,0.2,0,0.3,"2",5015.9560546875,79.963,0.805955710100841,0.635588773951412,-81.4074163009405,-95.0033338144088,0.357916793994704,0.105410062273222
0.01,0.9,0.01,0.4,0.4,0.7,0.4,"2",5199.67333984375,84.22,0.751142366031522,0.613902934669132,-85.8234756221666,-94.1713534386884,0.319179623462657,0.121725281467021
0.01,0.9,0.01,0.5,0,0,0.2,"2",4281.32373046875,62.079,0.82067830339492,0.653275744632842,-79.7826378704741,-93.6403545355394,0.382747683585687,0.114499703741166
0.01,0.9,0.01,0.5,0,0.3,0.3,"2",4456.31298828125,65.679,0.779270816349962,0.628658415760931,-85.702973608173,-93.6794557620635,0.324063752074445,0.120545407989526
0.01,0.9,0.01,0.5,0.9,0.4,0.4,"2",5200.97216796875,83.703,0.758951004395185,0.602757073745458,-85.696056301963,-98.6950383746307,0.31636479364878,0.0581458705300029
0.01,0.9,0.01,0.6,0,0.1,0.2,"2",4461.7822265625,63.834,0.775810540142688,0.630796902846136,-84.5301903042551,-99.7238663542212,0.338640895572187,0.0253850398946213
0.01,0.9,0.01,0.6,0.1,0.4,0.3,"2",4956.978515625,80.332,0.801173308249685,0.615119469192359,-81.3153345052995,-99.3226357218631,0.362726682567441,0.0685316774532966
0.01,0.9,0.01,0.6,0.6,0.4,0.4,"2",5166.2470703125,83.41,0.771807804757049,0.599583487953586,-84.1379297469811,-97.8822575437115,0.332678947620514,0.0773546220817091
0.01,0.9,0.155,0.4,0.9,1,0.2,"2",4639.89453125,76.974,0.81357520264775,0.631078997363897,-79.5376897522496,-108.095162012836,0.380633929718423,-0.222459980830698
0.01,0.9,0.155,0.4,0,0,0.3,"2",4937.90869140625,70.391,0.692811308809384,0.6194552954229,-93.4351360553397,-100.527800527935,0.251982068268349,-0.0500665126046356
0.01,0.9,0.155,0.4,0.4,0.5,0.4,"2",5503.79541015625,86.966,0.696394560327456,0.642486367532723,-91.0923167762592,-91.9907209744569,0.263824771851429,0.14250378072142
0.01,0.9,0.155,0.5,0,0.2,0.2,"2",4612.0126953125,65.171,0.751249714345989,0.625591077365374,-87.6778516421329,-97.2784029807806,0.300898371145011,0.0752516056574796
0.01,0.9,0.155,0.5,0.7,0.1,0.3,"2",5101.13232421875,83.648,0.766168598352427,0.630583670221351,-84.6820200828316,-96.6861125165586,0.332381905826391,0.0798619631238274
0.01,0.9,0.155,0.5,1,0.8,0.4,"2",5445.91796875,88.258,0.711757770313152,0.576843614336155,-89.593097713897,-97.6851880451995,0.279456513174112,0.0698867011533117
0.01,0.9,0.155,0.6,0.3,0.3,0.2,"2",4937.1376953125,80.286,0.78691016441201,0.616310710401184,-82.1848082975521,-103.060908927936,0.35526178968776,-0.0521515490502277
0.01,0.9,0.155,0.6,0.5,0.3,0.3,"2",5053.51953125,84.199,0.776499076907704,0.610933630639513,-83.7998414535392,-101.017682381209,0.335336618049998,-0.0229845505825472
0.01,0.9,0.155,0.6,0.7,0.4,0.4,"2",5405.62744140625,87.738,0.701069522934477,0.589225230245584,-90.018011424491,-97.3092039018066,0.273063202586285,0.0650284825993286
0.01,0.9,0.3,0.4,1,0.8,0.2,"2",4870.080078125,79.789,0.808260050039956,0.64039900066701,-80.4307660771847,-107.785200164662,0.370413298614315,-0.260737314367156
0.01,0.9,0.3,0.4,1,0.9,0.3,"2",5269.5166015625,84.946,0.735940891608857,0.605578362624398,-86.9678842652971,-100.37813418537,0.308889062425543,0.00756947381514679
0.01,0.9,0.3,0.4,0.6,0.4,0.4,"2",5484.0830078125,86.601,0.698012486706778,0.607711182482069,-90.6904025278256,-95.8869105386516,0.267639424761894,0.0928370973007747
0.01,0.9,0.3,0.5,0.4,0.9,0.2,"2",4824.96923828125,77.269,0.811076566353536,0.627784856282299,-80.0782429438501,-99.7631424310481,0.372010195770219,-0.00644319496572042
0.01,0.9,0.3,0.5,0.3,0.6,0.3,"2",5195.3310546875,82.353,0.758787596935455,0.595420535110433,-85.9043560862477,-109.01435338552,0.316495076304181,-0.266858955742124
0.01,0.9,0.3,0.5,0.5,0.1,0.4,"2",5543.634765625,89.944,0.678743144215808,0.614115228354892,-91.8794643349466,-92.9643575145323,0.256840515330179,0.113162372412669
0.01,0.9,0.3,0.6,0.1,0.6,0.2,"2",5012.541015625,80.74,0.788215442915938,0.648229979157356,-82.8248643610028,-98.9050390717971,0.349514399113869,-0.00265272821151625
0.01,0.9,0.3,0.6,0.4,0,0.3,"2",5137.1728515625,82.666,0.767800251209258,0.649152826665614,-84.9056251623489,-93.5270357588365,0.321755410907887,0.119696621143531
0.01,0.9,0.3,0.6,0,0.1,0.4,"2",5096.9794921875,69.725,0.642031607561123,0.603772075032731,-96.9723129854531,-92.0558151673969,0.215005564307571,0.136879929572748
0.01,1,0.01,0.4,0.2,0,0.2,"2",4668.060546875,73.826,0.84128791678686,0.653336003711643,-76.3736016498835,-97.059054337731,0.406795582987406,0.0661127390063294
0.01,1,0.01,0.4,0.9,0.9,0.3,"2",4873.7998046875,78.924,0.805118733450428,0.647201173719716,-80.3826846412775,-99.0196727597029,0.372122815745698,0.0563950694278281
0.01,1,0.01,0.4,0.5,0,0.4,"2",5176.224609375,84.226,0.78450731218375,0.621923520556833,-83.8988276527335,-94.2951779686887,0.331186894668919,0.110061944941861
0.01,1,0.01,0.5,0.6,0.5,0.2,"2",4572.6044921875,72.671,0.850422266263701,0.635115910432673,-74.9970813271165,-117.360835526865,0.421702371007812,-0.586246190004762
0.01,1,0.01,0.5,0.2,1,0.3,"2",4604.18701171875,76.437,0.813638859549387,0.631685875615969,-80.3545560427283,-98.2803821622153,0.372243945387187,0.0813741534959533
0.01,1,0.01,0.5,0.1,0.3,0.4,"2",5178.92138671875,94.307,0.758853721293954,0.61830021220846,-85.5803883381646,-98.0546222983777,0.320261449458093,0.0748130160319293
0.01,1,0.01,0.6,0.1,0,0.2,"2",4499.4443359375,73.656,0.857548529981056,0.649129337615591,-74.0122685842662,-105.000163519289,0.436370551681864,-0.101822186795698
0.01,1,0.01,0.6,0.4,0.3,0.3,"2",4847.8349609375,78.001,0.815572070794788,0.631275034661117,-79.9453645179833,-100.514585637377,0.373972647480523,0.00283094890617885
0.01,1,0.01,0.6,0.3,0.6,0.4,"2",5166.18359375,82.85,0.767733298598981,0.604831300097711,-84.360343521019,-98.0409122645461,0.33445973142308,0.0722637885142461
0.01,1,0.155,0.4,0.4,0,0.2,"2",4893.38134765625,78.232,0.821453764743011,0.614378674986092,-79.153144528405,-100.024496684005,0.379754695595737,0.0232360487756585
0.01,1,0.155,0.4,0.1,0.4,0.3,"2",5173.40576171875,84.38,0.761006485260709,0.63810284936244,-85.6411766346285,-94.364532534606,0.320242651607292,0.108458111406919
0.01,1,0.155,0.4,0.8,0.3,0.4,"2",5472.03125,88.478,0.718424833129366,0.597713202225137,-89.8672065484766,-95.5273981030661,0.271074109339102,0.0953244549699989
0.01,1,0.155,0.5,0.2,1,0.2,"2",4487.79638671875,75.246,0.814117594366968,0.636029397412603,-79.9463884862679,-105.329734732146,0.377065838013898,-0.084876130198601
0.01,1,0.155,0.5,0.8,0.5,0.3,"2",5072.337890625,83.134,0.779745852041615,0.619046671887678,-84.0745512498994,-94.6928495314376,0.33499544762063,0.10129614106474
0.01,1,0.155,0.5,0.6,0.3,0.4,"2",5509.20068359375,89.333,0.716026291806842,0.540719122392716,-89.4400490707341,-95.7314066737405,0.274939590064109,0.113131962384691
0.01,1,0.155,0.6,0.3,0.2,0.2,"2",4807.359375,78.294,0.82045584478157,0.626544770569174,-79.0120275172509,-107.390256556539,0.382045593348174,-0.179819747229387
0.01,1,0.155,0.6,0,0.4,0.3,"2",4860.1455078125,67.099,0.697434507616064,0.59238670725883,-92.1874000659198,-94.3882681835408,0.268255048822384,0.104988206071735
0.01,1,0.155,0.6,0.5,0.7,0.4,"2",5472.74609375,88.45,0.695913455738561,0.609159610754879,-91.3513911060838,-92.254481621774,0.264571807032668,0.137398985868079
0.01,1,0.3,0.4,0,0.1,0.2,"2",4740.89990234375,66.177,0.741446929884941,0.622798795486349,-87.9421077187651,-95.7678243215527,0.29951726076147,0.077312827314979
0.01,1,0.3,0.4,0.1,0.9,0.3,"2",4923.38916015625,82.4,0.768636178026287,0.624748546049164,-84.7287969929466,-95.3005252494951,0.326922568311179,0.0796764267729789
0.01,1,0.3,0.4,0.8,1,0.4,"2",5251.4521484375,85.593,0.683221952920161,0.59539680373067,-91.6690604352169,-95.9936488695646,0.257399940607777,0.0837965254357187
0.01,1,0.3,0.5,0.8,0.5,0.2,"2",4858.95166015625,77.197,0.814504276821894,0.663659593461384,-80.0044190480404,-98.6382270016042,0.370001981398928,0.00236212013978617
0.01,1,0.3,0.5,0.5,0.2,0.3,"2",5269.29296875,83.478,0.745245946158623,0.602598516856829,-86.4744881797977,-94.6037570511213,0.304823560138429,0.107832698117887
0.01,1,0.3,0.5,1,0.7,0.4,"2",5429.259765625,155.606,0.714743113470643,0.635750102215362,-90.1202098294009,-91.5103796609309,0.271482385064205,0.146484423953625
0.01,1,0.3,0.6,0.4,0.8,0.2,"2",4817.20654296875,78.203,0.814009514773855,0.651820662307129,-79.6906910163677,-109.37386330339,0.384266014826154,-0.200516194658546
0.01,1,0.3,0.6,0.1,0.4,0.3,"2",5124.5546875,81.795,0.767515000934061,0.634488021569224,-84.9273671437577,-103.744326762786,0.321077281367586,-0.17863956999208
0.01,1,0.3,0.6,0.8,0.8,0.4,"2",5478.7373046875,89.962,0.701193306897124,0.602908901449502,-90.1389088435964,-94.6018637967198,0.271228961225164,0.0972210731852522
0.155,0.8,0.01,0.4,0,0,0.2,"2",4296.98095703125,62.219,0.810278284871795,0.633404701866445,-80.886790092831,-100.453755034682,0.371427683569753,0.0020269823324034
0.155,0.8,0.01,0.4,0,0.3,0.3,"2",4570.11328125,65.014,0.766431567550279,0.622348478441296,-87.0195577516216,-94.4418331784301,0.314493344467569,0.117984472706156
0.155,0.8,0.01,0.4,0,0.1,0.4,"2",4725.9853515625,67.78,0.740738999927242,0.620785579253716,-89.2532860679786,-93.5293768688574,0.29590886594167,0.127257844653972
0.155,0.8,0.01,0.5,0.5,1,0.2,"2",4405.2490234375,73.057,0.842312891108348,0.642477422091659,-75.8553615418432,-106.579197003124,0.415426110773547,-0.13162239827783
0.155,0.8,0.01,0.5,0.2,1,0.3,"2",4674.61279296875,75.082,0.799534230780132,0.618703362545541,-81.8757635639775,-96.0716188376162,0.354932179974395,0.101226645687438
0.155,0.8,0.01,0.5,0.7,0.6,0.4,"2",5254.6982421875,84.65,0.733758114091288,0.604212038494327,-87.5611018408449,-96.4348673286441,0.311374879401215,0.10074120348781
0.155,0.8,0.01,0.6,0.3,0.5,0.2,"2",4555.1259765625,74.684,0.852669640226019,0.637400192952196,-74.0875190778225,-105.92447667735,0.430620774532056,-0.0640758557664394
0.155,0.8,0.01,0.6,0.6,0.3,0.3,"2",4944.6728515625,79.267,0.801736248264113,0.586243534121305,-81.0640302775987,-106.476463809208,0.365313728584095,-0.0290027235058301
0.155,0.8,0.01,0.6,0,0.6,0.4,"2",4838.60546875,66.272,0.736143528367947,0.608388755556275,-91.2695728672885,-96.7394837554727,0.279355512581306,0.129407644873164
0.155,0.8,0.155,0.4,0.7,0.5,0.2,"2",4821.62158203125,78.943,0.81046743035181,0.670472363669295,-79.7910900356498,-101.818317848248,0.377497064183738,-0.0660509834093521
0.155,0.8,0.155,0.4,0.4,0.4,0.3,"2",5285.5966796875,112.985,0.735037815470913,0.594848036404409,-87.1676669750787,-101.140885341032,0.30182593125258,-0.0457867110286009
0.155,0.8,0.155,0.4,0.9,0.7,0.4,"2",5666.6826171875,91.476,0.665914909261966,0.560433338625474,-93.305188859776,-95.5275848595973,0.242463503593475,0.106853234162541
0.155,0.8,0.155,0.5,0.7,0.8,0.2,"2",4896.357421875,111.068,0.800425157998121,0.644169195002528,-81.7107861725569,-102.803050050926,0.355349467904874,-0.0047457865913029
0.155,0.8,0.155,0.5,1,0.5,0.3,"2",5211.05712890625,84.002,0.756835489258594,0.631008273305268,-85.7735380858681,-95.5868013848979,0.314864926266587,0.0836002375743106
0.155,0.8,0.155,0.5,0.2,0.6,0.4,"2",5493.19677734375,90.312,0.696629680126002,0.576302252379618,-90.8427905798306,-93.2932889811048,0.265643072578988,0.132416616924609
0.155,0.8,0.155,0.6,0.8,0.5,0.2,"2",4807.21435546875,79.502,0.799963947971972,0.635619230651733,-80.6049368269158,-102.247660284597,0.372863887506856,-0.0349563003050406
0.155,0.8,0.155,0.6,0.4,0.8,0.3,"2",5222.07861328125,87.928,0.744026818398254,0.596715575183712,-86.9291227884774,-101.230031364346,0.303756419264094,-0.0314758100778507
0.155,0.8,0.155,0.6,0.7,1,0.4,"2",5214.0537109375,85.569,0.698570229638973,0.577593515385502,-90.5774853728026,-96.4693095608071,0.266193957300653,0.091612488987295
0.155,0.8,0.3,0.4,0.3,0.3,0.2,"2",4955.3740234375,78.503,0.794297380978802,0.635652579162809,-81.5349169025176,-97.2552310599278,0.357370708015171,0.0543895328582687
0.155,0.8,0.3,0.4,0.2,0.5,0.3,"2",5258.6748046875,85.601,0.745243250717899,0.578106247104542,-87.2801950413262,-97.8916745193609,0.298096871347855,0.0602300068014411
0.155,0.8,0.3,0.4,0.7,0.9,0.4,"2",5552.1884765625,89.994,0.66860710037188,0.563171077466154,-92.8043706208904,-104.754998585899,0.243780257702443,-0.0957313038806618
0.155,0.8,0.3,0.5,0.7,0,0.2,"2",5007.8916015625,169.642,0.785188534383507,0.624970340689117,-83.0207332954254,-106.047349901024,0.346674596572614,-0.177155913006675
0.155,0.8,0.3,0.5,1,1,0.3,"2",5216.35498046875,85.324,0.714599314356399,0.578841173488978,-88.6555970361828,-101.625238067681,0.284386367135885,-0.0235501537850551
0.155,0.8,0.3,0.5,0.4,0.5,0.4,"2",5734.7373046875,89.343,0.635355623228266,0.579860380514153,-94.868726018863,-93.7334197613369,0.226985438738549,0.110488121083702
0.155,0.8,0.3,0.6,0.3,1,0.2,"2",4577.1689453125,76.563,0.808339232999829,0.658212829902408,-80.4537454163985,-101.904108562893,0.370225927085402,0.00338431528513627
0.155,0.8,0.3,0.6,0.6,0.1,0.3,"2",5261.8466796875,84.34,0.735187084916486,0.615915222431101,-87.4257618792125,-100.654463475906,0.300775193932398,-0.0110790327721857
0.155,0.8,0.3,0.6,0.1,0.3,0.4,"2",5564.4033203125,95.552,0.672455329862282,0.611311796547837,-93.0538782648143,-94.5923273782528,0.241602600937308,0.112177046340079
0.155,0.9,0.01,0.4,0.2,0.6,0.2,"2",4820.0712890625,75.793,0.816883718157485,0.638300905190291,-79.1479888096892,-101.770791343625,0.383491260427934,-0.0120646748075136
0.155,0.9,0.01,0.4,0.6,0.9,0.3,"2",5198.49267578125,84.488,0.75435911434896,0.611810159524887,-86.2857096207565,-98.9160250362957,0.314503963666662,0.0696167233175526
0.155,0.9,0.01,0.4,0.6,0,0.4,"2",5270.4873046875,83.475,0.755507997742459,0.627748744813962,-86.1126859827724,-94.1109932187652,0.31803335939963,0.115050049256013
0.155,0.9,0.01,0.5,0.2,0.3,0.2,"2",4679.07470703125,74.404,0.845090355526968,0.664874289338271,-76.0770288961244,-94.2098190790373,0.41242525390422,0.106273621636303
0.155,0.9,0.01,0.5,0.8,0.5,0.3,"2",5045.27783203125,82.913,0.7887660472367,0.593394073621589,-82.900425222004,-100.700667943122,0.348564870183827,0.0539759082668327
0.155,0.9,0.01,0.5,0.7,0.6,0.4,"2",5285.904296875,84.931,0.754871104362047,0.62558411373682,-85.7686667127513,-95.6989415216484,0.320923556607946,0.101749866830895
0.155,0.9,0.01,0.6,0.2,0.1,0.2,"2",4634.1015625,72.781,0.828819233167343,0.653636078861462,-77.3353470164879,-99.2512630288841,0.400070296186852,0.0481458697101517
0.155,0.9,0.01,0.6,0.6,0.7,0.3,"2",4962.1796875,80.143,0.781544722032167,0.625463759268107,-82.7422029905211,-96.1208623265006,0.359064820479193,0.103280289951577
0.155,0.9,0.01,0.6,0.5,0.5,0.4,"2",5333.1005859375,87.393,0.726194030277686,0.618040520426496,-88.8021219188882,-95.0503169762333,0.296174813273098,0.104907313975881
0.155,0.9,0.155,0.4,0.4,1,0.2,"2",4610.35205078125,75.427,0.803915939114556,0.66193506525641,-81.1089913148873,-102.451374997299,0.365038970931694,-0.101854658647786
0.155,0.9,0.155,0.4,0.6,0.6,0.3,"2",5245.61083984375,84.209,0.758657412117976,0.632314121379552,-85.5411835424881,-92.7231455945182,0.318336116672146,0.135931032919387
0.155,0.9,0.155,0.4,0.8,0.6,0.4,"2",5609.1181640625,90.791,0.686999525108203,0.610772664095874,-91.8929956346209,-92.1988685889251,0.250724849573555,0.143132107190335
0.155,0.9,0.155,0.5,0,0.4,0.2,"2",4558.54736328125,64.25,0.778333970412404,0.603573208054772,-83.8922150455719,-98.9295055176393,0.339003314697201,0.0649816762468886
0.155,0.9,0.155,0.5,0.3,0.7,0.3,"2",5268.2431640625,86.086,0.763009394778051,0.618413354686266,-85.9601008686389,-95.6807978457839,0.314051597641758,0.0733770554478186
0.155,0.9,0.155,0.5,0.1,0.2,0.4,"2",5666.1953125,90.916,0.658370322856479,0.576568095260018,-93.976930061498,-93.0273402503226,0.23343796290259,0.130021490857662
0.155,0.9,0.155,0.6,0.6,0.3,0.2,"2",4867.38134765625,77.866,0.806245855892447,0.663522656320504,-79.9638938488458,-98.9879920029664,0.372812729402572,0.00371222374867263
0.155,0.9,0.155,0.6,0.2,0.7,0.3,"2",5230.0439453125,83.657,0.758901431512199,0.609141078030145,-85.8911340630952,-97.9112130314024,0.309631612665046,0.0692587244043216
0.155,0.9,0.155,0.6,0.1,0,0.4,"2",5512.486328125,89.872,0.684927020894817,0.581577512368753,-91.2277986088376,-95.0776290830339,0.266678176243231,0.106781215653534
0.155,0.9,0.3,0.4,0.2,0.5,0.2,"2",4826.17138671875,77.824,0.811060293679942,0.640032130731193,-81.0944915667555,-96.6243449242793,0.362953972532003,0.0926419562440202
0.155,0.9,0.3,0.4,0.4,0.7,0.3,"2",5246.7626953125,82.475,0.757773271319232,0.580496820461121,-86.0345000659256,-95.6876709199964,0.309995509760752,0.109766845893705
0.155,0.9,0.3,0.4,1,0.6,0.4,"2",5646.12060546875,90.096,0.65985453514254,0.593053472982608,-93.7301699276212,-93.2693091806998,0.244051342548869,0.123478411663918
0.155,0.9,0.3,0.5,0.6,0.1,0.2,"2",5053.638671875,81.572,0.777304596347406,0.634122229460571,-83.8627856976687,-95.6203307146234,0.335824443041911,0.0867525948828267
0.155,0.9,0.3,0.5,1,0,0.3,"2",5286.88427734375,85.605,0.734902590030157,0.623497904482559,-88.2216303568368,-96.9380072920427,0.289095327419604,0.0643730139522708
0.155,0.9,0.3,0.5,0.8,0.5,0.4,"2",5566.4052734375,88.034,0.655470456345388,0.591910886467579,-94.0457375342067,-93.7123930173471,0.236274604233068,0.115617589269219
0.155,0.9,0.3,0.6,0.3,1,0.2,"2",4734.14013671875,77.79,0.790146369779386,0.637993867003351,-82.8786935188697,-99.388450157492,0.346864702603714,0.0195267477137651
0.155,0.9,0.3,0.6,0.1,0.7,0.3,"2",5423.83935546875,88.038,0.707622729490641,0.566194886090986,-89.3763460628059,-96.9145906142521,0.283337133403495,0.0982550728952167
0.155,0.9,0.3,0.6,0.3,0.4,0.4,"2",5564.12646484375,88.483,0.676371977301364,0.585765804460924,-92.2465439196083,-96.6054520776025,0.252293311318977,0.0772929167736505
0.155,1,0.01,0.4,0.8,1,0.2,"2",4690.369140625,77.106,0.812358168568102,0.628257858758178,-79.756352071872,-96.4816027790431,0.380613424008859,0.0891883490112092
0.155,1,0.01,0.4,0.7,0.4,0.3,"2",5058.875,96.079,0.776685892096162,0.634820522949786,-83.7850515885418,-95.1981838405781,0.343248303651201,0.0886859800929472
0.155,1,0.01,0.4,0.8,0.2,0.4,"2",5244.60791015625,84.168,0.748494106166299,0.597601386429711,-86.6490260575713,-97.6977863762173,0.315177172065899,0.0730249224934651
0.155,1,0.01,0.5,0.6,0.1,0.2,"2",4765.4013671875,76.064,0.823694628083433,0.645435902171303,-78.1462477408459,-103.894914568476,0.394071983613697,-0.00831430040912728
0.155,1,0.01,0.5,0.9,0.7,0.3,"2",5044.92431640625,154,0.785839775529665,0.623595800256073,-83.0201463544097,-97.9839666743712,0.349414625892398,0.0755007132085472
0.155,1,0.01,0.5,0.9,0.7,0.4,"2",5331.8916015625,88.166,0.73498985325266,0.612774842950141,-88.4345448975137,-96.3170258718118,0.29936468876049,0.0799455558649849
0.155,1,0.01,0.6,0.4,1,0.2,"2",4461.43505859375,72.495,0.840597109115428,0.632016057929315,-76.2359488159599,-100.340759960301,0.413769552451476,0.0676477889632149
0.155,1,0.01,0.6,0.9,0.1,0.3,"2",5011.80322265625,79.848,0.788108097126385,0.632481596030189,-83.0252210025649,-98.3638753891275,0.347047563755222,0.0595574390431904
0.155,1,0.01,0.6,0.6,0.7,0.4,"2",5219.79248046875,83.654,0.759246059367329,0.588435154722452,-85.5584462237845,-100.989229235842,0.321322451944814,0.0652345379794352
0.155,1,0.155,0.4,0,0.2,0.2,"2",4586.06982421875,64.848,0.769928820650656,0.594445946683798,-85.8976388540908,-98.3673326809105,0.317763854043758,0.0535513120151806
0.155,1,0.155,0.4,1,0.4,0.3,"2",5178.3154296875,114.51,0.752249450432704,0.663330552790804,-85.4778264355676,-91.7332768119266,0.32282920708164,0.133397996564554
0.155,1,0.155,0.4,0.8,0.9,0.4,"2",5539.12255859375,89.092,0.672664037033779,0.559813914161207,-92.0517161034581,-96.3134159639754,0.259737964671822,0.107742038122177
0.155,1,0.155,0.5,0,0.3,0.2,"2",4535.15771484375,64.876,0.790780500897023,0.602494157885782,-85.1696319231929,-102.704344353327,0.325227953987452,-0.0333174638079054
0.155,1,0.155,0.5,0,0.8,0.3,"2",4896.4150390625,68.882,0.688523265804015,0.556928493501384,-93.0307288580147,-95.6068548822288,0.248305892966333,0.103564705366274
0.155,1,0.155,0.5,0.1,0.7,0.4,"2",5523.626953125,89.171,0.693767221741489,0.597579852301719,-91.4385126831979,-93.7797454319025,0.262077616148137,0.118763336064355
0.155,1,0.155,0.6,0,0.3,0.2,"2",4506.69873046875,66.519,0.756615264526651,0.617076671355231,-86.4583163095355,-99.6273765993731,0.31398488524472,0.0501231739790097
0.155,1,0.155,0.6,1,0.9,0.3,"2",5172.88720703125,81.528,0.749048644026803,0.642008323249798,-86.6031462020282,-91.9978372748268,0.315454123737686,0.136995515510312
0.155,1,0.155,0.6,0.4,0.1,0.4,"2",5429.85693359375,90.816,0.692872863645127,0.571476320086721,-90.4094194591177,-96.5819898421474,0.277953721910407,0.099680422290709
0.155,1,0.3,0.4,0.3,0,0.2,"2",5057.7333984375,81.613,0.790060574472682,0.600289518980909,-83.3544004539104,-104.416021318499,0.340611257541183,-0.101327051075728
0.155,1,0.3,0.4,0.1,0.2,0.3,"2",5189.97900390625,83.001,0.755498620489902,0.632039117224539,-85.9286101204279,-97.513223761802,0.308941839391694,0.0375884613462906
0.155,1,0.3,0.4,0.9,0,0.4,"2",5704.9345703125,91.576,0.661603546783247,0.584129383175632,-94.4856304401914,-93.2900864488226,0.225460204985007,0.114530861633704
0.155,1,0.3,0.5,0.7,0.9,0.2,"2",4885.39111328125,76.389,0.803340377438899,0.63042562693298,-80.4587968651285,-104.33248596762,0.369306624720092,-0.1283999478533
0.155,1,0.3,0.5,0.9,0.5,0.3,"2",5308.0966796875,85.986,0.723644796143597,0.613906695610127,-88.6902707713345,-95.4678097342702,0.287835241147538,0.109129125257926
0.155,1,0.3,0.5,0,0.2,0.4,"2",5047.34912109375,70.984,0.653776241627991,0.640227073946703,-98.2723401605406,-90.9173762958873,0.219644917218256,0.149374444423891
0.155,1,0.3,0.6,0.7,0.6,0.2,"2",4935.10400390625,82.219,0.79601083558814,0.65359480927096,-81.7726321739191,-104.437189241711,0.356282018566569,-0.218272701965496
0.155,1,0.3,0.6,1,0.2,0.3,"2",5180.26025390625,84.298,0.76552951998865,0.644062580188433,-84.49797998797,-96.3211393003791,0.330136307113452,0.0784316554615162
0.155,1,0.3,0.6,0,0.1,0.4,"2",5170.5126953125,72.339,0.66031163878701,0.572966285238237,-95.7529247063585,-95.2938724161042,0.225044662622019,0.0996900398257645
0.3,0.8,0.01,0.4,0.8,0,0.2,"2",4702.8369140625,77.128,0.839445303094103,0.650839227335924,-76.3462749216771,-96.4395404099152,0.411317364697184,0.090125153576852
0.3,0.8,0.01,0.4,0.9,1,0.3,"2",4796.3427734375,79.795,0.790924217464244,0.664640695554485,-82.0028980773253,-93.7218292508634,0.355997491431592,0.116611121334206
0.3,0.8,0.01,0.4,0.6,0.2,0.4,"2",5247.17822265625,82.916,0.760714223744531,0.615420607087807,-85.5774946572289,-97.479772061928,0.327369671568145,0.0859538840638558
0.3,0.8,0.01,0.5,0.2,0.2,0.2,"2",4809.794921875,77.97,0.818485387768213,0.637298705446617,-79.4504071881843,-101.810347562271,0.38282636767605,-0.00468091336716281
0.3,0.8,0.01,0.5,0,0.6,0.3,"2",4490.484375,66.221,0.776329613490142,0.62489722713348,-85.2191191848867,-94.0989254048942,0.33051760998149,0.103226900587465
0.3,0.8,0.01,0.5,0.7,1,0.4,"2",5055.4169921875,84.065,0.733762451173318,0.59638769005457,-87.5809517873309,-97.1022768334021,0.303016926604459,0.0943269663715607
0.3,0.8,0.01,0.6,0.2,0.1,0.2,"2",4581.10693359375,73.583,0.847187776264906,0.659702462648967,-74.8052868990529,-96.6990978341149,0.423626367881624,0.0741521077118317
0.3,0.8,0.01,0.6,0.7,0.5,0.3,"2",5005.61328125,82.148,0.787637487683247,0.646699388810962,-82.8775503039689,-94.2885511486079,0.348466652112042,0.103297570703593
0.3,0.8,0.01,0.6,0.5,0.8,0.4,"2",5274.69970703125,86.182,0.748368827289809,0.606648745187748,-86.9172972910576,-97.1398051305886,0.313358127424671,0.0858661430152887
0.3,0.8,0.155,0.4,0.6,0,0.2,"2",4970.71875,79.815,0.790326676334238,0.644650781632879,-82.4332169624231,-99.6852669459859,0.348714775248589,-0.0296004890817033
0.3,0.8,0.155,0.4,0.8,1,0.3,"2",5029.03271484375,83.783,0.729110912660731,0.626997199226526,-87.2813934909076,-99.0578885066208,0.306526954099282,0.0168995645361638
0.3,0.8,0.155,0.4,0.3,0.9,0.4,"2",5535.96484375,89.843,0.674232677268681,0.567731701790206,-92.5692494513285,-96.357211682396,0.252450944480705,0.0988854148417891
0.3,0.8,0.155,0.5,1,0.9,0.2,"2",5016.796875,81.11,0.782140722426802,0.659873935306587,-83.4308925870399,-96.0922271315006,0.341476278382083,0.100719742805076
0.3,0.8,0.155,0.5,0.4,0.4,0.3,"2",5209.3427734375,83.904,0.757289444021274,0.614537800971092,-85.845947881949,-93.411754181244,0.31525079768724,0.135037926558838
0.3,0.8,0.155,0.5,0.4,0.8,0.4,"2",5458.8955078125,88.655,0.679457106660575,0.609475916792626,-91.626934765233,-99.6790997924534,0.267596000618193,0.0688529261026663
0.3,0.8,0.155,0.6,1,0.1,0.2,"2",4837.79296875,77.434,0.810145496966732,0.653082703839844,-80.5917396587273,-98.0073862456631,0.36999270705386,0.0728079776083613
0.3,0.8,0.155,0.6,0,0.6,0.3,"2",4832.22216796875,67.774,0.705842876934778,0.629431148778442,-91.5866454120233,-93.3237731972248,0.271107272210371,0.118024565977678
0.3,0.8,0.155,0.6,1,0.7,0.4,"2",5590.4052734375,91.775,0.682818887244498,0.589782471680383,-91.9657732766896,-94.7770415508606,0.250047713858995,0.118650151945795
0.3,0.8,0.3,0.4,0.6,0.8,0.2,"2",4912.3837890625,77.699,0.820056793038953,0.633404986483631,-79.3433242156567,-104.973008792303,0.378362205622581,-0.0833189742531571
0.3,0.8,0.3,0.4,0.1,0.4,0.3,"2",5200.0078125,97.268,0.739054948836987,0.617562002445314,-86.829224957433,-98.9396811834572,0.307921871403802,0.032149750182649
0.3,0.8,0.3,0.4,0.4,0,0.4,"2",5647.4560546875,90.013,0.673752325383081,0.543233949258566,-92.3736726002367,-98.5698973458674,0.247170055352795,0.0694818907974722
0.3,0.8,0.3,0.5,1,0.6,0.2,"2",5021.97412109375,80.021,0.771963439121139,0.653256737342415,-83.9196679030631,-97.4781020922746,0.337224646391019,0.0627995701181706
0.3,0.8,0.3,0.5,0.1,0.5,0.3,"2",5263.3857421875,82.629,0.748288584535047,0.622209759727343,-86.8148245935097,-99.2198359214713,0.303349441252598,0.014255926526301
0.3,0.8,0.3,0.5,1,0.9,0.4,"2",5531.267578125,89.793,0.689224344529669,0.55329548894713,-91.3480268322046,-98.7436631522776,0.260506452214807,0.0534914557537133
0.3,0.8,0.3,0.6,0.4,0.7,0.2,"2",4966.091796875,81.756,0.789712082793761,0.644563919432845,-82.5421331245448,-97.2760919918471,0.35215548377396,0.0902604867874626
0.3,0.8,0.3,0.6,0.4,0,0.3,"2",5324.44970703125,83.923,0.72805452364031,0.592321831376605,-88.5314106671479,-100.576085708977,0.294444017107921,0.0190163618727081
0.3,0.8,0.3,0.6,0,0.1,0.4,"2",5165.73291015625,71.249,0.6459859894224,0.559795202606903,-99.0627359834897,-95.8897673443322,0.210534172222315,0.127356965546631
0.3,0.9,0.01,0.4,1,0.5,0.2,"2",4662.013671875,74.177,0.846678492360131,0.659615656713909,-75.9009368541901,-99.2474898178914,0.412955657345281,0.0424064910470433
0.3,0.9,0.01,0.4,0.1,0.9,0.3,"2",4705.46435546875,80.085,0.778320166671323,0.626677377771261,-83.5119619556848,-100.391489550848,0.346944117140392,0.0046141326133177
0.3,0.9,0.01,0.4,0.6,0.6,0.4,"2",5275.39208984375,86.929,0.764670522703112,0.628446038111426,-85.6975521794269,-95.0893727865018,0.318381374478739,0.102665152591428
0.3,0.9,0.01,0.5,0.8,1,0.2,"2",4454.70703125,74.982,0.843513563309496,0.636360916758402,-75.7958918859005,-107.50794816841,0.41534847384853,-0.148920029935565
0.3,0.9,0.01,0.5,0.7,0.7,0.3,"2",5013.27587890625,81.241,0.796032757333317,0.65840031024121,-82.1689995834466,-97.8426466435818,0.352411388015715,0.0762127260521258
0.3,0.9,0.01,0.5,1,0.4,0.4,"2",5417.8359375,84.848,0.73082788158768,0.603295034904157,-88.6936993306776,-95.3006127684154,0.293238888041452,0.118471451853523
0.3,0.9,0.01,0.6,0.6,0.5,0.2,"2",4618.3310546875,155.747,0.85307331579011,0.641473733711585,-74.9744656956444,-101.841617809175,0.421145138810467,-0.0311429759984029
0.3,0.9,0.01,0.6,0.3,0,0.3,"2",5045.55029296875,125.62,0.789965974209604,0.644424349075351,-82.0077808202657,-94.7212849116908,0.353531495912221,0.108002208553043
0.3,0.9,0.01,0.6,0.8,0.7,0.4,"2",5299.81787109375,83.787,0.762131970795351,0.599899747839859,-85.6042558073085,-98.6560062697645,0.320982736838622,0.0758402281670157
0.3,0.9,0.155,0.4,0.9,0.7,0.2,"2",4946.21337890625,77.402,0.794434433168411,0.639115836889974,-82.1315314264584,-102.949594551754,0.351904846248699,-0.147208646223394
0.3,0.9,0.155,0.4,0.9,0.8,0.3,"2",5241.275390625,85.357,0.744307496327459,0.612765531017875,-86.8108348108495,-94.5196139059255,0.307173144288068,0.0905687214305757
0.3,0.9,0.155,0.4,0.4,0.1,0.4,"2",5650.55859375,89.028,0.674939074021035,0.575999042458441,-92.4916873680174,-96.2391468215879,0.249608973666535,0.0824454944091838
0.3,0.9,0.155,0.5,0.1,0,0.2,"2",4736.5263671875,93.883,0.81433490173033,0.650379247185513,-79.7248070628147,-100.502989462005,0.380258821224437,0.00723921797692886
0.3,0.9,0.155,0.5,0,0.5,0.3,"2",4878.13134765625,67.025,0.710382321134944,0.628252189421201,-91.426033546321,-93.8725958149017,0.272190637853664,0.110901273397314
0.3,0.9,0.155,0.5,0.2,0.5,0.4,"2",5559.7802734375,90.032,0.67769705457121,0.594565169406388,-92.9875277107399,-94.4515540747741,0.241074387861679,0.105490723357494
0.3,0.9,0.155,0.6,0.2,0.9,0.2,"2",4855.33349609375,76.533,0.820876084546503,0.643300253943903,-79.3752868499088,-105.690373338002,0.376227828215434,-0.17982182383653
0.3,0.9,0.155,0.6,0.3,0.3,0.3,"2",5266.439453125,86.084,0.75210504341712,0.574143107295281,-86.8462938947014,-96.6912376348206,0.303802119036505,0.0749256963329437
0.3,0.9,0.155,0.6,0.2,1,0.4,"2",5201.97607421875,85.223,0.679388816844716,0.599884590915068,-91.548225444725,-92.9098542626518,0.257103174069776,0.124208117831134
0.3,0.9,0.3,0.4,0.7,0.7,0.2,"2",4866.97265625,78.969,0.804512319910897,0.637825167051776,-81.1260894328697,-107.009480543712,0.363195056062734,-0.133536087648504
0.3,0.9,0.3,0.4,0.9,0.9,0.3,"2",5412.48486328125,85.103,0.72159803421304,0.620581407083965,-89.0181172194875,-93.9136052957035,0.282451571956101,0.114508900607465
0.3,0.9,0.3,0.4,0.6,0.2,0.4,"2",5549.8955078125,94.776,0.687701188285401,0.606952641939854,-91.8898562608039,-99.1346146609649,0.252713861683623,0.0185411590405275
0.3,0.9,0.3,0.5,0.5,0.7,0.2,"2",4870.52001953125,117.505,0.80480125342231,0.644049786560177,-80.4394075208958,-107.861821424991,0.373146805332918,-0.13392765591345
0.3,0.9,0.3,0.5,0.5,0.6,0.3,"2",5156.65185546875,84.847,0.754249262103445,0.637002633192957,-85.7081582360286,-98.642131504057,0.319017907478643,-0.0329458853769838
0.3,0.9,0.3,0.5,1,0.7,0.4,"2",5581.875,90.882,0.680269558521204,0.591140737715759,-91.8531429423911,-93.9665176767943,0.255697448385981,0.115529848356193
0.3,0.9,0.3,0.6,0.1,0.7,0.2,"2",4849.01904296875,77.105,0.814897809658321,0.654759381019505,-79.8358497835804,-100.000013309377,0.375520277232582,-0.0252883865871588
0.3,0.9,0.3,0.6,0.8,0,0.3,"2",5206.87451171875,83.084,0.750216984126633,0.636737176715331,-86.0875615620629,-98.2668220659125,0.319001581622116,0.0524775055823487
0.3,0.9,0.3,0.6,0.2,0.5,0.4,"2",5797.2451171875,89.246,0.640811616500915,0.560062529727385,-94.9324546850784,-95.6602295270736,0.219517502400049,0.103744857598545
0.3,1,0.01,0.4,0.5,0.3,0.2,"2",4574.70263671875,75.587,0.84963505632374,0.652743496518006,-75.0085606598557,-104.388730862734,0.426594626725117,-0.0222083751666997
0.3,1,0.01,0.4,0.9,0.5,0.3,"2",4959.6962890625,79.767,0.80513826824654,0.640993582547824,-81.0510885452083,-95.5591411014706,0.364139045257716,0.107109783862608
0.3,1,0.01,0.4,0.1,0.3,0.4,"2",5260.85888671875,92.828,0.729575503361628,0.599706824091415,-87.812278091742,-96.650894143168,0.306321618809603,0.106175021029593
0.3,1,0.01,0.5,1,0.7,0.2,"2",4534.9853515625,73.474,0.85467806706878,0.661638623603671,-73.8167264524324,-102.279040872616,0.434847721779937,-0.0219806357547596
0.3,1,0.01,0.5,0.2,0.1,0.3,"2",4948.8173828125,79.56,0.799520857567355,0.590798823346777,-81.2205429914579,-108.307156223176,0.362326201034225,-0.0965310219791521
0.3,1,0.01,0.5,1,0.2,0.4,"2",5285.3779296875,84.55,0.761561448214463,0.598333657635661,-85.3051542239301,-98.632090768459,0.320901097202225,0.0740795960945727
0.3,1,0.01,0.6,0.7,0,0.2,"2",4701.1064453125,76.194,0.839626230101434,0.630679675322152,-76.6157648676566,-103.222435915129,0.409586406641787,-0.0174334424496928
0.3,1,0.01,0.6,0.3,0.7,0.3,"2",5028.7158203125,81.097,0.781735903879642,0.653126166877233,-83.0348876191753,-96.7918659701396,0.350719609114277,0.0842726491563554
0.3,1,0.01,0.6,0.6,0.5,0.4,"2",5305.853515625,84.204,0.751202722116571,0.623279050367712,-85.8271656074763,-96.0264036973844,0.317874980193216,0.0986751705439802
0.3,1,0.155,0.4,1,0.3,0.2,"2",4806.6142578125,77.9,0.821087065561024,0.646286258153532,-79.086026107508,-105.351513346407,0.381770844806481,-0.201578958123313
0.3,1,0.155,0.4,0.1,1,0.3,"2",4856.08935546875,79.246,0.737573814184883,0.582995363288948,-87.2673669814983,-97.5867991173636,0.300534080056471,0.0633065060940205
0.3,1,0.155,0.4,1,0.5,0.4,"2",5572.28369140625,90.842,0.671874813570233,0.615093613839351,-92.5292514360566,-91.9448100182217,0.249087373167097,0.147232632880605
0.3,1,0.155,0.5,0,0,0.2,"2",4589.46826171875,64.307,0.754638003152447,0.610828107827255,-88.6565162738489,-96.0365577531072,0.291037000014251,0.0883243340221534
0.3,1,0.155,0.5,0.3,0,0.3,"2",5189.05859375,86.581,0.76042673344199,0.617231195362056,-85.2801865697384,-95.0275032355551,0.325949793496719,0.0920142422394939
0.3,1,0.155,0.5,0.2,0.9,0.4,"2",5360.24462890625,90.391,0.693880844410918,0.58516746045625,-90.6504862604323,-101.399214319601,0.272986295011708,0.0108348885239325
0.3,1,0.155,0.6,0.4,0.6,0.2,"2",4846.1640625,76.839,0.819915442539322,0.667479344967889,-79.5173852540831,-102.642930763862,0.377178499350122,-0.0671143070037967
0.3,1,0.155,0.6,0.3,0.4,0.3,"2",5165.99267578125,83.672,0.767717811276577,0.642143038535302,-85.2507424428384,-91.1926541728356,0.322630690324913,0.14724935663381
0.3,1,0.155,0.6,0.7,0.5,0.4,"2",5521.3330078125,94.717,0.691059770474635,0.588452250916019,-91.9587332582646,-94.2439956454202,0.258595227144614,0.119607013413228
0.3,1,0.3,0.4,0.9,0.4,0.2,"2",5109.27197265625,82.673,0.77250389485109,0.612398950568708,-84.5967062335418,-105.387152622773,0.329716283993865,-0.160020589986185
0.3,1,0.3,0.4,0.7,0.4,0.3,"2",5263.232421875,82.011,0.731178950822799,0.62628235007391,-87.4876738230691,-93.4995068618535,0.298757399449846,0.130597903718608
0.3,1,0.3,0.4,0,0.7,0.4,"2",5004.021484375,70.149,0.662603116041557,0.567695381861516,-98.0495540177079,-98.5312657109482,0.219140418890034,0.0945024482906842
0.3,1,0.3,0.5,0.7,1,0.2,"2",4730.771484375,77.544,0.78696987132273,0.63168783383031,-82.3491926376792,-110.712295747328,0.352071959735413,-0.329905224040029
0.3,1,0.3,0.5,1,0.3,0.3,"2",5254.70458984375,84.055,0.744177827752217,0.649807886277942,-86.8540227257671,-93.4279597958334,0.306836218081374,0.117553002857428
0.3,1,0.3,0.5,0.3,0.6,0.4,"2",5582.31103515625,89.385,0.666185464490543,0.593236693427976,-93.1239219539997,-92.9889851548457,0.244836621073162,0.120369652048751
0.3,1,0.3,0.6,0.1,0.8,0.2,"2",4892.4970703125,82.025,0.798253096850445,0.605428709441391,-81.8139214711476,-109.847543751293,0.36235016735495,-0.264974140611529
0.3,1,0.3,0.6,0.6,0.1,0.3,"2",5378.12158203125,85.17,0.704866960721038,0.582758163953283,-89.2733323131737,-96.6696541500169,0.282915951959638,0.0849771044881201
0.3,1,0.3,0.6,0.6,0.7,0.4,"2",5561.556640625,88.194,0.671911567901747,0.574031876939486,-92.4046238929095,-94.8950374668161,0.249221405850285,0.119524018928592
