"uniqueID","clearcut","insideHJA","oldGrowthIndex","elevation_m","canopyHeight_m","precipitation_mm","minT_annual","maxT_annual","mean.NDVI","mean.EVI","mean.green","mean.wet","mean.bright","l_p25","l_p95","l_rumple","B1_median","B2_median","B3_median","B4_median","B5_median","B6_median","B7_median","B10_median","B11_median","lg_DistStream","lg_DistRoad","lg_YrsDisturb","lg_cover2m_max","lg_cover2m_4m","lg_cover4m_16m","be10","tri","slope","aspect","Nss","Ess","twi","ht","ht.r250","ht.r500","ht.r1k","cov2_4","cov2_4.r250","cov2_4.r500","cov2_4.r1k","cov4_16","cov4_16.r250","cov4_16.r500","cov4_16.r1k","be500","mTopo","cut.r1k.pt"
"076361_M1_S1","yes","no",5,1293.1451051448,33.23974609,2612.600098,2.059999943,12.31000042,0.92225,2.17925,2758.5,-411.25,2895.25,3.77999997138977,15.3900003433228,3.44257760047913,1,56.5,286,140,3689.5,1176,482.5,2991,2978,6.68515335783482,3.6807652263788,3.7612233712371,-0.901510981591414,-2.18783560777277,-1.2690183390779,1293.23266601562,1.41253662109375,10.124858164403,166.830712458534,-0.973701166718484,0.227828966400376,8.31898765527957,15.3900003433228,23.9667805420812,27.3484884674742,25.7257931240295,0.11115924268961,0.0663007646044619,0.0496442000299387,0.0536235311461257,0.280107438564301,0.112777142730324,0.135001768600186,0.139738443801042,1324.65386879448,-31.4212027788501,0.0975748930099857
"081090_M1_S1","yes","no",1,973.4062588224,38.95996094,2223.169922,3.309999943,14.06999969,0.9175,2.11375,1890.75,-53.75,1881.25,7.21000003814697,14.8400001525879,3.21345400810242,-1.5,35.5,223,115,2624,615.5,213,2977,2973.5,5.84026933254586,4.02394175903413,3.33224022382318,-0.0839621130989856,-3.17005964573845,-0.145279425357506,971.754821777344,3.08493804931641,20.9728180369538,344.895389109446,0.965451663594855,-0.260582204422955,7.56581628511621,14.8400001525879,21.2063425783468,25.4709954117284,26.293707399462,0.0410010926425457,0.0301192779795192,0.0282605586982104,0.0281214242493945,0.863780617713928,0.248017477606356,0.22418995079242,0.164074949044252,975.681800668426,-3.92697889108251,0.303851640513552
"123545_M1_S1","no","no",41,1236.3568317264,5.939941406,2321.899902,2.680000067,13.10999966,0.8985,2.053,1768.75,-313.5,1949.25,10.2475004196167,33.1100006103516,5.6282057762146,-9.5,37,216,121.5,2408,817.5,343,2970,2962.5,6.56708902416906,3.02852766297439,5.29832236653554,-0.267231563566759,-2.5224672160408,-1.27578164869832,1236.09655761719,1.04875183105469,7.82312184758699,118.487969167906,-0.476974217805761,0.878917285953908,7.69118789905115,33.1100006103516,25.1135466362778,29.0234172775903,26.103355946528,0.079261340200901,0.0813258235358108,0.0571327021682999,0.0600628397554947,0.278212636709213,0.0931477141292656,0.105502631033339,0.138896515560147,1256.63543888434,-20.5388812671567,0.179172610556348
"124031_M1_S1","no","no",27,1011.2075606136,20.67993164,2325.080078,2.200000048,13.40999985,0.881,1.8825,1197.25,-180.75,1331,31.8199996948242,66.8199996948242,13.1560678482056,-20,23,158.5,102.5,1624.5,517,217,2990.5,2983.5,5.7330036988891,3.55105162874055,5.29832236653554,-0.047940480954305,-3.69985929869112,-2.64096599051297,1011.75170898438,1.82061004638672,12.8123022007357,190.120684516586,-0.984439806166888,-0.17572213302285,8.6032016876714,66.8199996948242,33.4593864715776,25.4669509679663,23.6008424965152,0.0237270053476095,0.0349255082244257,0.0535549739511671,0.0626001082701618,0.0702923685312271,0.20396975195442,0.238576878750852,0.271581075694882,1047.2773938421,-35.5256848577271,0.58830242510699
"128101_M1_S1","yes","no",15,803.9222038872,46.67993164,2043.589966,4,14.98999977,0.90225,2.16275,1591.25,-127.25,1693.25,8.03750038146973,18.308500289917,3.6432991027832,16,52,234.5,115,2196.5,624,226,2986.5,2978,6.91235724368043,4.36846028181506,3.73769342752374,-0.052524730350095,-2.85012824517841,-0.343332948352311,803.845825195312,3.82852935791016,23.2079923461423,286.277336602181,0.280287035115835,-0.95991623485905,2.83483882499636,18.308500289917,24.3446418174823,29.0578879736453,30.1020606023534,0.0568369030952454,0.0421249574725738,0.03425085423977,0.0253442061497275,0.7084019780159,0.240043364482961,0.195635160943322,0.15503104119462,739.302994543569,64.5428306517435,0.51583452211127
"129276_M1_S1","yes","no",19,854.195897904,90.16992188,2184.620117,3.539999962,14.31999969,0.871,2.0135,1679.25,-348,1957.25,22.9349994659424,32.1100006103516,3.70820879936218,29,73.5,253.5,164,2324,875.5,363.5,2998,2987.5,5.46715067495349,4.09537331604005,4.00735136688537,-0.00377668638538454,-5.48210648464738,-3.12002734997719,854.455261230469,2.03887176513672,14.9946191878347,262.797251962376,-0.125380817527547,-0.992108688902644,NA,32.1100006103516,25.8961314891036,28.7154256664798,28.5517850365626,0.00316055631265044,0.019835401236186,0.0202378913507611,0.0301431950939396,0.0431559607386589,0.157641278559136,0.181092628776599,0.198395422648719,866.294948651212,-11.8396874207436,0.437660485021398
"130101_M1_S1","no","no",30,755.788806936,136.8269043,2030.880005,3.440000057,15.06999969,0.8985,2.2035,1666.5,-109.5,1762,14.2600002288818,46.6500015258789,6.58225631713867,30.5,64.5,228,123.5,2256.5,602.5,216.5,2984,2977.5,6.32638859822968,3.33057113587396,5.29832236653554,-0.112236861824475,-3.63933036582428,-1.51079909079051,754.669982910156,4.81615447998047,32.184912650446,266.387077293516,-0.0630156166476203,-0.998012541032687,3.53990372536037,46.6500015258789,27.8444584480206,33.4218406668489,30.1949933215222,0.0252699293196201,0.0158051451449411,0.0246925621535356,0.029586882652771,0.219733521342278,0.215214156034921,0.150223888136759,0.184344529685222,684.604741038084,70.0652418720726,0.451925820256776
"130102_M1_S1","no","no",43,777.9410549352,48.48999023,2059.080078,3.200000048,15.35999966,0.89975,2.15975,1600.25,-140.75,1703,28.9750003814697,48.0740013122559,5.6903395652771,18.5,52.5,204.5,114,2166.5,612,225,2989,2983,6.67442572554147,3.38027833790497,5.29832236653554,-0.0170952937794373,-5.00508958701048,-1.81367785175714,779.297973632812,2.98507690429688,21.3691221645935,144.408555173227,-0.813187672221564,0.582001554763279,4.81926620180248,48.0740013122559,31.0966523246369,31.9021248996969,31.4492870357579,0.00570374075323343,0.0116553046727449,0.0254649926352001,0.0331823448543644,0.162053346633911,0.12868674461642,0.186230750647949,0.172511607389605,706.22056946593,73.077404166882,0.385164051355207
"131067_M1_S1","yes","no",3,990.8625327744,23.80615234,2205.790039,3.779999971,14.13000011,0.912,2.1745,2031.25,-108,2085.25,4.65999984741211,11.8280000686646,4.5465931892395,16,59.5,259.5,127.5,2775.5,710,256,3000.5,2991.5,6.28063452919801,3.37180955605661,3.46576715231146,-0.289520520930296,-1.98291139627544,-6.90775527898214,989.51123046875,5.17978668212891,34.4364233231525,67.8365538258639,0.377250018774259,0.926111452976812,3.52151109131801,11.8280000686646,20.9255051728351,30.3815022898552,30.0596655060438,0.136667847633362,0.0518470407217084,0.0310325133680654,0.0382767267487823,0,0.198738422325351,0.156055868516485,0.165571737868305,975.703661088107,13.8075693806433,0.227960057061341
"134101_M1_S1","yes","no",4,670.4228549352,81.35986328,2047.560059,3.940000057,15.93999958,0.768,1.68475,1318.5,-642.75,2007,13.0524997711182,24.1655006408691,3.35391640663147,82.5,128,339.5,275.5,2065,1138.5,572.5,3001,2991.5,5.9255572862067,4.16353909044163,0.000999500333083423,-0.0141982357267863,-3.47125997777504,-1.06401665674247,671.546325683594,3.66249847412109,25.6315757683293,328.950056881681,0.856718030922744,-0.5157850477591,3.81818984182606,24.1655006408691,23.8538494638093,27.5741666569635,29.0153248015319,0.0300778485834599,0.0187164769681611,0.0211725839169246,0.0229069817941472,0.344067007303238,0.184826028959062,0.180263461129585,0.167260937711891,586.600993303638,84.9453323799557,0.519828815977175
"135431_M1_S1","yes","no",4,1020.324102096,41.85009766,2256.27002,2.440000057,13.53999996,0.88475,1.93525,1937.75,-342.75,2150.25,9.11999988555908,21.8299999237061,4.34170341491699,3,46.5,244.5,168,2687.5,938.5,393.5,2996.5,2986,5.22478272108808,3.8793614518783,1.09894556645823,-0.0707371071065281,-2.91337656195696,-0.52491515507792,1019.58728027344,1.44638061523438,10.5575558078247,290.119846827176,0.343984969148843,-0.938975154623204,6.45602644614362,21.8299999237061,19.765914597121,21.0108488525531,22.7575465071331,0.0532920993864536,0.0661961537397639,0.0567165358767836,0.0580044193153901,0.590605556964874,0.314278198512158,0.307538966577351,0.229565862110629,1031.11162471468,-11.5243444412397,0.500427960057061
"146764_M1_S1","yes","no",9,789.8983528392,59.38989258,2170.459961,3.559999943,14.31999969,0.914,2.2325,2269,-109.75,2311.25,11.4700002670288,18.6599998474121,3.0868604183197,37,72,275,138.5,3058,771.5,266.5,3002,2994.5,4.55986676998613,3.86268212657321,3.58354671584809,-0.0116532160920358,-4.5203480173938,-0.262337265072304,789.871459960938,0.888214111328125,5.26282509796372,128.588732841784,-0.623725899421606,0.781643142610942,4.72564097062495,18.6599998474121,27.0761124568002,31.9154389226404,30.0949764031826,0.00988523475825787,0.0282326973225961,0.0260501433026761,0.0257739914855423,0.768251538276672,0.244931875454152,0.188770049238681,0.181869912523278,798.846760210393,-8.97530024945547,0.397432239657632
"150732_M1_S1","yes","no",29,568.3941059832,74.94995117,2040.599976,3.119999886,15.10999966,0.90225,2.273,2338.25,-215.5,2482.75,9.36999988555908,18.8600006103516,4.70691251754761,69,104,298,159.5,3162,918.5,327.5,2993.5,2985.5,0.715750130349421,2.11220916792584,3.52638993594835,-0.115991629577087,-3.60897753481882,-0.383264226480886,567.818237304688,4.02334594726562,28.2998051842237,143.749636426415,-0.806440852062685,0.591314765691177,5.67538193176273,18.8600006103516,26.5226954753836,34.7578135613896,33.4447583051747,0.0260795205831528,0.0370324407436802,0.0269854300432616,0.0337265802045432,0.680632770061493,0.297064762936331,0.18371159253305,0.194303321096308,607.919224502325,-40.1009871976372,0.392867332382311
"150801_M1_S1","no","no",41,918.8958,91.09008789,2180.899902,3.569999933,14.39000034,0.89975,2.102,1669.25,-112.75,1748,28.9099998474121,40.4099998474121,3.96627759933472,9,46,216.5,122,2287.5,605.5,218.5,2983,2975.5,4.41500997038495,4.0383159591996,5.29832236653554,-0.00128690425189416,-5.78046885714947,-4.11010671214076,919.489868164062,1.94043731689453,12.7624222187003,297.740473816662,0.465467372956628,-0.885065039820721,4.66112556029091,40.4099998474121,28.6959913544176,29.5246028514824,29.1466874597226,0.00208726758137345,0.0118647032376269,0.0230430191143721,0.0241755937595317,0.0154060237109661,0.0935980407666144,0.15846511134339,0.156151978011199,918.470962501083,1.01890566297993,0.273038516405136
"150802_M1_S1","yes","no",33,812.4931411776,4.880126953,2140.879883,3.50999999,14.38000011,0.85975,1.95525,2005.5,-450,2390,3.52999997138977,50.3600006103516,4.20914649963379,45,93.5,326,218.5,2845.5,1104.5,479,2991.5,2984.5,6.241320837183,3.55888902771938,2.56502627758003,-1.28285046964094,-2.51249546556276,-3.62352875899721,811.426818847656,2.55214691162109,19.0387295906366,318.543044897118,0.749453319378068,-0.662057189427919,5.05419849313373,50.3600006103516,26.114259482255,29.6430247620337,31.3169264672301,0.0800656899809837,0.0474998895346522,0.0339777173424729,0.0250462059283229,0.0256883334368467,0.243053243301364,0.200878414902789,0.194505004473131,808.666042398757,2.76077644889915,0.485021398002853
"155365_M1_S1","yes","no",24,1145.8411288872,50.12158203,2321.899902,2.680000067,13.10999966,0.9105,2.1615,2340.75,-232.5,2421.5,5.23000001907349,17.2000007629395,4.17436647415161,21,65,259,156,3162.5,911.5,358.5,2987.5,2975.5,6.753371934974,3.54827301455139,3.82866313538324,-0.14767625304957,-1.98127906366281,-0.44776191670951,1145.90185546875,1.95530700683594,13.9827851977807,55.8189518850026,0.561809771356782,0.827266450914118,7.11195134047614,17.2000007629395,17.1708355609933,24.5884076863719,28.2175219301711,0.136892750859261,0.0807361294935674,0.0750453050273153,0.0479856156050229,0.638056814670563,0.27565568111592,0.233857494388956,0.180431442680007,1140.16033731034,5.74151815841378,0.266476462196862
"159408_M1_S1","yes","no",3,1248.3622014672,30.78588867,2463.189941,2.309999943,12.52000046,0.894,2.0285,1904,-131.25,1995.25,10.4799995422363,18.9340000152588,4.11134386062622,-10,44,233.5,142.5,2572.5,667.5,271.5,2971.5,2964.5,6.62875201700076,3.38227576462244,3.7612233712371,-0.0367785634288881,-4.10483719189548,-0.33658552152205,1250.11450195312,3.8582763671875,25.9602143313774,246.318708537503,-0.401648767976416,-0.915793790753697,5.91508495124386,18.9340000152588,13.0043321249807,15.088317954529,18.6782499085783,0.0154927037656307,0.0556519470551409,0.053616600823144,0.0576278974912843,0.713204801082611,0.452558069596241,0.449159288917767,0.34187497872933,1256.36465052887,-6.25014857574524,0.586875891583452
"161191_M1_S1","no","no",32,731.666297904,135.2199707,2123.879883,3.690000057,14.48999977,0.89875,2.17375,1918,-256,2081.5,34.3199996948242,53.7200012207031,5.18364524841309,37,72.5,248,137.5,2603.5,819,317,3002,2991.5,4.59771279937265,3.78002676802107,5.29832236653554,9.97860711613409e-05,-6.09840361870794,-2.87901500314447,730.557006835938,2.51970672607422,15.8835537001238,168.994905076091,-0.981610212220708,0.190896284049787,9.4135338977568,53.7200012207031,30.5197300300466,30.0992157693518,29.6193128759172,0.00124645105097443,0.0226836973596018,0.0215082394692747,0.0255730392230326,0.0551900826394558,0.231144555486661,0.241860308509732,0.213726466896437,776.215776422836,-45.658769586899,0.613124108416548
"179439_M1_S1","no","no",52,712.857102096,116.25,2091.669922,3.910000086,14.72999954,0.90325,2.1895,1720.75,-176.75,1827.25,17.9274997711182,57.2099990844727,8.80322647094727,29,60,217,120.5,2312.5,679.5,253,2993,2984.5,4.45708158490943,3.86386459447062,5.29832236653554,-0.00466226588524272,-4.39792136683886,-1.6974798591987,712.473999023438,1.69179534912109,4.84151023008988,156.476000465174,-0.916892969557576,0.399133163713428,12.9341403731806,57.2099990844727,40.5552733464225,36.3118503481232,32.5514492020891,0.011302886530757,0.0116846771456807,0.0181442062269311,0.0243086710772666,0.182144492864609,0.140424403060666,0.215172347339867,0.212374524192938,721.216769415007,-8.74277039156982,0.774037089871612
"207746_M1_S1","yes","no",14,927.0283641768,26.99194336,2205.790039,3.779999971,14.13000011,0.888,2.052,2034.25,-210,2229.25,3.53999996185303,9.98799991607666,3.3776478767395,31.5,68.5,311.5,162.5,2816.5,832,307.5,3001.5,2993,5.88800950405028,3.69058146886473,3.46576715231146,-0.418318379517189,-1.60207233615322,-6.90775527898214,926.889770507812,2.97943115234375,20.9531210860198,78.2265004266181,0.20404328453587,0.978961867508543,4.37381057360696,9.98799991607666,24.2550311253558,28.8398773838775,31.0654075562649,0.200478553771973,0.0542477164996561,0.0466119324519007,0.041252777768309,0,0.11329496275814,0.165907213490463,0.158403483713322,888.525193911234,38.3645765965783,0.210841654778887
"217961_M1_S1","no","no",42,1135.1312338224,98.75952148,2207.959961,3.170000076,13.84000015,0.891,2.163,2021.5,-114.25,2146.25,26.1200008392334,37.9300003051758,4.50274896621704,34,86.5,283,158,2744,729,262,2983.5,2975.5,6.88743746616268,2.58779005669366,5.29832236653554,-0.0108926587359539,-6.78550312115598,-3.77895501281143,1135.25854492188,1.86810302734375,14.0255739034308,48.6800098161967,0.660263739728823,0.751033816814735,7.58601643753469,37.9300003051758,25.4875951192783,28.4281579206798,30.8743338076089,0.00013003901403863,0.0367917943398469,0.0377974329300939,0.0355008466103576,0.0218465533107519,0.147975468722891,0.16878143424353,0.17818780063766,1123.23940179765,12.0191431242242,0.196861626248217
"248762_M1_S1","yes","no",39,830.8360588224,3.949951172,2001.650024,3.799999952,14.67000008,0.87125,2.005,2245.25,-524.75,2643,2.74000000953674,30.2854995727539,3.55005645751953,46.5,93.5,334,214,3145.5,1223,537,3001.5,2995,7.01177573215717,3.99167148974433,2.4849899796493,-1.40794954550196,-2.45617796318714,-3.01123158178764,830.725158691406,0.946609497070312,6.75132982674757,277.238968744051,0.126007974361993,-0.99202922860024,8.02014664038999,30.2854995727539,28.1346228642447,29.4160160703107,32.4124985662168,0.0847621113061905,0.0299521766686679,0.034144001584716,0.0333786147369014,0.0482310093939304,0.230020451188655,0.219202829195619,0.186477357838664,847.650164578077,-16.925005886671,0.655920114122682
"252447_M1_S1","yes","no",15,729.7948588224,45.55981445,2019.530029,4.03000021,14.98999977,0.89725,2.168,1929.75,-115.25,2048,9.29749965667725,16,2.78343081474304,35,70.5,287,142.5,2635.5,706,243,2997,2990,6.53222435954242,4.03678193764117,3.61094493930603,-0.0259371779393626,-4.02130051289305,-0.0950509250073816,729.888244628906,2.25919342041016,16.3682556694212,265.35412053648,-0.0809970669237182,-0.996714339793381,6.47627408606219,16,23.8640847948596,29.4100454801589,31.0261423622322,0.0169296320527792,0.0480093718762187,0.0439504054581847,0.0331360755577546,0.908326625823975,0.334305207997522,0.285531177399278,0.21012285138903,718.694963252766,11.1932813761404,0.602853067047076
"257002_M1_S1","no","no",22,1003.6319858232,69.18969727,2065.409912,3.779999971,13.97999954,0.901,2.10675,1877.25,-129.5,1964.5,8.74250030517578,37.4090003967285,5.01837968826294,22,60,250,144.5,2571.5,699.5,280,2984.5,2979,6.68033238520411,3.3435586504883,5.29832236653554,-0.0941826584612937,-3.66437630105776,-0.701026196872913,1004.21118164062,1.82051086425781,5.99848160120889,352.027686941145,0.990335205499005,-0.138694559191208,3.13940645469569,37.4090003967285,28.120183393617,34.0471933100397,33.8942260115469,0.0246201455593109,0.0313480023725102,0.0329397708300022,0.0349185814101237,0.495075970888138,0.225840351222064,0.181207866347852,0.162763649332568,918.144510477857,86.0666711627679,0.183737517831669
"258173_M1_S1","yes","no",31,966.8773922256,48.86010742,2151.419922,3.299999952,13.97000027,0.88075,1.958,1290.5,-177.5,1441.75,5.96999979019165,19.3899993896484,2.64035367965698,4.5,52,207.5,140,1902,635,258.5,2974,2966,7.10459573707794,2.79063929904737,3.63761247516961,-0.445773984660267,-2.30914129861288,-0.917011713798448,967.754028320312,4.95528411865234,32.685726987554,294.052282672849,0.407570088221989,-0.913173928223271,3.77099573579323,19.3899993896484,26.5167248438799,33.8719747252591,31.9711720819701,0.0983465239405632,0.0230291895385591,0.0261349526455731,0.0258457650799586,0.398711711168289,0.297569548439679,0.213537346819133,0.168603529895406,952.350521609024,15.4035067112884,0.403138373751783
"268355_M1_S1","yes","no",37,684.03661008,52.91650391,2056.590088,3.690000057,15.73999977,0.82675,1.90225,2068,-564,2661.25,10.6099996566772,22.4799995422363,4.6914701461792,97,145.5,399.5,287.5,2999.5,1285.5,584,3020.5,3011,5.53821772429301,3.98920766526345,3.98900256491133,-0.0661061773897185,-3.30292024132263,-0.639655818797747,683.160705566406,2.71393585205078,17.3065948500668,119.722138393809,-0.49579426011382,0.868440010385398,3.91689782215795,22.4799995422363,24.5756090025588,30.6509173413391,32.9189684704912,0.0357756167650223,0.0259734839055958,0.0273603594230967,0.0245969785679343,0.526473939418793,0.304340430171226,0.232015128911937,0.166826336434944,619.675334476231,63.4853710901748,0.297860199714693
"268413_M1_S1","no","no",55,702.3476038872,117.4899902,2007.02002,4.019999981,14.98999977,0.869,2.05025,1507,-343,1784,33.1300010681152,59.810001373291,10.6078805923462,36.5,73.5,241.5,152,2160,821,359,2993,2984.5,6.69984932691881,3.4087152353179,2.63912875563579,-0.254016728065038,-4.27282387376569,-2.71740249416872,702.2333984375,1.34934234619141,9.79374893640762,332.780909358215,0.889264021382618,-0.45739425037315,5.94780335965748,59.810001373291,38.9668754392842,34.1261809561863,31.6830787694807,0.0129423560574651,0.0235075139025489,0.0279729336172075,0.0268962945073103,0.0650460869073868,0.0787848572111382,0.192246731215895,0.181006981457184,729.504490369266,-27.2710919317661,0.499286733238231
"279822_M1_S1","yes","no",4,752.2341961128,77.2199707,2007.02002,4.019999981,14.98999977,0.9135,2.26425,1824,-63,1851,19.9599990844727,29.6800003051758,2.96258568763733,27,62,232.5,118.5,2482,601.5,204.5,2992.5,2983,6.90445022731094,3.31961979449685,3.73769342752374,0.000261404677408076,-6.49713362369058,-2.84322039104681,752.843933105469,4.90795135498047,31.833856210245,19.4731504377466,0.942797813907042,0.333365088292254,4.16041376676237,29.6800003051758,24.5510796345641,28.1728053517688,31.8029390983259,0.000507754797581583,0.00772101389155629,0.0203429297131858,0.0251151236356468,0.0572378151118755,0.102082129843794,0.162696608879783,0.152425880282517,761.510438192343,-8.66650508687405,0.438516405135521
"280500_M1_S1","yes","no",6,644.310439596,100.5793457,2182.429932,3.910000086,14.93999958,0.761,1.717,1976.25,-1171.25,3098,22.2700004577637,31.3899993896484,3.56447792053223,158,216.5,426.5,416.5,3137.5,1839,921.5,3010,3000.5,6.34721651576104,3.05937698723966,0.693647055601596,-0.00445634880996691,-6.28229196629778,-4.01546368491284,642.429382324219,4.87060546875,31.6063869146122,168.018998982517,-0.978216489391798,0.207587330735733,6.23030667137093,31.3899993896484,24.8725553829365,27.0707336912689,29.1536326461498,0.000869111740030348,0.0251051101708305,0.0365245884558151,0.0346775853783972,0.0170345902442932,0.219715179131079,0.201491302308602,0.190986586443264,699.269166017613,-56.8397836933945,0.390299572039943
"286789_M1_S1","no","no",50,716.3409450648,91.48950195,2040.599976,3.119999886,15.10999966,0.89575,2.2135,1845.75,-149.25,1972.25,32.0750007629395,45.5279998779297,8.18573570251465,45.5,80.5,250.5,137.5,2534.5,704,253.5,2996.5,2988.5,5.60853673140913,4.10616440039753,5.29832236653554,-0.00554341588786094,-3.08640418357943,-2.51687554239539,716.711059570312,1.65522003173828,11.8737094282015,52.0952938947056,0.614350011051724,0.789033626609631,4.99109967249151,45.5279998779297,35.5767698848949,36.3472980099933,32.5078027278656,0.0446658656001091,0.0403570380878786,0.0334068045792036,0.0404314744941331,0.0797113925218582,0.132515633788127,0.151581813692465,0.178416275404565,707.463313091185,9.24774647912716,0.271041369472183
"287338_M1_S1","no","no",30,854.6096401296,55.28930664,2211.830078,3.450000048,14.22000027,0.909,2.20375,1758.25,-114.25,1817.75,19.3299999237061,43.9099998474121,5.68439769744873,19,54.5,216.5,115,2432.5,623.5,218,2988.5,2982,6.80203897592837,3.85969949465515,5.29832236653554,-0.0102426319412758,-4.28388540204134,-1.7057045520934,855.337829589844,3.25230407714844,22.47479502833,97.819969388305,-0.136060871090132,0.990700479134937,4.54742153781811,43.9099998474121,26.3943563794595,28.4571905477645,27.6208056305214,0.0127889821305871,0.0416194758302239,0.0471065864982503,0.0394167143200822,0.180644363164902,0.180240212472407,0.173068578962213,0.167468043286324,841.012158198462,14.3256713913821,0.355206847360913
"292528_M1_S1","yes","no",2,834.6088518864,29.39306641,2427.439941,4.079999924,14.06999969,0.9075,2.231,2123,-95,2195,8.88000011444092,21.9720001220703,4.56611156463623,35,78.5,284,138.5,2913.5,744.5,261.5,2986.5,2977.5,5.45094057753136,3.65902426005268,4.02536954771857,-0.0495392562237489,-3.11191273822479,-0.521857819720595,837.142517089844,4.45824432373047,29.260394053235,67.610409635985,0.380902396299398,0.924615252141871,3.80140422305236,21.9720001220703,18.0262439589187,20.6536294868827,23.9986997144635,0.0435157269239426,0.0537937494010139,0.0594120858477621,0.0506540162638347,0.592417061328888,0.406444315679346,0.392652911389772,0.2875038905074,830.985687940075,6.15682914976855,0.426533523537803
"301004_M1_S1","no","no",11,941.3530711128,66.70117188,2123.350098,4.150000095,14.23999977,0.73775,1.558,1874.5,-668,2856,6.06500005722046,23.0209999084473,3.47437787055969,134.5,205,532.5,449,2994.5,1406,726.5,2999.5,2988.5,7.00412551763458,3.16343470645555,5.29832236653554,-0.835648175740861,-2.73685149514368,-1.8598740882922,939.893249511719,4.74082183837891,31.303376573088,115.488144221619,-0.430324322508577,0.902674347401949,3.9486688532806,23.0209999084473,19.5479567768664,26.5683567302833,25.8960696115449,0.0637739673256874,0.06352265022057,0.045657881350437,0.0354782943508408,0.154692232608795,0.272745294844455,0.183928051548245,0.193867561204743,896.339196845783,43.554052665936,0.343794579172611
"307043_M1_S1","yes","no",7,559.6699871856,80.0378418,2151,4.199999809,15.30000019,0.90725,2.3355,2260.25,-183.25,2359.25,19.8199996948242,32.0900001525879,4.49435806274414,77.5,103,268,149,3057,862.5,299.5,2994,2984.5,4.515231538538,3.67390706089693,4.07755439291463,-0.00892171326163686,-4.47763778823973,-2.32698951423768,559.891479492188,4.00924682617188,26.0983268782825,204.61566218675,-0.909122281922829,-0.416529322510947,7.2964420127359,32.0900001525879,24.7271349883822,28.0803246108406,27.1570938955465,0.0103602167218924,0.0211943250437908,0.0229186484451816,0.0250709260638163,0.096589095890522,0.203700898015375,0.212813703676804,0.216012829479701,639.203170348078,-79.3116908558901,0.206562054208274
"357256_M1_S1","no","no",22,909.2823961128,93.10009766,2111.870117,4.309999943,14.5,0.83525,1.93325,1874.25,-369,2323.75,6.46000003814697,30.7180004119873,6.30732107162476,60,119.5,363.5,241,2688.5,978,428.5,2995.5,2986.5,5.9448732866019,2.96183517669597,5.29832236653554,-0.141435523613769,-2.42236879203908,-0.79898066944792,908.097778320312,3.41219329833984,23.2747922529532,222.780726294047,-0.733958379992418,-0.67919444670794,4.06620097925256,30.7180004119873,21.183842569899,26.7110546250427,26.5288358212686,0.0877112299203873,0.0574916383295052,0.0442280582418638,0.0407663493198153,0.448787212371826,0.280830402894004,0.197445800724521,0.218268783676297,841.080951612466,67.0168267078466,0.377175463623395
"361840_M1_S1","no","no",5,851.4100588224,29.68994141,2097.780029,4.150000095,15.06000042,0.89575,2.146,1900,-195,2059.25,5.43499994277954,17.9680004119873,3.87824726104736,37.5,73,285,151,2689.5,813,307,2992,2982,6.42498442421572,1.77662737354885,5.29832236653554,-0.295241723657788,-2.20556615088805,-0.543503569313151,851.272338867188,1.86917114257812,10.607915203118,35.2426395100047,0.816715691255615,0.577040275593362,3.02845002190986,17.9680004119873,17.3989290943608,26.2532084318779,28.7111638386336,0.109188124537468,0.0719287504758654,0.0549604649768783,0.0349377244543408,0.579710125923157,0.387876882034138,0.287753666168903,0.209651167747804,727.547852347993,123.724486519194,0.38716119828816
"364070_M1_S1","no","no",48,933.4835606136,59.95996094,2167.840088,4.170000076,14.26000023,0.84725,2.02025,1298.25,-169.75,1531.5,19.0249996185303,32.8370018005371,4.18758106231689,37,87.5,223,153,1827,564.5,256.5,2974,2966.5,6.28033668028152,3.12369757884023,5.29832236653554,-0.409233142608533,-3.92211869918723,-2.28130910568458,935.193115234375,3.93467712402344,26.2820127895072,270.496054960396,0.00865768416927436,-0.999962521550095,3.77319532039937,32.8370018005371,25.9149861352254,28.8483089870877,28.0292615296714,0.0187991019338369,0.0240245134870612,0.0386325710903574,0.0383328707401964,0.101150393486023,0.172119552369578,0.197793658073051,0.205795009516281,863.616819051236,71.5762961831388,0.318402282453638
"367193_M1_S1","no","no",16,556.5190726848,84.06005859,2098.179932,4.03000021,16.09000015,0.84225,2.0595,1816.75,-325,2222.75,18.4400005340576,38.3305015563965,5.55041170120239,96,130.5,332,214,2571,913,375.5,2998.5,2987.5,5.70706616543765,3.1660873538926,5.29832236653554,-0.0207820415115246,-4.9181745576697,-1.74229015654147,558.046691894531,4.25732421875,29.463276988925,88.972358234379,0.017934770730793,0.999839159064514,4.52013269634512,38.3305015563965,28.7371314949643,34.0062479539351,30.5435310908848,0.00631246715784073,0.0195348571084043,0.0241937070414312,0.0266741775553991,0.174118891358376,0.197758650697226,0.183849273261854,0.192992348339701,534.163273299429,23.8834185951022,0.34151212553495
"372502_M1_S1","no","no",35,633.3348116616,147.9799805,2097.780029,4.150000095,15.06000042,0.88625,2.223,2074.25,-228.5,2303,25.4300003051758,47.8199996948242,6.95307397842407,65.5,103.5,311,164.5,2789,855,314,2997.5,2986.5,5.47092645927544,3.06632826968302,5.29832236653554,-0.0117538070445714,-4.74582721712904,-1.92868083069716,634.593811035156,4.8426513671875,33.2238267611322,142.837124962805,-0.796921502498975,0.604082874161134,5.57146005014296,47.8199996948242,27.9690380525424,29.6370013388501,29.4033734633254,0.00768787227571011,0.038920699883662,0.0351134178722185,0.0300054282955779,0.144339799880981,0.252339316406336,0.268307059153417,0.209438084085165,621.996014626894,12.5977964082624,0.410841654778887
"378882_M1_S1","yes","no",3,886.61907258,66.83740234,2491.179932,3.200000048,13.86999989,0.927,2.27125,2206.5,-165.75,2218.25,14.1300001144409,26.5699996948242,3.73645877838135,21.5,56,237.5,117,3001,800,282,2985.5,2978.5,5.43347262267975,3.94128628983384,4.02536954771857,0.000712094384915344,-6.33846176393883,-1.01776250327834,886.07958984375,4.96055603027344,33.6223281611536,41.2100123066909,0.75229979292847,0.658820932848813,4.25040680682625,26.5699996948242,22.8550363428452,25.9544339324489,22.7083644574829,0.000767018238548189,0.0407223416954379,0.0675411341261077,0.0624063764999567,0.360402673482895,0.237590126035845,0.264750668089717,0.296985360940864,871.541037487065,14.5385523566855,0.564336661911555
"400605_M1_S1","yes","no",21,768.2392471608,38.18994141,2040.319946,4.389999866,14.81999969,0.84575,1.98525,1672.25,-178.75,1938,12,26.5830001831055,4.17577886581421,54,90,284,213,2369.5,731.5,333,2982,2973.5,6.11772804334826,3.74865702104536,3.73769342752374,-0.0154970898458755,-3.23973251725277,-0.922722774212921,765.141723632812,5.10005950927734,34.0506686342428,324.813914955995,0.817284867623767,-0.576233845893489,3.149765661015,26.5830001831055,27.8817232653344,29.7001386433156,29.0203276935041,0.0381743721663952,0.0263768745332675,0.0259232976775443,0.0253712000025406,0.396435439586639,0.205566583307634,0.205043247819311,0.163388789264306,693.927893725574,71.213829907239,0.297289586305278
"544292_M1_S1","yes","no",0,764.0238393864,81.45019531,2099.659912,4.150000095,14.97000027,0.9135,2.27725,2111.5,-108.5,2155,20.9300003051758,35.8499984741211,3.42738127708435,44,72.5,247.5,128,2806,715.5,241.5,2986,2977.5,5.50679779621952,3.88134590389698,4.27668000780849,0.000224816321612805,-6.12701214639499,-2.28747788043037,764.497497558594,1.42540740966797,11.0643564270751,127.026870521607,-0.602189500298087,0.79835318357901,7.22699809801226,35.8499984741211,27.1121228227978,30.0493374816642,30.1826988171564,0.00118309399113059,0.0055344309884399,0.0109313108562543,0.0165132543192329,0.100522190332413,0.0608456688554423,0.0969500326905554,0.126567277361247,786.823475836979,-22.3259782783853,0.657917261055635
"594580_M1_S1","yes","no",25,538.767523428,130.1300049,1987.22998,3.769999981,15.72999954,0.90225,2.34975,1579.5,-176.5,1696.75,31.2600002288818,41.6300010681152,4.80357217788696,52.5,78,206,113.5,2137,648,233.5,2996,2986.5,5.10462793420501,4.40625199250799,4.26269396144917,-0.0124941975281811,-5.4653812573748,-3.83525228154349,538.763427734375,0.922645568847656,7.00457485989288,232.136499431901,-0.613782401103652,-0.789475246030828,6.71895488446342,41.6300010681152,31.1096591619472,31.7286740014923,29.5401743726103,0.00323072774335742,0.00900388314447303,0.0176303552851261,0.0192797746583094,0.0205958895385265,0.0671809520242111,0.117415434197312,0.116949170890797,543.492489377952,-4.72906164357664,0.557774607703281
"601725_M1_S1","yes","no",8,557.701697904,2.359985352,1852.25,4.25,16.45000076,0.8325,2,1753,-572.25,2272.25,21.1175003051758,36.2864990234375,7.04928302764893,88.5,127,313,236.5,2602.5,1149.5,525,3012.5,3002,5.48735977937389,3.28984782299137,4.02536954771857,-0.399907259781031,-4.08732239946614,-2.90558256035442,557.9765625,2.77268218994141,19.7340323762753,188.225747459255,-0.989712036675849,-0.143073702891005,5.8610810826321,36.2864990234375,27.7869654634007,26.3044439559688,24.4488592132923,0.0157841145992279,0.0176895666348057,0.0241588922556766,0.0338064276149063,0.0537169054150581,0.127130941083416,0.184372042159433,0.203031168943347,540.394311343237,17.582251156763,0.622824536376605
"622337_M1_S1","yes","no",53,521.1470549352,114.2799072,1839.189941,4.260000229,16.59000015,0.63775,1.2305,1427,-1401.75,2973.75,27.2900009155273,38.5419998168945,5.11402320861816,184,243.5,508,576,2572,2079.5,1102,3038,3025.5,6.40255314471815,4.30422254580786,4.35672164712023,-0.0498943788127921,-4.8183132239354,-4.65909528027349,521.136413574219,2.64768981933594,14.8498218678012,205.464181469084,-0.902854242531638,-0.429946760358328,3.23753069332526,38.5419998168945,33.005804457879,32.9550156483856,31.4471926885644,0.00708040548488498,0.0145853825765871,0.0112990056434067,0.0136138920792901,0.00847503077238798,0.0528518283727803,0.0491121262340799,0.0834827260895867,503.494516714639,17.6418968595793,0.549786019971469
"642613_M1_S1","no","no",6,430.3867528392,84.19995117,1891.48999,4.599999905,16.79000092,0.88525,2.32525,1737.5,-266.5,1953,27.1000003814697,46.7799987792969,4.78987455368042,74,104.5,249,151,2428,809.5,305.5,3001.5,2988.5,6.75875245088354,4.09940463493353,5.29832236653554,-0.0139496675948487,-6.22845113803045,-4.44084623617208,431.058929443359,1.01544570922852,7.45984581923285,70.3684305139201,0.33597058442954,0.941872478840991,7.33972906529601,46.7799987792969,33.1167959151285,33.6886977282661,31.1353287737912,0.000972504669334739,0.0100446208008879,0.0130234041874824,0.0229015600950779,0.0107859605923295,0.0432780792641232,0.0688541872530065,0.109347459803659,453.737863246595,-22.6789338032354,0.277032810271041
"647830_M1_S1","yes","no",48,506.9098216368,128.2800293,1825.199951,3.849999905,15.77999973,0.89525,2.338,1865.25,-232.5,2040.25,27.4599990844727,40.8115005493164,6.0931658744812,71,97,252.5,140.5,2536,798.5,296.5,3002,2994.5,6.70132674011978,4.37933399589865,4.2904731396847,-0.0702613206469885,-3.31601262070799,-3.56211022176906,506.601379394531,1.77544784545898,13.0189476545287,173.749374494614,-0.994055149649422,0.108877727086234,7.13368436918723,40.8115005493164,31.1697698480943,32.540210308779,31.5325111453483,0.0352972745895386,0.0187499027541729,0.0215131121451634,0.0243043628691425,0.0273788757622242,0.0607381753895793,0.100917417600091,0.124794824568656,518.536127046989,-11.9347476524581,0.513837375178317
"650846_M1_S1","no","no",7,402.256748952,33.31005859,1892.400024,4.119999886,16.25,0.92625,2.441,3017.5,-62.25,2968,6.3600001335144,10.9899997711182,2.32488441467285,107.5,123.5,321,161.5,4000.5,908,312,3014,3003,6.47909734720273,2.84429881897425,2.83327216585559,-0.0223576958516145,-3.15383963567179,-6.90775527898214,402.272491455078,1.62530899047852,12.2706755718731,178.926597991036,-0.99982451627496,0.0187333033803989,6.70634286024922,10.9899997711182,22.5717508339139,30.0753770528189,29.5586402462192,0.0416879057884216,0.0801735617195024,0.0457454162496128,0.02666883439342,0,0.0691886642145373,0.0803584174219968,0.0959923773426812,429.963764939244,-27.6912734841657,0.0473609129814551
"652934_M1_S1","no","no",54,459.8426294112,79.31994629,1841.589966,3.880000114,15.86999989,0.892,2.3435,1719,-202.75,1892.75,21.5,33.7879981994629,4.08569478988647,77.5,97.5,245.5,135,2319,706,251,3002,2993.5,6.61334142592035,3.80765895091575,5.29832236653554,-0.00783751754763267,-4.2479537094415,-2.70352904657254,459.877471923828,3.83571243286133,26.2585904278055,205.24100328488,-0.90452211510892,-0.426426715015471,4.7996977118205,33.7879981994629,32.1962351980506,32.5409857401397,31.6551641791709,0.0132934525609016,0.0153679734387574,0.0233683251924714,0.0267376053695165,0.0659687593579292,0.0982572945949837,0.125754120865872,0.128180763689859,478.787312251819,-18.9098403279907,0.243651925820257
"700226_M1_S1","yes","no",6,587.7884940168,39.77001953,1862.22998,3.730000019,15.72999954,0.904,2.27275,2044.5,-182.75,2154.75,6.21000003814697,15.0559997558594,3.24054646492004,59,88.5,255.5,139.5,2778,788,285.5,2996,2988,5.73860162892804,2.58539572849064,3.21891582406822,-0.130122495797847,-2.04735019107562,-0.316548047641455,587.125366210938,2.29388427734375,16.3862677712571,207.084940593568,-0.890332507564538,-0.455310911327459,6.08736472093974,15.0559997558594,30.3027924336364,32.311050527133,30.8489186815282,0.128076478838921,0.0415348701676411,0.0208299231546804,0.0162220163948605,0.727660000324249,0.229468462784101,0.148066714860477,0.130038508519903,587.19926959839,-0.073903387452674,0.431383737517832
"700239_M1_S1","yes","no",22,515.7002804592,35.26989746,1839.189941,4.260000229,16.59000015,0.88425,2.18275,2287.25,-439.5,2597.25,4.84000015258789,12.9399995803833,2.84426140785217,84,118.5,316,202,3140,1139,451,2998.5,2987,7.06803691034386,3.84040398111851,3.21891582406822,-0.0607925061615469,-1.98525472043413,-0.21994994206097,514.90478515625,1.78103256225586,11.6873841608943,255.170068270539,-0.255950798584317,-0.96668980997218,4.03764501402214,12.9399995803833,33.7936418394729,36.0912038191838,31.774867013967,0.136345624923706,0.0329402734452213,0.0174157822330718,0.0151156800122033,0.801558971405029,0.130128631760023,0.0862403054917496,0.070925500525497,506.948005475215,7.95677968103519,0.44793152639087
"HOBO-014_M1_S1","no","yes",23,1168.7403450648,152.0700684,2426.570068,3.329999924,14.13000011,0.8835,1.79425,1469.75,-418.75,1707.75,4.09000015258789,39.3400001525879,3.29838395118713,-22.5,21.5,194.5,128.5,2250,921,408.5,2970.5,2963.5,6.69828013456032,3.66475920415532,5.29832236653554,-0.0997815610061572,-1.55418148454973,-0.792699235300232,1167.8701171875,4.04281616210938,27.414347281199,338.063840943155,0.927600678570966,-0.373573260706229,5.27950030837979,39.3400001525879,22.0081539682039,25.857353520678,29.5775367649076,0.210362315177917,0.100027077600662,0.074628018016798,0.0529580411301575,0.451621413230896,0.224770556490024,0.231322803780119,0.193535404578095,1217.24932725314,-49.3792100656447,0.348644793152639
"HOBO-032_M1_S1","yes","yes",8,1183.2458038872,76.45996094,2494.469971,3.539999962,14.23999977,0.913,2.1365,2050.5,-87,2061.5,22.1599998474121,32.2900009155273,3.85351514816284,1,44,224.5,125,2754.5,669.5,247,2973,2966.5,7.01065900921257,3.3477592663336,4.11089025748156,-0.000164926777163264,-5.26673612704461,-3.20791510159599,1184.22131347656,3.54507446289062,24.790702214536,79.1916000316306,0.187525322861671,0.982259768740238,5.21189399632462,32.2900009155273,25.2941297676324,29.0616418693567,27.7076221920382,0.00416042609140277,0.0691045707662285,0.0717234858420886,0.0526115511406864,0.0394408404827118,0.224558167849187,0.229991640281565,0.203092083086851,1176.63725298055,7.58406049601376,0.317546362339515
"HOBO-053_M1_S1","no","yes",36,927.0948901296,124.3300781,2257.050049,3.400000095,14.13000011,0.883,1.9555,1229.25,-180.25,1375.25,39.0299987792969,62.2599983215332,6.05902099609375,-13.5,30,177.5,109,1732,545.5,220,2985.5,2979,6.56907141337149,4.1604275514608,5.29832236653554,-0.000594541347782997,-5.75810375083618,-4.69810333185239,927.117126464844,1.70105743408203,10.550979952199,241.665101345353,-0.474624416682018,-0.880188424764411,5.24124323985404,62.2599983215332,35.6902248818157,38.3352777622948,39.1549391658356,0.00215709256008267,0.00934433532991496,0.0119354634858322,0.0123623899600558,0.00811254419386387,0.092029372070655,0.112456923438671,0.0989679062327282,937.080412850966,-9.96328638612204,0.241369472182596
"HOBO-055_M1_S1","yes","yes",57,856.408748952,107.5200195,2224.310059,3.910000086,14.73999977,0.87625,2.02725,1595.5,-213,1795.25,20.2374992370605,43.9309997558594,5.36794567108154,15,56.5,228.5,134.5,2160.5,693,282,2988,2982,5.93327360671944,3.76780972726156,4.04306881154031,-0.0289235278108974,-4.29012794512114,-2.1436841034032,857.681884765625,4.21321868896484,28.8917208946355,200.274347132537,-0.938044173060759,-0.346515698615166,3.652557368263,43.9309997558594,35.5170396587015,39.1822129119088,39.8933672170964,0.0127031719312072,0.0128507425943224,0.0122542542208421,0.0145228248878946,0.116222187876701,0.104835716651625,0.115977006574624,0.113970851554606,842.448707586392,15.2331771792332,0.218830242510699
"HOBO-060_M1_S1","yes","yes",0,1185.2543883384,79.64013672,2688.25,3.25999999,14.06999969,0.9315,2.1475,1941.75,-232,1964.5,12.4899997711182,24.0799999237061,3.21173119544983,-24.5,22,191,92.5,2669.5,779,302.5,2962.5,2958,6.49042364265021,4.42913212068868,4.02536954771857,-0.00208779117077395,-4.06984908249367,-0.816584069038473,1182.45849609375,3.85086059570312,26.3559941028156,6.17089106900543,0.994205704384019,0.107494266685605,5.72929810728262,24.0799999237061,20.5554619693426,27.9155735006236,30.8727116313908,0.0160799659788609,0.0384689399901158,0.0584671803108571,0.0390134237029217,0.440938711166382,0.376334581542663,0.246476723687019,0.175856026307928,1179.90694232238,2.55155377136657,0.129243937232525
"HOBO-063_M1_S1","yes","yes",25,1037.2983961128,80.06005859,2331.600098,2.900000095,13.72000027,0.8705,2.02725,2014.5,-251,2249.5,15.75,31.3899993896484,4.30730581283569,26,78.5,270,187,2794,862,370.5,2984,2977,6.18075847698432,3.29901312523694,3.73769342752374,-0.0516663625577904,-6.72813735239322,-1.40016408850408,1037.03894042969,1.30091857910156,8.80475751692187,189.228207912215,-0.987057432588035,-0.160367156153364,8.87218616655911,31.3899993896484,31.0144636622762,31.7229967927363,35.0722598641294,0.000196760025573894,0.0138380095608837,0.0209991083676461,0.0270200463517643,0.245556503534317,0.136046982170518,0.168689346227229,0.153441960255431,1040.53459160102,-3.49565117132829,0.305563480741797
"HOBO-211_M1_S1","no","yes",61,482.1021450648,136.4400635,2018.030029,3.960000038,15.82999992,0.87925,2.17925,2025.75,-546.5,2405.75,25.5349998474121,41.4500007629395,4.73087120056152,76.5,104,285.5,175,2878.5,1188,487.5,2993.5,2985,2.2658675794927,3.76111009257184,5.29832236653554,-0.0256894055457884,-3.20947281573511,-2.52189471779844,482.105987548828,1.75998687744141,11.2907792740491,167.783588158545,-0.977355322173066,0.211604759445489,6.02095309777399,41.4500007629395,39.131048522606,39.7704150573829,35.9844317197215,0.0393778942525387,0.030157405933225,0.0230963130953536,0.0233976621482107,0.0793073028326035,0.156414886182464,0.132210112074638,0.141000226511422,540.927609256045,-58.8216217072164,0.265905848787446
"HOBO-216_M1_S1","no","yes",46,1425.1991098704,69.06005859,2633.399902,1.860000014,12.10999966,0.87875,1.8845,1745.5,-301.75,1945.75,11.2399997711182,23.6200008392334,4.44994449615479,-33,28.5,215.5,147,2383.5,799,340.5,2981,2973,6.05926163226068,6.42654799694732,5.29832236653554,-0.181108583675082,-3.57637031077752,-0.881205699098366,1427.57421875,3.123779296875,21.8592322864519,159.909071684126,-0.939148652223069,0.343511002775155,3.60808281204417,23.6200008392334,25.5143096669735,26.378298902424,26.7163253392116,0.0269770622253418,0.0464367239581589,0.0498075795043843,0.0607698568767873,0.413283109664917,0.16488857806425,0.17162722184646,0.175665732415252,1364.93325653464,62.6409622153556,0.0893009985734665
"HOBO-233_M1_S1","no","yes",6,1491.928878468,36.45019531,2633.399902,1.860000014,12.10999966,0.8565,1.7765,1299.75,-297.5,1555.75,6.65000009536743,22.4500007629395,4.42768669128418,-35,24.5,204,137.5,1859.5,674,317,2970,2964,5.47408006179148,6.66552420557057,5.29832236653554,-0.300765937370519,-2.62884374825076,-0.748672548933487,1493.19396972656,2.7940673828125,19.7367116867948,274.997151989906,0.0871062246374684,-0.996199029124907,4.32902967873967,22.4500007629395,15.9318292888615,21.1127822306933,24.1300050241842,0.0711618512868881,0.151785155646308,0.122256401205999,0.0681372809145834,0.471994012594223,0.240762887639399,0.200566067008308,0.199528714379465,1428.29348132717,64.9004883993875,0.0833095577746077
"HOBO-242_M1_S1","no","yes",55,743.9984940168,156.8901367,2224.310059,3.910000086,14.73999977,0.8755,2.04525,1421.25,-303.5,1645,23.0499992370605,65.8099975585938,10.6296091079712,10.5,53.5,202,129,2011,737,299,2984,2978,3.76867772876231,4.15020351117871,5.29832236653554,-0.0304841744000815,-4.12420554016956,-1.95558356127138,744.949279785156,2.20804595947266,16.2899023334574,156.824704332749,-0.919305110511856,0.393545567611661,5.14002728526533,65.8099975585938,46.0031192739942,38.8002093396568,39.1815086635828,0.0151763409376144,0.014610110981433,0.0131523337596916,0.0175061009437663,0.140481889247894,0.128599467730813,0.136520738664803,0.143252073536726,774.854602397201,-29.905322612045,0.241084165477889
"HOBO-265_M1_S1","no","yes",52,1259.1014155488,104.6499023,2252.550049,2.349999905,12.53999996,0.889,1.93925,1406.25,-175,1526.5,21.1550006866455,34.5800018310547,4.48255777359009,-33.5,18,178,107,1902.5,571,230.5,2973.5,2967.5,6.81598669345261,2.4922974222861,5.29832236653554,-0.0683160801823865,-2.96595507943842,-2.30608815693176,1258.99853515625,3.86027526855469,26.8761955153311,241.805166703953,-0.472471290531748,-0.881346061217309,5.25012411871853,34.5800018310547,34.6118788735677,32.7896753833095,32.6038979882784,0.0505112484097481,0.0135400193487818,0.0187283642021466,0.0263531858626671,0.0986503064632416,0.0698429402177444,0.129590040962537,0.133205155025984,1244.34685367617,14.6516814800823,0.103851640513552
"HOBO-270_M1_S1","no","yes",49,1391.015819436,58.73974609,2336.320068,2.640000105,12.85999966,0.86575,1.77975,1418.75,-288.5,1636.75,13.3599996566772,40.4300003051758,7.01706075668335,-47.5,15.5,190.5,136,1922.5,691,306,2981.5,2975.5,6.30804229494245,3.58514771932764,5.29832236653554,-0.0874668678253105,-3.59986298029479,-1.14117325183208,1391.96643066406,2.20071411132812,15.9153122583542,150.473559391818,-0.870128361780749,0.49282515563306,6.61030030940036,40.4300003051758,21.1769117863533,26.5356693968409,25.0157861421069,0.0263274665921926,0.0807097487854143,0.0664809263705043,0.0551956522782003,0.318444013595581,0.295672260585747,0.234445207792055,0.215644678975187,1349.9581135115,42.008317152558,0.183737517831669
"HOBO-273_M1_S1","no","yes",42,1557.0312116616,37.85986328,2295.23999,2.369999886,12.60000038,0.878,1.7645,1162.5,-120.25,1266.25,14.0200004577637,23.1014995574951,4.38870716094971,-59.5,-6.5,155.5,101.5,1614.5,457,198,2963.5,2957,6.56468989654328,5.81709265979208,5.29832236653554,-0.0441080113184912,-4.28453096527364,-1.04025337663269,1557.10388183594,2.75794982910156,19.1228674550609,318.419584595937,0.748024987199533,-0.663670564757198,6.0899635627738,23.1014995574951,20.0532613473487,23.2360878435975,27.7486146644093,0.0127800833433867,0.0207350222352395,0.0362586113344482,0.039381149612387,0.352365136146545,0.18757385452755,0.175666184244479,0.150062403596743,1478.40738932811,78.6964925078275,0.0462196861626248
"HOBO-304_M1_S1","no","yes",48,681.7766549352,150.369873,2050.939941,3.130000114,15.21000004,0.875,2.0835,1465.5,-217,1670.75,32.7849998474121,62.0099983215332,9.20558929443359,28,60.5,215,127.5,1959.5,650,251,2998.5,2991,5.81275394566047,4.31464899598687,5.29832236653554,-0.0148331749015666,-5.6879184946709,-3.89350256202459,682.376831054688,2.5970458984375,18.5326914175427,151.782579688453,-0.881159736150803,0.472818696105227,5.315782130985,62.0099983215332,37.1821781343242,38.68766760848,36.8344613719183,0.00238663493655622,0.0150009288078345,0.0214968902172936,0.0206462912913878,0.0193738602101803,0.113355504197413,0.13961460383154,0.136962198174581,682.092345834203,0.284485220484498,0.342938659058488
"HOBO-308_M1_S1","yes","yes",26,792.2269922256,47.75,2053.75,3.589999914,14.51000023,0.9145,2.239,1913.75,-113,1948,21.5949993133545,35.359001159668,4.39923048019409,25.5,61,216,115.5,2560.5,657,227.5,2991.5,2984,2.59428256293616,3.06347305183263,4.17440265439268,-0.0164228038813852,-5.73088574636633,-2.35906616512525,791.936767578125,0.734580993652344,5.46266305267286,189.377180683271,-0.98663713155177,-0.16293302502346,7.92260555216981,35.359001159668,32.7682940737186,39.9544719979783,37.3528634504954,0.00224420242011547,0.0248017841614207,0.0338467433283107,0.0224216978515852,0.0935084372758865,0.149156444975107,0.164464777272239,0.136511887300951,798.883903064679,-6.9471354865542,0.262482168330956
"HOBO-310_M1_S1","yes","yes",5,854.4458549352,51.45996094,2137.429932,3.589999914,14.53999996,0.92275,2.25975,2424.25,-36.5,2382.5,16.0200004577637,21.9300003051758,2.81390786170959,25.5,64.5,260.5,132,3210,721.5,234,2987.5,2981,5.47389232069594,3.64811587715818,3.58354671584809,-0.00289996040597638,-5.63230342310213,-1.40148327280784,855.490661621094,1.81531524658203,13.8784433349622,129.367805715131,-0.63429621691056,0.773090104200637,5.0460620402622,21.9300003051758,25.7652646563045,30.832256602628,34.897967586222,0.00258031883276999,0.0211306603430653,0.0237015198612604,0.0242113655962878,0.245231464505196,0.255774044692774,0.202841308911197,0.143079011958061,847.370737646845,8.11992397424888,0.275320970042796
"HOBO-312_M1_S1","yes","yes",20,918.8713922256,100.5200195,2197.879883,3.049999952,13.89000034,0.9245,2.2295,1976.25,-94.75,1966.25,16.3400001525879,29.0499992370605,3.82233309745789,7,43,206.5,103,2649,660,229.5,2983.5,2977,5.52485730918984,3.84221381527233,4.00735136688537,-0.00146554663656868,-6.15875122100362,-1.44812684889282,919.16015625,2.54463958740234,17.0323007667304,2.32465759746972,0.999177031618126,0.0405617983673229,4.03425408734265,29.0499992370605,27.515117633714,33.8581657486295,33.4245283178774,0.00111489265691489,0.0154703987501027,0.0216682104191055,0.0259009894316358,0.234010085463524,0.173227706309376,0.142992766759392,0.156412669269348,909.1051664751,10.0549897749004,0.347788873038516
"HOBO-315_M1_S1","no","yes",54,944.8922038872,160.8200684,2008.75,3.460000038,14.38000011,0.89225,2.11,1737.75,-180.5,1875.75,33.0125007629395,57.1100006103516,5.82856178283691,15,59,233,133,2352.5,688,255,2987,2980,6.2232737640502,4.72995221985867,5.29832236653554,-0.00603243319041814,-5.16759560080676,-3.55455960752185,945.482604980469,2.52812194824219,18.1991306899565,178.78570664877,-0.999775427942513,0.0211918305571942,5.59581898705712,57.1100006103516,33.3349862511183,34.8050978080848,34.3121094950113,0.00469825323671103,0.0462904287668132,0.0333693478650775,0.0324411284935091,0.0275939647108316,0.145724362327965,0.153825574817907,0.161649988828438,914.96624384605,30.516361134419,0.542082738944365
"HOBO-331_M1_S1","no","yes",44,1115.9977411776,51.16015625,2629.840088,3.049999952,13.85999966,0.89825,1.905,1323.75,-173,1408.5,10.4899997711182,56.9300003051758,9.7678337097168,-49,7,144.5,92,1783.5,534,222.5,2967,2962,3.68848658320026,4.07451518843824,5.29832236653554,-0.0355317050719088,-2.62324337754747,-1.2795331177642,1114.88928222656,1.87603759765625,13.4673113523079,297.955727376797,0.468789166407939,-0.883310091337436,8.68732961338998,56.9300003051758,28.8102942338039,33.2531580316353,29.1466111915847,0.0715671181678772,0.068170235780709,0.0646049829187523,0.0606838827172474,0.277167141437531,0.313034124917328,0.272177099418733,0.223234730855278,1159.13940463881,-44.2501224122461,0.264479315263909
"HOBO-333_M1_S1","no","yes",40,1259.7657844512,84.59033203,2670.929932,3.049999952,13.10999966,0.785,1.5735,1418.75,-396.25,1913.25,16.0249996185303,31.5599994659424,6.72496223449707,-5,72.5,295,259,2077,865,454,2982.5,2976,4.96224332363718,3.10334161311082,5.29832236653554,-0.128145048331037,-4.34201753741303,-1.56831251450531,1260.34606933594,2.54212951660156,17.52911378918,109.227985983774,-0.329327885824525,0.944215623477153,4.49680369027671,31.5599994659424,30.132908263421,27.927456391197,26.0888674619814,0.0120102530345321,0.0693204474251131,0.0759433567763896,0.0665636336183059,0.207396551966667,0.229221436572116,0.266248898565277,0.228263697482409,1246.72263233323,13.6234370027053,0.214835948644793
"HOBO-335_M1_S1","yes","yes",43,586.544923428,116.1900635,2069.97998,3.680000067,15.43000031,0.9005,2.23925,1528.5,-198.5,1665,23.7700004577637,35.976001739502,5.89699268341064,36.5,63.5,211.5,113,2109.5,652.5,238.5,2990.5,2981.5,5.5032520957196,4.21090775669317,4.21952241095033,-0.0456435792985903,-3.0657777067203,-2.6731550527991,586.330871582031,1.09741973876953,7.70984181836543,317.083643894098,0.732348544984369,-0.680929958703006,8.52072657229756,35.976001739502,36.026124531835,38.9810798897231,37.507722549328,0.0456175729632378,0.0264360294408434,0.0239593638467437,0.0226183137174325,0.0680340752005577,0.117337420395057,0.129334513684461,0.133033805242095,571.40392331731,14.9269482647212,0.256490727532097
"HOBO-341_M1_S1","no","yes",32,789.971502096,111.1799316,2220.060059,4.170000076,14.56999969,0.8555,2.01225,1211,-278,1474.75,21.8299999237061,68.2200012207031,11.2381076812744,18,56,197,126.5,1673,645,270,2982,2974.5,5.33661011032858,3.70102507479176,5.29832236653554,-0.0290991377913993,-3.68401800602349,-1.86747916924474,789.781677246094,1.72939300537109,11.3418199008098,265.394865521084,-0.0802882489129986,-0.996771687542581,9.05911012616179,68.2200012207031,37.2046246116137,35.465113424401,34.3229430972614,0.0241218321025372,0.0329520819178189,0.0303322622793663,0.0250494772600708,0.153512671589851,0.164384573014859,0.185234883094602,0.156701998606197,810.658942027247,-20.877264781153,0.383737517831669
"HOBO-345_M1_S1","no","yes",56,1040.200097904,138.0200195,2334.959961,3.630000114,14.38000011,0.84825,1.855,1376.25,-277.75,1656.5,22.3199996948242,43.8899993896484,4.42643737792969,7,50.5,245.5,163.5,2027,724.5,329,2974,2968.5,5.36145603678887,3.57552021238009,5.29832236653554,-0.138900373939359,-4.50930883546185,-2.04828145304628,1040.92053222656,3.15870666503906,22.278559267046,270.176477997028,0.00308011723519643,-0.999995256427658,4.93747999620679,43.8899993896484,35.0741626713103,35.4815670570395,32.3287701066604,0.0100060645490885,0.016016991059247,0.0239861738884681,0.028679747446404,0.127956330776215,0.105269509849545,0.141454370969173,0.152282655560241,972.227441704475,68.6930905220876,0.417689015691869
"HOBO-347_M1_S1","no","yes",15,745.8089883384,197.5800781,2006.209961,4.170000076,15.07999992,0.896,2.177,1852.5,-314.25,2051,18.2199993133545,58.2569999694824,6.67240190505981,31.5,70.5,241.5,139.5,2563,874,343.5,2979,2973.5,6.97871787927897,5.1855855091838,5.29832236653554,-0.00385309244212419,-6.48464418501469,-2.14485052772338,745.223937988281,1.34860992431641,9.51895443530539,341.208589446912,0.946697561659083,-0.32212377550989,8.77936672150685,58.2569999694824,35.2839914077706,37.6389601167131,37.06308277425,0.000526703894138336,0.0142666337703766,0.0205722779343283,0.0217501152293767,0.116085536777973,0.12329605764429,0.136998024730429,0.132893826749572,770.897494027352,-25.6735560390705,0.206276747503566
"HOBO-349_M1_S1","no","yes",66,563.654451048,53.35998535,2121.790039,3.549999952,15.27000046,0.89475,2.20675,1388,-251.25,1548,16.2900009155273,60.1775016784668,6.22287845611572,30.5,57,177.5,105.5,1904,663.5,261.5,2989.5,2979.5,5.76110530803407,2.91062421210962,5.29832236653554,-0.147018111224341,-4.2960820203022,-1.62193051878994,562.024230957031,2.57709503173828,16.9114241792725,298.964700160635,0.48427067644735,-0.8749182315698,7.16022740602092,60.1775016784668,37.2673979102534,35.7976253490255,34.9541366721187,0.0126218246296048,0.0100147133649494,0.0200102148734736,0.0201078802245127,0.196517020463943,0.110123486555372,0.147472989033824,0.14861192798529,590.695706417482,-28.6714754604504,0.371184022824536
"HOBO-351_M1_S1","no","yes",47,895.9473961128,93.67993164,2075.419922,4.079999924,14.86999989,0.8995,2.03275,1135.75,-145,1238.25,12.4475002288818,42.9099998474121,6.62051343917847,-6,28,166,90.5,1623,478.5,185,2974,2969.5,6.43171819202085,2.87487106210932,5.29832236653554,-0.0880622788360094,-3.25307115652078,-1.45332285303574,896.798583984375,2.50049591064453,17.7075699986978,358.747866282938,0.999761213991867,-0.0218521165452534,6.75567759704151,42.9099998474121,38.0744238394767,36.690309943137,33.8827215427544,0.037655308842659,0.0242917719023696,0.0260011661467691,0.024174742302437,0.232792139053345,0.119735188002353,0.154632265476426,0.15210949176957,905.485827517103,-8.68724353272785,0.394008559201141
"HOBO-353_M1_S1","yes","yes",38,852.0348393864,41.26000977,2075.419922,4.079999924,14.86999989,0.91925,2.2385,1852.5,-82.5,1857.25,19.2625007629395,35.1399993896484,4.82549047470093,13.5,45.5,199.5,102,2477.5,610.5,211,2972.5,2966.5,6.96541474671806,2.53440155683766,4.00735136688537,-0.0178239964306264,-4.52929307369025,-1.92490515482271,852.096801757812,0.618606567382812,4.31277869014458,86.8167295592381,0.0555299720015012,0.998457020712215,5.75061489730751,35.1399993896484,34.4933166503906,35.512907749803,35.2932811516328,0.00978829991072416,0.0154830180127429,0.0237359477860458,0.0225739478138355,0.14488959312439,0.10565686940657,0.14443183526986,0.137836050571307,889.399619387317,-37.302817629504,0.267047075606277
"HOBO-357_M1_S1","yes","yes",44,873.1605450648,124.2800293,2220.060059,4.170000076,14.56999969,0.916,2.18125,1712.25,-85,1729.75,19.4699993133545,34.4000015258789,4.68758344650269,9,38.5,191,99,2259,568,195.5,2976,2970.5,5.42405825654466,2.25521614333566,4.07755439291463,-0.0157410778256407,-3.89676840899951,-2.02515388562233,873.339416503906,0.859123229980469,6.08030465220058,337.196383765294,0.921838691627812,-0.387573769259381,7.85007021032319,34.4000015258789,30.2933372972746,32.7962787065953,32.8362578431119,0.0193074308335781,0.0159418519525549,0.0282854712048584,0.0232423133541999,0.130973532795906,0.117109831972015,0.194367513979919,0.149548242753369,924.798475756367,-51.4590592524603,0.423109843081312
"SM-01_M1_S1","no","yes",54,654.2165883384,89.15014648,2126.570068,3.450000048,15.14999962,0.894,2.1675,1463.5,-182.5,1600.5,32.4700012207031,51.3600006103516,5.83851337432861,27,56,209,116.5,2019.5,632,233.5,2996.5,2989.5,5.23001387185058,4.21466299467159,5.29832236653554,-0.018042577295087,-3.85171328315308,-2.76469779751691,654.503723144531,2.51351165771484,17.9237372644508,183.162835281355,-0.998476762571527,-0.055173857982586,6.85608010590803,51.3600006103516,37.0151245552776,37.259774609155,36.7093657960762,0.0202433094382286,0.0174532872070816,0.0179970644404096,0.016780465995719,0.0619951337575912,0.135506370752586,0.128714648782152,0.124515173789945,659.483767085795,-4.98004394126326,0.303851640513552
"SM-02_M1_S1","no","yes",59,711.327,50.95996094,2034.599976,3.859999895,14.81000042,0.88025,2.057,1411.75,-211.75,1594.5,32.810001373291,67.3525009155273,8.82662105560303,15.5,52.5,207.5,120,1894.5,616.5,243.5,2993,2984.5,5.88492467934332,3.40569128759069,5.29832236653554,-0.00307440708595413,-5.69569220239075,-2.8547805831097,712.469543457031,2.98696899414062,20.742548259401,142.991246718555,-0.798543559291137,0.601937026535702,3.84234272246244,67.3525009155273,43.0754723994377,43.1137218545401,37.2963472012821,0.00236041028983891,0.0288614967457667,0.0282946145357883,0.0226336687931905,0.0565684512257576,0.128841181817403,0.143630521637075,0.133899857319446,734.229041367762,-21.7594979107304,0.348074179743224
"SM-03_M1_S1","no","yes",81,628.0159922256,60.51000977,2224.189941,4.059999943,14.85999966,0.87675,2.13375,1296.25,-282.75,1518.75,10.4700002670288,66.6900024414062,11.8424663543701,24,60.5,197,118,1798.5,680.5,276,2986.5,2979,5.88126893479798,4.96146626256565,5.29832236653554,-0.0100640404399968,-3.02812682897651,-1.19984993512112,627.41162109375,1.80701446533203,12.6970507971296,346.373336541228,0.971851468392579,-0.235594404397024,4.79966328744045,66.6900024414062,38.9267248991864,38.8423259803415,36.7568231104848,0.0474062263965607,0.0229060255636777,0.02477842796174,0.0203823490294283,0.300239413976669,0.147021769869035,0.154319752958007,0.158275709180196,644.99139111471,-17.5797700209604,0.323252496433666
"SM-04_M1_S1","no","yes",47,861.361748952,76.77001953,2053.75,3.589999914,14.51000023,0.89425,2.1075,1819.25,-185.75,1957,21.8099994659424,57.7400016784668,6.9090313911438,19,61,239,135.5,2449.5,733,264,2989,2982.5,6.02460337974577,5.56027465205698,5.29832236653554,-0.000511585419722386,-6.21867831016763,-2.38578808600486,860.746520996094,1.8306884765625,13.2692826741837,137.600836218059,-0.738465181827661,0.674291609934633,7.98358800163963,57.7400016784668,42.6444722343894,40.0694503968084,35.6345646203454,0.00099187612067908,0.0094046397754251,0.0211083749419758,0.029966378628963,0.0910164341330528,0.0547396708537654,0.126103138825852,0.150357632852074,884.845919631904,-24.0993986358098,0.518402282453638
"SM-06_M1_S1","no","yes",62,788.9352116616,11.55981445,2271.949951,3.970000029,14.97000027,0.88425,2.011,1309.25,-227.75,1470,7.69750022888184,77.4225006103516,8.64867115020752,-4,37.5,179,110.5,1823.5,622,251,2978.5,2973,6.12492078612729,4.37365368604275,5.29832236653554,-0.0970670529081211,-2.56629104524819,-1.08858869470545,787.9755859375,1.98642730712891,13.4941155989843,208.430274977755,-0.879397131176221,-0.476088947234686,7.18745408216455,77.4225006103516,37.4127023492305,36.5814623118979,38.804200485996,0.0758199393749237,0.0209549937376496,0.0222820542882414,0.0214528574315687,0.335691332817078,0.177202928785531,0.176081149232735,0.164847796338507,801.639929340583,-13.664343403083,0.251925820256776
"SM-07_M1_S1","no","yes",46,1054.233102096,182.6999512,2255.840088,3.059999943,13.97000027,0.899,2.037,1664.25,-169.25,1763.25,25.5599994659424,59.3499984741211,6.84171199798584,-13.5,32,196.5,111.5,2185,637,245.5,2982,2973.5,7.10938162593663,5.48378648498519,5.29832236653554,0.000361866795991557,-6.63085855799471,-3.50815965406356,1054.89416503906,2.41020202636719,17.2017276373251,172.515776502654,-0.991480764425421,0.130253191033396,5.94132053963496,59.3499984741211,36.1425985712494,39.5169894548597,38.2698465036268,0.00031903013586998,0.00596552105651168,0.0106007440399288,0.0121167425222929,0.0289519857615232,0.0754271368435697,0.0706587434029072,0.0915495436672015,1049.00946845459,5.88469658446866,0.168330955777461
"SM-08_M1_S1","no","yes",73,1197.3641606136,67.23999023,2297.310059,2.769999981,13.68000031,0.8625,1.89825,1527,-297,1788,31.7399997711182,56.3400001525879,8.26057624816895,-6.5,42,229.5,153,2115,760,326,2974,2967.5,5.3807678957068,4.47898035414938,5.29832236653554,-0.0268642846956976,-4.28289567239285,-2.35063593639673,1196.03894042969,3.90385437011719,26.866273190346,184.614561389158,-0.99675846417564,-0.0804522472912991,6.22743144404117,56.3400001525879,36.2184481406294,34.8844348002837,32.8274623500023,0.0128026362508535,0.0413324073968926,0.0536574585673763,0.0467601067597446,0.0943085327744484,0.213973048152757,0.240784156820596,0.184422117274767,1189.11083892721,6.92810150247465,0.202853067047076
"SM-09_M1_S1","no","yes",78,1225.8660116616,164.0200195,2285.300049,2.819999933,13.47999954,0.89625,1.914,1407.25,-172.25,1507.5,31.1100006103516,54.2000007629395,6.44353246688843,-36.5,14.5,178,105,1903,578,224.5,2966,2960.5,6.94628915535549,5.44309218085103,5.29832236653554,-0.00606235631907352,-6.68335466433445,-3.8337234622991,1226.14868164062,2.18365478515625,16.7136134061632,313.026470806959,0.682336174677323,-0.731038538468881,4.3805181792101,54.2000007629395,34.9223823613361,32.6742057108463,33.4775814335552,0.000251572317210957,0.0372211869042353,0.0484387919487378,0.0364779200515427,0.0206289310008287,0.0838425962212512,0.139367386785099,0.157128471259883,1212.98628204104,13.1623995995819,0.221398002853067
"SM-PG_M1_S1","no","yes",77,465.127851048,104.1099854,2031.430054,3.960000038,15.86999989,0.8755,2.32025,945,-195.5,1109.5,28.9200000762939,64.5650024414062,6.50356245040894,35.5,55,150,91,1367.5,479.5,185,2989,2980.5,4.9614688563448,3.12051201596058,5.29832236653554,-0.0198363557301956,-6.06639935229482,-2.49577415882812,465.107116699219,0.907081604003906,6.64618540389274,302.481867055691,0.537032665271877,-0.843561447928356,7.4251544571116,64.5650024414062,41.2694377965168,41.0408687123035,37.1976001384291,0.00131950993090868,0.0171582002352253,0.0199684426315147,0.02044117387765,0.0814326107501984,0.129166849692284,0.127355996303307,0.132055066654278,519.673051676173,-54.5659349769544,0.240513552068474
