"uniqueID","clearcut","insideHJA","oldGrowthIndex","elevation_m","canopyHeight_m","precipitation_mm","minT_annual","maxT_annual","mean.NDVI","mean.EVI","mean.green","mean.wet","mean.bright","l_p25","l_rumple","B1_median","B2_median","B3_median","B4_median","B5_median","B6_median","B7_median","B10_median","B11_median","lg_DistStream","lg_DistRoad","lg_YrsDisturb","lg_cover2m_max","lg_cover2m_4m","lg_cover4m_16m","be10","tri","slope","aspect","Nss","Ess","twi","ht","ht.r250","ht.r500","ht.r1k","cov2_4","cov2_4.r250","cov2_4.r500","cov2_4.r1k","cov4_16","cov4_16.r250","cov4_16.r500","cov4_16.r1k","be500","mTopo","cut.r1k.pt"
"076361_M1_S1","yes","no",-1.24244841537496,1.68857704520753,-1.03202894461443,2.25732210402461,-2.4056081980674,-2.20908231328419,0.945821513428421,0.534215410572531,2.72264497904589,-0.74704335271843,2.27312472527473,-1.47480768045517,-0.8701566561178,-0.651036607923007,-0.31438888237605,0.546807686852501,-0.194127721167467,2.57438823478708,1.48101705454503,1.11012919877992,0.182774731525556,-0.237885511799776,0.754425730716045,-0.102258715348988,-0.614362794758402,-3.18199653080133,1.37739054704128,0.584445709786936,1.68802625383183,-1.00263837978896,-0.952250353356215,-0.312574201953029,-1.16335421952906,0.411931166865649,1.36920789220611,-1.35829184313758,-0.768123112676923,-0.807377512860597,-1.25651532524992,1.73237597152256,1.29991322917084,0.803116679642354,1.54295087138737,0.184173730396134,-0.77275343847833,-0.710236824379285,-0.655711946105735,1.89484196685775,-0.954813207266644,-1.64073694302029
"081090_M1_S1","yes","no",-1.42982709669972,0.443659600139308,-0.901093558091827,0.268707966109119,-0.381150312893545,-0.474694939616228,0.83678106866166,0.203880418721427,0.36493258030123,0.975313062629168,-0.203128405187621,-1.10916599311984,-0.972902990739838,-0.709760697198555,-0.818721047854297,-0.380115357302908,-0.528961893310492,0.387088427827192,-0.670192109803907,-0.733749645514969,-0.912984242875734,-0.627958649160922,-0.0208729108082723,0.301471161374119,-1.00091235570228,0.146403364619701,0.684001714607673,1.34779047535401,0.436939307973716,0.362083386655995,0.362966230261662,1.56001034750774,1.51129169795623,-0.303683635366289,0.960998195712245,-1.39181255090421,-1.16927886107988,-1.16738244957007,-1.12430884202487,0.141963068391341,-0.162084878688814,-0.315565068379482,-0.303345918550707,2.65761704260951,0.769128129064747,0.676302006670061,-0.114257746241633,0.4894754899994,-0.24071794078475,-0.290717579777834
"123545_M1_S1","no","no",0.443959716547865,1.46746937228316,-1.65691989224921,0.772869806058866,-1.40147688619495,-1.42072483811321,0.40061928959462,-0.102498982117574,0.0334535683198429,-0.27610533985066,-0.0370680374643075,-0.785365193368741,0.109948803883263,-0.897677782880309,-0.782697321748707,-0.483106806653509,-0.441905008553306,-0.0563247662632209,0.105087553351285,0.15569098438609,-1.46086373007638,-1.58147076271039,0.646085278341849,-0.869583301998122,0.770691479148943,-0.599722088279089,1.1411615288298,0.57985146023873,1.46567115025139,-1.2994959481274,-1.23131497108697,-0.820961805082475,-0.478225804044827,1.36589878035695,1.02894808135677,-0.278315943889009,-0.601471365090386,-0.486213800199528,-1.16862133293737,1.00928342038157,1.90703609163964,1.19487646144235,2.00914273792773,0.17614409130382,-0.996549498796567,-1.16883681726557,-0.674443706375373,1.62092084268998,-0.672171503628968,-1.10670438715951
"124031_M1_S1","no","no",-0.211865668088789,0.590840653012385,-1.3195223697369,0.789109284518438,-2.17886874487347,-1.1250903168364,-0.00110866480923091,-0.96237861739411,-1.51933540993723,0.363454979414777,-1.54687424841929,1.51428637558425,3.48568251778936,-1.14431895783761,-1.11891876540087,-1.32910799774773,-0.696378979382005,-1.66472401427173,-1.04823689604542,-0.706382241518013,0.143640482439796,0.238870544974959,-0.119304053506091,-0.254860218658649,0.770691479148943,0.293054410549637,0.309996244791006,-0.347504804312277,0.592594151243682,-0.669640167513501,-0.62642217868961,-0.0676494776699379,-1.17816587218017,-0.179347570099795,1.52324843131583,1.77619794021412,0.611372998436472,-1.16815796227629,-1.75118901394452,-0.249622674751145,0.0321221641789901,1.00770818669437,2.1928354317436,-0.704963718974051,0.266937888725805,0.899964310167621,2.27760761011823,0.777802424236237,-1.06141709744555,1.57092737893963
"128101_M1_S1","yes","no",-0.774001712063064,-0.216234119615288,-0.724383876016222,-0.648311980973363,0.736350532037705,0.431917096947578,0.486703851252589,0.451001252319962,-0.448821223702258,0.621206219194068,-0.66223648065796,-1.02095356865503,-0.780146725548692,-0.298692072269719,-0.422460060692817,-0.210915119084064,-0.528961893310492,-0.49050018547675,-0.637568955661238,-0.644805582524863,-0.169433510246287,-0.237885511799776,0.962916906750409,0.706779821773878,-0.635565234682365,0.274391042771185,0.909853304182525,1.21325466971952,-0.216507756826834,0.968872658090455,0.633960809266325,0.943564337501068,0.566253871272595,-1.32834034631121,-1.60313388580323,-1.18041884331914,-0.713211093382371,-0.47960412422037,-0.237750772235802,0.500944558904114,0.323032852496811,-0.00218372309587204,-0.504410437774034,1.99916592484215,0.678214881521135,0.232383048294033,-0.315472416936114,-0.462459866178397,1.53761801410657,1.0966467174409
"129276_M1_S1","yes","no",-0.586623030738306,-0.0204912518674359,0.271099481036104,0.0718544812962592,-0.00865003124979538,-0.22833299458145,-0.230667495897147,-0.301708633691903,-0.209721608502568,-0.442318756156932,-0.0175315236145059,0.567135818023312,-0.751039145068924,0.00667319196313048,0.0938800134872926,0.0686331005818534,0.127313084089836,-0.228763230631715,0.32769260514832,0.295948929870488,0.730654218726201,0.585602222629311,-0.363261190974649,0.385506784325943,-0.392580962004886,0.472853777767466,-0.948158969917224,-0.672926462908902,-0.019552333939606,-0.491533097444583,-0.36183606979311,0.696640329081758,0.00672197210180084,-1.37550838424722,NA,-0.339262664147137,-0.487743610129559,-0.54527047693426,-0.598644113800121,-0.715842862923828,-0.577629118096882,-0.735269616955399,-0.156974129137791,-0.819960208053458,-0.261255266415949,0.00630168801374892,0.649326194375631,0.0489570964799214,-0.44623120528522,0.58502112196589
"130101_M1_S1","no","no",-0.0713316570952205,-0.403643645370947,1.33907510561267,-0.713215035987144,-0.170606508204905,0.510752840522884,0.40061928959462,0.656515006792213,-0.244363882295705,0.706721817438599,-0.494344564761227,-0.357628408488895,0.537775528784444,0.0419076455284593,-0.122262343146242,-0.306550036338193,-0.415118274781864,-0.367329853784969,-0.720086345551518,-0.709803167017632,-0.365104755675089,-0.28122697150657,0.425209149004099,-0.514244394832133,0.770691479148943,0.0312913825378052,0.352725891456869,0.42020642877489,-0.407884100289355,1.77479967921816,1.72233084314809,0.734392069498726,0.0927414066296573,-1.38415864498414,-1.22099730920494,0.546902704204443,-0.204606452328467,0.357173678132548,-0.216116683237961,-0.214646179618505,-0.740481099295682,-0.50222423225212,-0.197249933740576,-0.0716740061788147,0.395135880882681,-0.473590451400826,0.336712902906901,-0.682738504042166,1.68104914815498,0.678383456906585
"130102_M1_S1","no","no",0.537649057210244,-0.317392880726996,-0.682951739754731,-0.569212163805896,-0.559302436734383,0.796532667199793,0.429314143480612,0.435871405364949,-0.424367853965926,0.556166186726396,-0.638426354403514,1.21100639623828,0.137811578799321,-0.239967982994171,-0.410452151990954,-0.652307044872354,-0.542355260196213,-0.552085351322641,-0.683625173274418,-0.651647433524102,0.0262377351825146,0.195529085268165,0.744581635556397,-0.455766379470909,0.770691479148943,0.418631145743935,-0.611414829152154,0.214463872419096,-0.312039990817873,0.280594172445562,0.411014505416781,-0.548372711167513,-0.941960239618711,0.930861039722655,-0.527598450853753,0.633690820832394,0.268012851443365,0.0657717062873981,0.0758741471810978,-0.658191494599087,-0.908165168807844,-0.461814656163146,0.0630536697235158,-0.316106417117359,-0.591367301586505,0.0861800454169203,0.0734464474483897,-0.595688096812883,1.75928270169623,0.241447729384131
"131067_M1_S1","yes","no",-1.33613775603734,0.511626380587444,-1.2479633590278,0.179958086980294,0.380045897279683,-0.415567658919814,0.710523711563308,0.510259819560428,0.746676852296189,0.713948487712784,0.29505269798232,-1.38099874947521,-0.375080815458757,-0.298692072269719,-0.242341430164872,0.156911485739511,-0.36154480723898,0.69809351534894,-0.307499396100117,-0.439550052547695,0.926325464155003,0.932333900283663,0.38322342492518,-0.46572947404844,-0.88059346697091,-0.690464753600907,1.52205424315872,-3.24589270328383,0.506041460788559,2.07153273198748,1.99530605781765,-1.35362813487778,0.699993535488381,1.43504716704038,-1.23096589252819,-1.57538407743655,-1.21009105866145,-0.225804150539182,-0.247620055033469,2.31062973699678,0.715876503782554,-0.170550706821255,0.431875782205051,-1.0028430717593,0.207295247821395,-0.382925219083623,-0.080956227104279,0.489563525414825,0.219893605325065,-0.787405201662334
"134101_M1_S1","yes","no",-1.28929308570615,-0.736019783219066,0.0694377500824545,-0.628038813778843,0.639176645864639,1.36809230084466,-2.59512345610268,-1.95968769584534,-1.1898941787672,-1.86235946503443,0.103961171888948,-0.486349252874266,-0.90991516634613,1.26336870245986,1.40274206199036,1.33395662117495,1.62067349184773,-0.760448495767904,1.33709137450384,1.72589578871142,0.965459713240763,0.932333900283663,0.0573906527489038,0.465700378809065,-4.0026378240013,0.430425630564461,0.471373089684162,0.723701331562199,-0.731374270178185,0.833387267331234,0.927798281573648,1.39232418241691,1.36131694497463,-0.677604100688905,-1.07016962822674,-0.823453881377895,-0.784534621219153,-0.76410424371312,-0.490735288802047,-0.105655608611511,-0.622841886152767,-0.686371326081648,-0.680860153175528,0.455216452934565,0.0486793813969751,-0.00658873212685164,-0.0433738240197392,-1.07741531130665,2.06752313046765,1.1227881712243
"135431_M1_S1","yes","no",-1.28929308570615,0.626336313488635,-0.834938496007688,0.437732676842342,-1.79017281634399,-0.996981997019057,0.0849758968487381,-0.69634547510181,0.492633511146519,-0.417025410197282,0.453786873011958,-0.905557960051126,-0.466959932291749,-0.604057336502569,-0.55454705641331,-0.0637844771546337,0.18088655163272,0.517443695534327,0.569487747617514,0.501204459847655,0.61325147146892,0.455577843508929,-0.585667509186925,0.1313797243724,-3.01329693180253,0.200244927196148,0.865203942296304,1.08990766684212,0.62308763976484,-0.975020826558191,-0.899789695038273,0.98397339231083,0.654111525682487,-1.29765770044495,0.35950563865884,-0.965794990249492,-1.37860650126617,-2.02260520250482,-1.94750243992607,0.420587514800929,1.29568618101675,1.17310478901112,1.86011759791487,1.49997771428256,1.5245697974873,1.97206388985836,1.34282615213845,0.712700279739937,-0.438040942126628,0.99581539570495
"146764_M1_S1","yes","no",-1.0550697340502,-0.270836608544924,-0.433453606436213,-0.00045395331433627,0.0237412641412269,-0.22833299458145,0.756435477780891,0.802770194023999,1.39265336949762,0.705517372392901,0.846959214239216,-0.655045397953243,-1.02967159846765,0.194590277644884,0.0578562873817036,0.384963980730128,-0.214217771496049,1.27802049373108,-0.0714612808325708,-0.367710617055687,1.04372821141228,1.19238265852443,-1.19582040377015,0.111757339656456,-0.774464266213942,0.440786898756011,-0.26921755236316,1.26827423886537,-0.270891429713546,-1.43049877839831,-1.54172769234049,-0.714738974427862,-0.680638311188216,1.22337375019986,-0.578342184241893,-1.15899609811763,-0.316264969994796,0.0683246392915625,-0.239399924404267,-0.563401338138355,-0.238316609555416,-0.431202593353389,-0.473294919001777,2.25279158360824,0.733949030405945,0.12565653224665,0.281656030853981,-0.222667573851328,-0.37183574939827,0.321739337433129
"150732_M1_S1","yes","no",-0.11817632742641,-1.13327326345699,-0.0772847667647497,-0.66358028002327,-0.688868003755252,0.550170722165015,0.486703851252589,1.00702312791667,1.58080846441329,0.196037118062807,1.26577322989434,-0.878907691813594,-0.303188509730402,0.946258620371899,0.826362444300937,0.723364457167817,0.067042933104092,1.49151573533017,0.492727384928881,0.0496422938978868,0.378445976954358,0.412236383802135,-4.72333225079794,-1.94758578131276,-0.825967287506042,0.0160049952932471,0.374153094659426,1.18612974615437,-1.13505016764836,1.12784791096412,1.25129685807199,-0.555302109450411,-0.932654446536358,0.944506656355619,-0.0635941669218036,-1.14680670756734,-0.396689310724676,0.613343380530534,0.540405944176854,-0.196293580655721,0.117257730565987,-0.382273218340564,0.102455119340007,1.88148780606966,1.32831858994047,0.0470166667942762,0.558282490701657,-0.991563375839627,-1.18024939316665,0.291863390252106
"150801_M1_S1","no","no",0.443959716547865,0.231420699839239,0.292162027696272,0.0528573090147642,0.0399369110269544,-0.159351009430655,0.429314143480612,0.144621851480961,-0.236892019320715,0.69106403184453,-0.52853346399838,1.20407726956541,-0.635312855155089,-0.463119522241254,-0.566554965115173,-0.475750274557038,-0.435208325110445,-0.303691849077548,-0.708572291148223,-0.696119465019155,-0.44337325384661,-0.454592810333746,-1.32874667126342,0.318381682661495,0.770691479148943,0.482990163385627,-1.15878417263556,-1.34547761280314,0.233541150485171,-0.571858091083746,-0.632469673364586,1.06411431990026,0.821670477360519,-1.21866917920034,-0.613308749773884,0.166595067496673,-0.0808589438377131,-0.390112629408766,-0.460154977973866,-0.740173211512883,-0.89970392704574,-0.588519810346697,-0.589015420155977,-0.937556662040756,-0.991415303128254,-0.345470607375869,-0.290533094668869,0.259078270803302,-0.112260677796023,-0.492380223249736
"150802_M1_S1","yes","no",0.0692023538983482,-0.182862793371602,-1.68117898367928,-0.151503781850076,-0.0572369751461116,-0.169205713885036,-0.488921180871051,-0.595479828735061,0.676713044439462,-0.933732334801561,1.0392717724482,-1.5014579486927,-0.52640268557994,0.382507363326638,0.574196361561813,1.13533025457022,0.857251579361631,0.841792235656018,1.20659875793317,1.08618272028258,0.221908980611316,0.325553464388547,0.347147642805722,-0.245639914172583,-1.69223604955394,-4.73450349528953,1.14820096194692,-1.01495000622344,-0.187005001457943,-0.0726876260395029,0.12847557684242,1.28288074750953,1.21336825401104,-0.891920471782386,-0.400268014328881,0.773014980563712,-0.45604454661505,-0.367405502859049,0.0450615297849315,1.02751720032041,0.540219630533056,-0.0164728358329153,-0.525985002354445,-0.893983115860957,0.712530654806438,0.313895811949026,0.562769672009421,-0.183123749933149,-0.0670198414616169,0.894984073968999
"155365_M1_S1","yes","no",-0.352399679082358,1.11504245008332,-0.645604697977077,0.772869806058866,-1.40147688619495,-1.42072483811321,0.676089886900119,0.444697149422041,1.58760106711782,0.114134854955369,1.11619679573179,-1.32023611959435,-0.541999159514758,-0.181243893718623,-0.110254434444379,0.14955495364304,0.0201661490040685,1.49254215476093,0.465861257987859,0.261739674874293,-0.0911650120747664,-0.454592810333746,0.817025766460167,-0.258129118065525,-0.553593947828168,-0.112989247762501,1.52320656804659,1.14231710104076,1.11466277917424,-0.559724048873024,-0.484511748835274,-1.48000904399062,0.954554177156411,1.29022053155727,0.715008931329373,-1.2479782538961,-1.75573175696084,-1.33661659785899,-0.676458234134114,2.31572806117131,1.88320811621915,2.13197139149114,1.13477811108833,1.70106284243467,1.08423261760705,0.826595736937683,0.249652029859062,1.15185693158734,0.0103976391720717,-0.535326897322456
"159408_M1_S1","yes","no",-1.33613775603734,1.51421281430379,-1.08819759879689,1.49436337902233,-2.00071662103263,-2.00213824003706,0.297317815605059,-0.226059398916841,0.400933374635275,0.601935098462906,0.0752669171720518,-0.760580537437528,-0.57026051169969,-0.909422600735419,-0.614586599922625,-0.225628183277007,-0.160644303953165,0.281367226458413,-0.470615166813462,-0.333501362059492,-1.3434609828191,-1.40810492388321,0.702669653408465,-0.453416507711991,-0.614362794758402,0.338496740122918,0.0241071424310374,1.21783813024495,1.52022441879159,0.993146968290354,0.967642721746309,0.523346746124092,-0.374330482479975,-1.26369261505802,0.0663219460736161,-1.14229668653719,-2.36122147491703,-3.15823675894539,-2.89713424292326,-0.436285799070526,0.869622697733212,1.01093218656412,1.8328582409526,2.01951894262414,3.10110526364257,4.17372414757589,3.84155151424392,1.61983033456092,-0.301056595253552,1.56159114544556
"161191_M1_S1","no","no",0.0223576835671586,-0.497565709136924,1.30229248860448,-0.238313799224187,0.234285068829867,-0.0608067931219776,0.40635826037182,0.506477357821674,0.43897194978068,0.000917020659792632,0.285894957115226,1.78078905795957,-0.0894063313755482,0.194590277644884,0.0698641960835666,-0.0122887524793332,-0.22761113838177,0.345005231165833,0.110844580552932,-0.0221971415941217,1.04372821141228,0.932333900283663,-1.16109140630754,0.0145174804488386,0.770691479148943,0.488635648449719,-1.38322625976232,-0.509209151756348,-0.501723940679363,-0.0991596360343658,-0.254060835919761,-0.289814866783814,-1.17426305349668,0.357817797321586,1.96243860587918,0.97779599782995,0.184172642789074,-0.27993193579877,-0.350131076725257,-0.759233655070981,-0.462537010737557,-0.668811559987038,-0.48784342351181,-0.768962972961633,0.576759131821476,0.951009221587588,0.990421113850372,-0.313806174496777,-1.32459920687694,1.73337784173644
"179439_M1_S1","no","no",0.95925109019095,-0.57080015111484,0.868070958284347,-0.402793050637685,0.59058970358789,0.175700447458419,0.509659734361381,0.585909054335488,-0.0969644036072604,0.382726100145939,-0.334999873673782,0.0333309777576106,1.53372946020497,0.00667319196313048,-0.230333521463009,-0.468393742460566,-0.455298375439027,-0.252370877539306,-0.424558949200282,-0.460075605545412,0.339311727868597,0.325553464388547,-1.29014011153304,0.113148453479875,0.770691479148943,0.469248411986518,-0.182791982426116,0.293396023211335,-0.572097110779696,-0.77475621096441,-1.59280829253284,-0.421467633584588,-1.0849994811913,0.662924237059008,3.87056437610778,1.19049992133458,1.64257016615334,0.911326328238407,0.33244981406915,-0.531264634567681,-0.906978304920785,-0.84480041658859,-0.579380913268269,-0.230965771539946,-0.457545692686405,0.536112386894877,0.960342224237025,-0.535295994941036,-0.365796354669047,2.78650497986749
"207746_M1_S1","yes","no",-0.820846382394254,0.263085200832111,-1.17504078714505,0.179958086980294,0.380045897279683,-0.415567658919814,0.15958251695231,-0.107542264435911,0.754827975541633,0.222534909068155,0.646709947278749,-1.50039193897983,-0.899273217415862,0.0653972812386785,-0.0261990735313376,0.921990823772548,0.107223033761255,0.782259908671657,0.160738816300544,-0.0871947260868914,1.00459396232652,1.06235827940405,0.0229353386149109,-0.0907104013134497,-0.88059346697091,-1.21482579863737,1.79090283679545,-3.24589270328383,0.262339157529254,0.275987096388131,0.360578153902651,-1.24436416495275,0.46109195054378,1.51248302682885,-0.769029968288809,-1.68752605201124,-0.726233608192409,-0.521407148913931,-0.0134903188333962,3.75715263323453,0.812881457761545,0.644484090269639,0.647335370163582,-1.0028430717593,-0.766849747416588,-0.229774072723873,-0.240440149677423,0.138481858815597,0.857701847646932,-0.899440003591168
"217961_M1_S1","no","no",0.490804386879054,1.0733429964374,0.467714918251785,0.191038732069733,-0.607889380630699,-0.701347475742245,0.228450166278685,0.452262072899545,0.720185701748496,0.683837361570344,0.444018616087058,0.906660381763765,-0.394741964985876,0.124121370514227,0.406085639735731,0.502668494273672,0.0469528827755105,0.633429091210755,-0.234577051545916,-0.398498946552262,-0.404239004760849,-0.454592810333746,0.940049543800815,-1.38808885968923,0.770691479148943,0.443883275158699,-1.8682756001907,-1.12052952814993,1.07324248497805,-0.630884696624972,-0.479324006999601,-1.55508442035934,1.0903503353808,1.17852529477002,0.971946431949758,0.0154472291557087,-0.547113433085257,-0.600353400585517,-0.0579709551533499,-0.784541564523591,0.107533846339931,0.183354969180163,0.230908128450794,-0.910263503069648,-0.371455629610442,-0.185090813292206,0.199734040621084,1.08371361096484,0.173443604431278,-0.99093509183305
"248762_M1_S1","yes","no",0.350270375885486,-0.111443826198511,-1.70247065341774,-0.862477104131553,0.412437192670704,0.116574112791873,-0.224928525119949,-0.344576533397772,1.32812364380452,-1.29386140346515,1.65711402294818,-1.5856727922568,-0.821959704875386,0.417741816891967,0.574196361561813,1.25303476811377,0.796981428375886,1.45764389411493,1.66140390686332,1.48301007823844,1.00459396232652,1.23572411823122,1.05414720197591,0.263506817654613,-1.7643554230333,-5.24380607897596,1.18795760168329,-0.599022570154679,-0.111902155373926,-1.38284667009617,-1.36126001665855,0.848513997805348,0.353458957149168,-1.3753919598655,1.20723970698216,-0.450460018496267,-0.162438823466849,-0.410933892722383,0.300103074948075,1.13398022805331,-0.168837000369658,-0.00777370251435185,0.0772631801595334,-0.798453574540115,0.563943164612572,0.598771132296759,0.384165433569309,-0.0261284387187929,-0.578309923342336,2.01346484655853
"252447_M1_S1","yes","no",-0.774001712063064,-0.504852240588649,-0.750023293602654,-0.771173366208071,0.784937861390802,0.431917096947578,0.371924435708631,0.477478484491234,0.470897182492002,0.679019581387553,0.204085805369181,-0.886636294001527,-1.16573912106507,0.147611006224446,0.0218325612761145,0.561520751045444,-0.160644303953165,0.410696074734784,-0.322851468637843,-0.528494115537801,0.65238572055468,0.802309521163281,0.614092097842323,0.316576983692479,-0.749776183914783,0.382634121654735,0.0830788210705055,1.38191020045779,-0.504326545126591,-0.311745067192548,-0.195295125535344,0.723529169007361,0.0679398480213764,-1.38225653447025,0.370479612542216,-1.32111436470452,-0.783047189897907,-0.412078739529217,-0.0226309822059742,-0.403712116793811,0.56080646343684,0.50524673478146,0.0597038737968738,2.84639053740351,1.75289869660455,1.62992602438226,0.91024556145773,-0.545451712734097,0.15199386402462,1.66615696057914
"257002_M1_S1","no","no",-0.446089019744737,0.561344815013774,-0.209136644822236,-0.536889046187352,0.380045897279683,-0.563385387645915,0.4580089973666,0.168577442493064,0.328252525696733,0.610366213782789,0.00017344206187684,-0.945799820358209,-0.163516685392553,-0.157754258008404,-0.230333521463009,0.0171373759065528,-0.133857570181723,0.279314387596883,-0.347798586511649,-0.275345628565962,-0.325970506589329,-0.151202592386188,0.750001817587684,-0.498965239134575,0.770691479148943,0.104793543572817,0.335045025261903,0.970277172363917,0.563248877553034,-0.669721102633429,-1.45253602457237,1.63501585097419,1.5456132133758,-0.125095166576774,-1.43806194519767,-0.0163060065189375,-0.164537213911521,0.477083596331186,0.645038892058729,-0.229376107302568,-0.112435378206558,-0.0707728402573739,0.18875340082622,1.0951501082852,0.516285643689675,0.00809319629894491,-0.143432384468289,0.257763596158402,2.09664716467197,-1.07682843997849
"258173_M1_S1","yes","no",-0.0244869867640309,0.418239167131665,-0.674479778717933,-0.097681371925734,-0.39734596139884,-0.573239146070427,-0.00684763558642817,-0.581610802359633,-1.26597132905801,0.379112765008846,-1.2764156348111,-1.2413513500103,-1.22989947681816,-0.56882288293724,-0.422460060692817,-0.608167852293525,-0.194127721167467,-1.09506123019724,-0.59535075618249,-0.422445425049598,-1.1477897373903,-1.27808054476283,1.13932247049485,-1.14944696021212,-0.725746512022861,-1.3266028884344,1.29175630466071,0.823560340037124,0.421369524373151,1.88833297514157,1.78305003175283,1.02532813343554,0.741813576022854,-1.25985402061427,-1.0957482580886,-1.11450502022839,-0.397556982152465,0.443485839294915,0.197365346807846,1.44192485203031,-0.448576586248873,-0.426765806255775,-0.468098667668124,0.686785389372267,1.33407367376135,0.510694314062117,-0.0135029707807839,0.395516688000188,0.26134417683665,0.359084271409407
"268355_M1_S1","yes","no",0.256581035223106,-0.683014020961578,-0.581629098064378,-0.581927227050683,0.234285068829867,1.17100293205191,-1.24646532346117,-0.862773791606946,0.846528112052877,-1.48295927563968,1.70168169516804,-0.746722385754489,-0.310113362119098,1.60396842025804,1.82301886655557,2.21674047275153,1.78139389447638,1.15792942033159,1.90128004026529,1.80457707520267,2.49169542758542,2.62265082884863,-0.298047285680108,0.260608252457763,-0.409114761501832,0.219098339608734,0.590210431063697,1.01196546516269,-0.686174890761999,0.0593362318981885,-0.0815300244524855,-0.807982890525624,-0.504184020715154,1.35054758871396,-1.01667110678923,-0.926179645331037,-0.679646197085785,-0.174144439595797,0.418005737022285,0.0235069196040773,-0.329605443956946,-0.362658848294224,-0.558508081204224,1.22820589712987,1.41126882229049,0.797953923503644,-0.0530431123714439,-0.944219635854051,1.51015308654598,-0.329929760452926
"268413_M1_S1","no","no",1.09978510118452,-0.611719350672644,0.896454262124978,-0.835055372010441,0.768741827428726,0.431917096947578,-0.27657926211473,-0.116368008493001,-0.677731934845142,-0.41822985524298,-0.440619151674272,1.65393392754321,2.34299398993282,0.182845459789775,0.0938800134872926,-0.107923669733463,-0.0334073185388155,-0.565428803922584,0.118520616821796,0.265160600373913,0.339311727868597,0.325553464388547,0.767911326993954,-0.42231180436323,-1.6254635422189,-0.545921931741605,-0.0944809644611805,-0.399427367686621,-0.611950189119107,-1.05420650273991,-0.992394339208369,1.43261064065076,1.40620716670097,-0.592050531442991,0.0840549243802508,1.34896153350169,1.41173905907144,0.492229294188679,0.130299232549915,-0.494099551283445,-0.429248764748742,-0.330612128110786,-0.392042633658492,-0.727195989806474,-1.16030112185798,0.179705784581742,0.262456986239297,-0.501920013702146,-0.847024221355449,0.988346408909694
"279822_M1_S1","yes","no",-1.28929308570615,-0.417483680997297,-0.025324151233953,-0.835055372010441,0.768741827428726,0.431917096947578,0.744957536226494,0.962894407631214,0.183570088090102,0.930748595938356,-0.277000848182184,0.2499975853316,-1.08540035573487,-0.0403060794573079,-0.182301886655557,-0.24034124746995,-0.482085109210469,0.0955853094899762,-0.72392436368595,-0.791905379008499,0.300177478782837,0.195529085268165,0.955661119131894,-0.527128095445111,-0.635565234682365,0.489293629119574,-1.66470474320869,-0.484894224644151,-0.414990490711203,1.84970824560061,1.67976843903131,-1.86223300613742,1.48004556529682,0.566561559263657,-0.884688434881737,-0.487363212973853,-0.683210883959764,-0.649316663127594,0.158201881312781,-0.775979137272301,-1.06713944583222,-0.729774551963253,-0.520995511003114,-0.760285256784083,-0.894687795188496,-0.27968682858944,-0.373433710190146,-0.37302692958751,-0.363815549780633,0.590622862062332
"280500_M1_S1","yes","no",-1.19560374504377,-0.8376896358583,0.509370589218216,0.060670363772582,0.59058970358789,0.382644520705544,-2.75581463786422,-1.79704184107896,0.597239592796383,-4.4085562916392,2.76825324815564,0.496246210240691,-0.815492660390477,3.03683619858141,3.52814190222011,2.61399320596099,3.50913822273439,1.44122118322269,4.02562307767321,4.1137017874458,1.66987619678445,1.71248017500596,0.444321661117603,-0.833290628410448,-3.37850466168025,0.47008674030942,-1.51303994961819,-1.28118753745755,-0.844687919604065,1.81923306005855,1.65218985343595,-0.300077804424922,-1.16958213986907,0.382273339673478,0.23716827374727,-0.383144377130842,-0.636492991318832,-0.860636346666942,-0.458538187002761,-0.767787548076733,-0.36469412813132,0.116766315762494,0.17130581496336,-0.93065525360835,0.446452261852999,0.323423892534733,0.484489647818982,-0.623682513173605,-1.61499872062601,0.275058169962781
"286789_M1_S1","no","no",0.865561749528571,-0.557235653282868,0.301304592390089,-0.66358028002327,-0.688868003755252,0.550170722165015,0.337490611045445,0.706947829975587,0.242665731619571,0.515215055172677,0.0190994398538722,1.54146976304877,1.25682688347212,0.394252181181747,0.261990735313375,0.0244939080030243,-0.22761113838177,0.203359349720285,-0.330527504906707,-0.456654680045793,0.61325147146892,0.672285142042899,-0.233519813200292,0.398201950640624,0.770691479148943,0.46566107954733,0.743057246737876,-0.263211386267486,-0.555607852704801,-0.804602592882419,-0.740218025485149,-1.51916821104864,1.02702218246627,1.23420220798514,-0.434466805525489,0.478520383637722,0.919077985465481,0.918123335145566,0.322289219219058,0.225039691632479,0.25159590956338,-0.0463400449800474,0.58787480853952,-0.665048535735468,-0.547713951841162,-0.452479846089891,0.204817293983349,-0.590683368957037,0.101463350182745,-0.505450950141433
"287338_M1_S1","no","no",-0.0713316570952205,-0.0188803280765512,-0.527315781040205,0.210801374658547,-0.154410859699611,-0.326877201035649,0.641656062236933,0.657775827371797,0.00492463696078906,0.683837361570344,-0.358199483870422,0.1828389988362,0.135147055544248,-0.228223165139062,-0.362420517183502,-0.475750274557038,-0.528961893310492,-0.00603021415574346,-0.639487964728454,-0.699540390518774,-0.0128965139032458,0.108846165854577,0.861684547558585,0.108248423684625,0.770691479148943,0.446529660223628,-0.102289712648484,0.287809070412149,-0.0161176656629858,0.498658288645014,0.545067295390877,-1.0383130382606,-0.00800887387029178,1.52968231451783,-0.674934943150945,0.379908588400124,-0.415339962089128,-0.594786461712348,-0.815369627758923,-0.49757638002176,0.302607677259156,0.67036183693832,0.514408390274785,-0.23732290067615,-0.00360373309981851,-0.118441931336409,-0.0387660061768929,-0.0528607548298749,0.233350038753905,0.0453868260086699
"292528_M1_S1","yes","no",-1.38298242636853,-0.09675428829585,-1.12007921963678,1.31180701895618,0.865915713601792,-0.474694939616228,0.607222237573744,0.795205270546493,0.995965371552683,0.776579630089061,0.563069247359286,-0.931142193160107,-0.366328152719018,0.147611006224446,0.213959100505923,0.517381558466615,-0.214217771496049,0.981385278240037,-0.175087770462225,-0.401919872051881,-0.169433510246287,-0.28122697150657,-0.378136210662773,-0.127835865356216,-0.376345079704918,0.286545486563929,0.72504980012799,1.09198448460922,-0.0869278889880064,1.48273596029083,1.36775953173649,-1.35600633881964,0.705031207859543,1.43285494964537,-1.0792672288745,-0.957140543883187,-1.63142104954118,-2.09110118694323,-1.65857062788513,0.198967234052876,0.794537848884296,1.31412205106837,1.32796448547626,1.50765436195848,2.57536013560918,3.29526374263537,2.63186862120986,-0.0932389583291416,0.021184327105325,0.512198500712148
"301004_M1_S1","no","no",-0.961380393387822,0.318859085567201,-0.266098846829554,-0.24101913128622,0.979285632117368,-0.307168738156756,-3.28953892014362,-2.59892372969462,0.320780662721742,-1.98400841464989,2.17727370419915,-1.23122421961448,-0.855896399647151,2.48482975939126,3.25196000207727,4.17357801041295,3.94442264652032,1.14766522602394,2.36376122546431,2.77954084259421,0.848056965983482,0.672285142042899,1.04712706578064,-0.710871971674066,0.770691479148943,-2.91385628310047,0.989819615749416,0.183083224372309,0.312944457782757,1.71332634274373,1.61545260229726,-0.852508914543815,-0.413882266982013,1.40070737165328,-0.999451595419514,-0.893207447352034,-1.41028083470644,-0.956965963168274,-1.21687614630309,0.658200650385203,1.18765698014574,0.594573060743343,0.229275394162587,-0.347300754815709,1.05105116363833,0.0503817856084586,0.548587424747759,0.169950101627285,0.992485804880149,-0.0293030419438862
"307043_M1_S1","yes","no",-1.14875907471258,-1.16724100872441,0.0391767549950091,-0.0998256916972501,1.06026348432836,0.737406322678771,0.601483266796547,1.32222827281276,1.36887926003174,0.3514105289578,0.964178297338026,0.235073500182707,-0.398504714020425,1.14592052390876,0.80234662689721,0.281972531379527,-0.0735874191959785,1.27596765486955,0.277798369400709,-0.141929534080803,0.417580226040118,0.325553464388547,-1.23677943870281,-0.110327001030171,-0.329322185868495,0.451907376179956,-0.239066797768062,-0.134223679355548,-1.16589852438565,1.11634267237745,0.984387613341546,0.08478429942972,-1.07428148226237,-0.532175678005393,0.815000625534067,-0.340481626451494,-0.657625952094212,-0.66704963059865,-0.923318486175128,-0.552633986901013,-0.522718603887272,-0.595026241849843,-0.524195318584661,-0.593525560183355,0.263872672025811,0.499444400766431,1.04128957712184,-0.865577909462437,-2.19865158528091,-0.927448704073377
"357256_M1_S1","no","no",-0.446089019744737,0.193990483450723,0.338171034884027,-0.299641328348836,1.23841599524554,-0.0509520886675978,-1.05134031703644,-0.706432039738485,0.320101402451289,-0.543492139995532,0.877485017129531,-1.18911679783244,0.414485786152791,0.734851898979926,1.19860761405869,1.68707016180558,1.15860233429035,0.519496534395857,0.721089463927563,0.740669244821017,0.534982973297399,0.498919303215723,0.075115770537651,-0.948043647334689,0.770691479148943,-0.0875820286934155,1.21182476518344,0.903737664840357,0.189206851419154,0.629131927747165,0.642059691107144,0.275813868163192,-0.832680403757763,-0.917029797104669,-0.935750616635776,-0.424100510836104,-1.17254863487901,-0.929603972979187,-1.06957258499096,1.20083370542888,0.943959752759371,0.519772095386364,0.612119013859173,0.898991325814431,1.14322986967763,0.260531647177508,1.09148149507559,-0.0525837127204894,1.60187401493677,0.189164821817341
"361840_M1_S1","no","no",-1.24244841537496,-0.0313380404629626,-1.11328376808588,-0.371591962706645,0.979285632117368,0.500899082098372,0.337490611045445,0.366526273487809,0.390065210308016,0.294801611810012,0.231559027970465,-1.29838290777259,-0.674788469607281,0.206335095499994,0.0818721047854296,0.532094622659558,-0.0468006854245365,0.521549373257387,0.0878164717463424,-0.0906156515865109,0.261043229697077,0.108846165854577,0.515684536937726,-2.34238083162121,0.770691479148943,-0.713756878749318,1.36487389084686,1.07728074030838,-0.0319392299255995,-0.630013087641134,-0.893684075861136,-1.69639606337593,1.30614228684144,0.923591826764213,-1.49819897847566,-1.20117119412724,-1.72258446899929,-1.01739491808469,-0.561541840034627,1.68769275594947,1.52732524184863,1.08123622306012,0.190139315379507,1.45380593184246,2.36367193090037,1.6644773169965,0.899751240847724,-0.509799708765449,3.0747168785815,0.254518456275828
"364070_M1_S1","no","no",0.771872408866192,0.288218795789201,-0.420404774702051,-0.0138322604112759,1.01167692750839,-0.287459329247996,-0.775869719730947,-0.267666478043126,-1.24491426067395,0.416450561425472,-1.05724037005864,0.150325639054343,-0.536073316246335,0.194590277644884,0.430101457139457,-0.380115357302908,-0.0200139516530945,-1.24902414481197,-0.865931034659921,-0.436129127048076,-1.1477897373903,-1.23473908505604,0.382950107104719,-0.757620697495518,0.770691479148943,-1.1778380383431,0.153094987796138,-0.103193428171553,0.294653067742806,1.05549191374862,1.00665786133822,0.777603380342611,0.191599371007651,-1.38701573549657,-1.09455611005954,-0.294954325981572,-0.485003592141395,-0.519790408563954,-0.720283942620934,-0.361333162690048,-0.408358179954469,0.227045087363033,0.435940484448752,-0.574196059641555,-0.0961877698098099,0.265939512990514,0.81395695572204,0.0381718391362618,1.72029509069674,-0.195487998138324
"367193_M1_S1","no","no",-0.727157041731874,-1.17950923473161,0.131245064295725,-0.369549869390295,0.784937861390802,1.51591002957076,-0.890649135274902,-0.0697176470483811,0.163871540246946,-0.331509811952751,0.630836529775786,0.0879641089747101,0.0750634567223529,1.58047878454782,1.46278160549968,1.22360863972788,0.796981428375886,0.278287968166119,0.471618285189507,0.378051141861355,0.769788467811961,0.585602222629311,-0.143105349124774,-0.707751265795771,0.770691479148943,0.403621681186115,-0.550058246146555,0.26295682999441,-1.17307783618792,1.31878008465237,1.39235724454955,-1.13135732002435,0.204395124550147,1.54307221020642,-0.68972516239805,0.0398564668768874,-0.0748803259201176,0.469232419311994,-0.134979520902268,-0.644392294823798,-0.589773310807919,-0.528321756998315,-0.408123415413705,-0.264976020907586,0.19612482432908,0.0491570812761223,0.529115126781541,-1.28859041827877,0.481589162151878,-0.0442410155343976
"372502_M1_S1","no","no",0.162891694560727,-0.880423732272519,1.59436837369036,-0.371591962706645,0.979285632117368,0.500899082098372,0.119409721511924,0.754859011999793,0.863509618814219,0.133405975686531,0.826812184331608,0.833105584497063,0.704062008125033,0.864044895386132,0.814354535599073,0.914634291676076,0.134009767532697,0.725806839979591,0.249013233392471,-0.0427226945918385,0.69151996964044,0.498919303215723,-0.359796383536142,-0.825112795322016,0.770691479148943,0.440377373492381,-0.428391786549379,0.136343482596649,-0.875181408125223,1.79642180779581,1.84828974080097,-0.564898369079785,-0.919524543080745,0.963214351763572,-0.119918559265444,0.618210255309676,-0.18650214238047,-0.36856048027711,-0.40040026621993,-0.613213279341994,0.193557284490315,0.0429411542418297,-0.166948144171339,-0.391171462620128,0.818401621249532,1.36215614510612,0.895010418658794,-0.934873884760661,0.188472709189886,0.409499932277382
"378882_M1_S1","yes","no",-1.33613775603734,0.105749823444215,-0.262980539492505,1.63729347343476,-0.559302436734383,-0.671784298554494,1.05486195819518,0.998197383859577,1.22283830188421,0.435721682156634,0.619847240735272,-0.371486560171934,-0.738370952469198,-0.169499075863514,-0.326396791077913,-0.166775926505235,-0.50217515953905,1.16100867862389,0.037922235998731,-0.261661926567484,-0.247702008417808,-0.194544052092982,-0.394165489547561,0.20423117199454,-0.376345079704918,0.491128474268465,-1.55269231903589,0.755121322007925,0.103519241314201,1.89263498805466,1.89660441527071,-1.63364128061879,1.21729435449255,1.04341596749712,-0.835913304776793,-0.676907550175559,-0.929685365528212,-1.07468423504284,-1.95895167813567,-0.770101902459997,0.266356861444162,1.73939190088952,2.17880967509191,0.524442426828878,0.650245391902052,1.30686771801846,2.84281846531364,0.0700839374449248,0.238879101522426,1.41407865623927
"400605_M1_S1","yes","no",-0.492933690075927,-0.355167301589423,-0.918719260523354,-0.665010245268286,1.36798117519006,0.264390895488106,-0.810303544394133,-0.444181359184937,-0.228740896075271,0.373090539780358,-0.064541260065591,-0.598546857755231,-0.541365797996297,0.593914084718611,0.490141000648772,0.517381558466615,0.783588061490165,-0.135359062432114,-0.224982006209836,0.0872724743937009,-0.52164175201813,-0.627958649160922,0.233734059054391,-0.0223874442012871,-0.635565234682365,0.425137743710535,0.634817018281499,0.81968087300079,-0.367131499905437,2.0064733471224,1.94853680626961,1.34882720362195,1.30692734371041,-0.766173030529674,-1.43244738171976,-0.676115213053063,-0.199191008882539,-0.356454048656222,-0.489570650436339,0.0778842305685193,-0.313305496403719,-0.437838501777499,-0.502456141840806,0.677139188516138,0.285143439845239,0.378643208091078,-0.129523869742808,-0.645192673179573,1.71088091508894,-0.333664253850554
"544292_M1_S1","yes","no",-1.47667176703091,-0.371580179589036,0.0715054450158749,-0.361992393536568,0.979285632117368,0.412208634068685,0.744957536226494,1.0284570777696,0.964719399111815,0.711539597621389,0.465386678110278,0.353400756221485,-0.876971172738933,0.359017727616419,0.0698641960835666,-0.0196452845758047,-0.354848123796119,0.760705100625596,-0.286390296360743,-0.53875689203666,-0.208567759332047,-0.28122697150657,-0.326879441127515,0.133714332052778,-0.149893414659369,0.489144670831824,-1.40342209375112,-0.107383816040715,-0.369638617724229,-0.992135491533703,-0.838344724107607,-0.731164013375271,-0.650933462198182,1.24785712276993,0.777362870733939,-0.111322060577977,-0.311031827460232,-0.289495981720101,-0.218978758124097,-0.76066989427359,-1.15549347340915,-1.22214187478051,-1.1437520452249,-0.576858208502451,-1.36482667178128,-1.30179736671458,-0.948752516831293,-0.271087267985781,-0.718586980627757,2.02653557345023
"594580_M1_S1","yes","no",-0.305555008751168,-1.24862568273585,1.18578346632364,-0.936112649435991,0.363850250393954,1.16114822759753,0.486703851252589,1.39409504584907,-0.48074645641358,0.383930545191636,-0.653689255848671,1.45458983166329,-0.259843231740213,0.558679631153282,0.20195119180406,-0.63023744858294,-0.549051943639074,-0.612644097737767,-0.545456520434879,-0.593491700030571,0.574117222383159,0.498919303215723,-0.695926243231784,0.751239862736348,-0.162496007819794,0.437363100336133,-0.936352003927326,-1.15877170778582,-1.2481220126271,-1.40240184022643,-1.33055635705576,0.374202142332536,-0.666923385388716,-1.07861203991945,0.502009645393526,0.240950140609442,0.269903046993529,0.0325128990501323,-0.368553968458214,-0.714252148961834,-1.01530209487322,-0.8716824457474,-0.943462020482277,-0.915563465537935,-1.29259780343335,-0.983637794620462,-1.16274232724658,-1.2510201691682,-0.261550079899528,1.37113198216655
"601725_M1_S1","yes","no",-1.10191440438139,-1.17490463074528,-1.73886487892474,-1.62538408525701,1.14124210907248,1.87067183154399,-1.11446899558562,-0.369792944989459,-0.00933982871873787,-1.5227059621477,0.751718709221433,0.373388457399634,0.747205217703701,1.40430651672117,1.37872624458664,0.944060420061962,1.09833218330461,0.342952392304304,1.37930957398259,1.40090786624757,1.86554744221325,1.84250455412634,-0.344716525985631,-0.562153317865503,-0.376345079704918,-1.13987056187286,0.0364714921144803,-0.527256231449419,-1.17335075692443,0.1072747260093,0.212774722953909,-0.0875772360692972,-1.18543778473208,-0.131511440896201,0.0370525079499627,-0.0847187837062703,-0.212961518291235,-1.00757062523249,-1.55377663554328,-0.429679816022879,-0.664336614654944,-0.530143086900964,0.108235897298285,-0.775205885063059,-0.609105092552905,0.057284159980296,0.752465255454722,-1.26349702891434,0.317931738709213,1.79686422949612
"622337_M1_S1","yes","no",1.00609576052214,-1.31723176194477,0.822975648227349,-1.69207490576859,1.15743814303455,2.00863391964032,-5.58512723102277,-4.25059868895013,-0.895095221390314,-5.51905462377241,2.46482676742591,1.03138364524843,-0.120627077016083,3.64756672704711,4.17656897212072,3.81310793768585,5.64538024100689,0.280340807027648,4.94866643900402,5.34865589280842,3.86139414558703,3.87955316034566,0.495100717145211,0.631207366284315,-0.0777692281506486,0.285099713676477,-0.479562380715791,-1.71840013486199,-1.31672060411785,0.00527779756484064,-0.379391429400713,0.0937075970084578,-1.065636064683,-0.551834763843719,-1.38487980464315,0.0527465921945427,0.545456997222943,0.267661064111451,0.075386597758442,-0.626983924971958,-0.789768476164885,-1.20290598128374,-1.35365953318858,-0.966928267150144,-1.45596483189745,-2.04549583962487,-1.90732528651066,-1.41209841885497,0.319480890058999,1.31884907459976
"642613_M1_S1","no","no",-1.19560374504377,-1.6706110422498,0.134447197347414,-1.42500619033583,1.70809016306236,2.20572423446293,0.0964538384031326,1.2705346290498,-0.051453965486865,-0.0496696712595075,-0.027910296597213,1.01112938445679,-0.265985683792632,1.06370679892299,0.838370353002799,0.00242431171360981,-0.0468006854245365,-0.0152679890326271,0.0743834082758316,-0.100878428085369,1.00459396232652,0.672285142042899,0.821963138395848,0.390249427615985,0.770691479148943,0.431437599605372,-1.47503168713781,-1.5701457108399,-1.66727280089173,-1.32667458397702,-1.2753588892555,-1.32700211754314,0.643057398831033,1.45814005287211,0.838461680066505,0.554825610442833,0.56158663378215,0.408342900416466,0.00278685304247504,-0.76544373700492,-0.973248640844942,-1.1126943495206,-0.681252672335934,-0.957135194395874,-1.56511560630548,-1.73858147569392,-1.33187007805348,-1.61247644097046,-0.727754137722388,-0.466238769466341
"647830_M1_S1","yes","no",0.771872408866192,-1.37266506417421,1.14343763201579,-1.76351439253116,0.493415431958042,1.21042080383957,0.326012669491048,1.3348364786086,0.295648032714957,0.114134854955369,0.185159807577186,1.04950563245756,0.31845175788658,0.993237891792337,0.658251722474854,0.0539200363889103,-0.187431037724607,0.206438608012579,0.0321652087970836,-0.162455087078519,1.04372821141228,1.19238265852443,0.76926705915765,0.719572197792488,-0.137464653522874,0.202181946086645,0.580968028816454,-0.973228999386829,-1.37328621772303,-0.706493663083724,-0.601368294738085,-0.239815360191818,-1.19142817868265,0.237645088491278,0.726787967821589,0.191065218459077,0.278638525785354,0.188123102799266,0.0952481395677134,0.0126633958297075,-0.621491238612782,-0.668556646733672,-0.57969281811841,-0.886819071395507,-1.36605220995964,-1.24011954012839,-0.988187184998244,-1.35152344208802,-0.448700162466011,1.0835759905492
"650846_M1_S1","no","no",-1.14875907471258,-1.78013646580031,-1.0304194955629,-1.42035912755048,0.930698304383837,1.67358152657585,1.03764504586359,1.85429455739736,3.42635861923589,0.934361931075449,2.45078489809637,-1.19977689496118,-1.37136596801098,1.85060959521534,1.29467088367359,1.06176493360551,0.0938296668755339,3.21282112072281,0.452428194517348,-0.0564063965903163,1.98295018947053,1.92918747353993,0.565340672484124,-1.08631924224879,-1.4505241525645,0.397206886984949,0.695452028800224,-3.24589270328383,-1.77930023118082,-0.829010757319121,-0.692089486900415,-0.185370037790724,-1.19938578400919,0.105566446977369,0.495174082093324,-1.62645744714734,-0.970853329394825,-0.284502954376126,-0.364255241845559,0.157532414055508,1.86047624149682,0.59915243487817,-0.408510248660469,-1.0028430717593,-1.26970778011277,-1.55973421747474,-1.62900253054663,-1.70821854708829,-0.857937410207638,-1.96937236201154
"652934_M1_S1","no","no",1.05294043085333,-1.55592327432284,0.0227441683615387,-1.67981924624222,0.542002759691573,1.29911126172373,0.251406049387476,1.36257453135946,-0.101719225500436,0.257463815393386,-0.175044666528532,0.41416333527099,-0.581762373981239,1.14592052390876,0.670259631176717,-0.0490714129616907,-0.261094555596072,-0.239027424939363,-0.322851468637843,-0.47375930754389,1.04372821141228,1.10569973911084,0.688528292023813,0.0470253495252585,0.770691479148943,0.456321347063142,-0.0769241815515561,-0.390003271507684,-1.55512043038731,0.974734228506768,1.00381811276803,0.0913605845218843,-1.06793653760601,-0.54667723121065,-0.538204333754819,-0.236994214489755,0.427807781201036,0.188271789963278,0.123800910575667,-0.486140555658059,-0.758146050818427,-0.571501475328597,-0.403531380329238,-0.723285962613717,-0.93829492596376,-0.854002762470215,-0.912854636658293,-1.51159829308671,-0.629861146795028,-0.684706633227569
"700226_M1_S1","yes","no",-1.19560374504377,-1.05776034947372,-0.882551363896516,-1.57442160071622,0.299067659611911,1.16114822759753,0.526876646692975,1.00576230733708,0.782677646630233,0.353819419049196,0.464776162052472,-1.21576706606997,-0.960753868054386,0.711362263269707,0.454117274543183,0.0980592289677394,-0.200824404610328,0.703225612502764,-0.00813398161444868,-0.237715448070147,0.574117222383159,0.628943682336105,-0.114167173857958,-1.39090566602141,-1.10302708266436,-0.0415244998403138,1.47656447813274,1.23144938871005,-1.05991311739894,-0.283436452553168,-0.193111321823058,0.110752013408107,-1.04836501374465,-0.588998045447123,0.159695480020255,-1.37864808350776,0.152646571568498,0.144182246434788,-0.0638874192839623,2.11587226723636,0.29918898637195,-0.70429756860224,-1.16483703428303,2.08077602478617,0.557649918242997,-0.507126335184409,-0.871522336459454,-1.07500595673263,-0.140643721931693,0.543941694591984
"700239_M1_S1","yes","no",-0.446089019744737,-1.33843902106425,-0.985558897369553,-1.69207490576859,1.15743814303455,2.00863391964032,0.073497955294341,0.551866898686711,1.44223936924074,-0.883145642882261,1.54538958436962,-1.36181052381212,-1.13846074082489,1.29860315602519,1.17459179665496,0.988199612640791,0.636261025747234,1.44635328037651,1.33901038357106,0.894610892303892,0.769788467811961,0.542260762922517,1.10577466055376,0.085548225506218,-1.10302708266436,0.240731325038414,1.52040000263965,1.29706752950615,-1.34097206998055,-0.701936393253941,-0.762808271428952,0.616430449133286,-0.173371345619418,-1.33826491582262,-0.9512276015048,-1.50761135426865,0.659948066605849,0.869017868325398,0.151666895822124,2.30332528049708,-0.0480959186471881,-0.882907800364356,-1.24493336985889,2.39393914813803,-0.574928276858885,-1.46829310938017,-2.18670650630244,-1.39819066584086,0.0679336428716423,0.652242003123191
"HOBO-014_M1_S1","no","yes",-0.399244349413547,1.20420156861325,1.68799024876695,1.30736503717717,-0.348759017502524,-0.415567658919814,0.0562810429627467,-1.40744828198739,-0.778941715142738,-0.783176704089359,-0.626826549305194,-1.44176132852472,-0.934817692490564,-1.20304304711316,-1.15494249150646,-0.799437686801784,-0.348151440353259,-0.380673306384912,0.50232243026496,0.603832224836239,-1.42172948099062,-1.4947878432968,0.766471374684036,-0.121088992958915,0.770691479148943,0.0819993261712814,1.82471078731799,0.908004581130563,1.20015609061735,1.1437360975838,1.14394313148785,1.48816762279838,1.45908437268286,-0.469236917572812,-0.278157178383058,0.101382095419939,-1.05275704374442,-1.09329917872444,-0.359856264061314,3.98120731057337,2.66270426914806,2.1101410888261,1.49477084903889,0.911001874544029,0.504088862456482,0.787190886794274,0.541197390775591,1.46230665549293,-1.42122855513368,0.00244015193595002
"HOBO-032_M1_S1","yes","yes",-1.10191440438139,1.26067921887197,-0.0427207306100843,1.65409396418484,-0.00865003124979538,-0.307168738156756,0.733479594672099,0.318615091463603,0.798979893121121,0.815121871551385,0.237053672490722,0.484520027152041,-0.685879138708545,-0.651036607923007,-0.614586599922625,-0.358045761013494,-0.395028224453282,0.654983899256817,-0.462939130544598,-0.501126711540846,-1.22605823556182,-1.23473908505604,1.05312245330509,-0.494023426522092,-0.299283794174752,0.487557951139337,-0.796120946994994,-0.732627746130964,1.26378961495829,0.737566311115116,0.825850002296456,-1.23421487176879,0.438308960948299,1.51731507629595,-0.314798974949385,-0.328292235901211,-0.57522844198934,-0.478884323428635,-0.795159337614179,-0.693176846267005,1.41320761493779,1.95819095648037,1.46968573125248,-0.835703846239007,0.501667409339245,0.766496330230236,0.753820512444244,1.2987553201529,0.0582531730086904,-0.201089738234766
"HOBO-053_M1_S1","no","yes",0.209736364891917,0.263344222593599,1.05302347788356,0.441715872786008,-0.235389098986948,-0.415567658919814,0.0448031014083522,-0.594219008155476,-1.43239009531916,0.365863869506172,-1.43881290618757,2.28288001395848,0.303140104188965,-0.991636325721186,-0.95080804357479,-1.04955977808182,-0.609322094624818,-1.44404383665729,-0.938853379214122,-0.685856688520296,-0.247702008417808,-0.151202592386188,0.647904396243967,0.462039810181514,0.770691479148943,0.485808906957355,-1.14299580424463,-1.7448979197337,0.26322395278032,-0.76719811591884,-0.900586957792931,0.474407938657162,-0.474984756777033,-1.21152401519191,-0.298892042917607,1.49828081213947,0.935565631555611,1.29931383953478,1.86969623115195,-0.73859035126036,-1.00154532318243,-1.16960979189011,-1.44426555075018,-0.968464383654116,-1.00929977043676,-1.06072387869618,-1.56280105263384,0.334021511432633,-0.397496274547962,-0.69964460681808
"HOBO-055_M1_S1","yes","yes",1.1934744418469,-0.0118754177119107,0.668242210400468,0.274530043331405,0.59058970358789,0.1855551519128,-0.110149109575991,-0.232363501814764,-0.437273799104546,0.208081568519783,-0.413145929072989,0.279579399341284,-0.00676013723181292,-0.322181707979938,-0.31438888237605,-0.299193504241722,-0.267791239038933,-0.564402384491819,-0.372745704385455,-0.261661926567484,-0.0520307629890061,0.108846165854577,0.0644714503874273,0.000144748369547796,-0.360396568206117,0.370476112533597,-0.106696558225675,-0.00970612091541984,-0.0069953672422667,1.28278885939831,1.32306126055725,0.0391296550175726,-1.114173035341,-0.429592468179826,-1.15994040874385,0.381188463945706,0.910397796341271,1.46171168915703,2.04159713238845,-0.499521608740341,-0.859860686531399,-1.15293230599509,-1.28785478483616,-0.510326020087927,-0.863294019452014,-1.00599990253081,-1.22900588879747,-0.0470755400905129,0.256920283546218,-0.847157096024379
"HOBO-060_M1_S1","yes","yes",-1.47667176703091,1.26849973193115,0.0300733087543839,2.64362618090519,-0.462128552180884,-0.474694939616228,1.15816343218474,0.374091196965316,0.503501675473778,0.116543745046764,0.00017344206187684,-0.546312356408714,-0.973675554941796,-1.2500223185336,-1.1429345828046,-0.850933411477085,-0.830312648239215,0.480492596026793,-0.0426761448243335,-0.121403981083086,-2.04787746636278,-1.97154390007154,0.575734124379415,0.778157179192462,-0.376345079704918,0.479729597516385,0.0488065627154625,0.891779849043851,1.25692930450426,0.987095511631133,1.01562742347563,-2.00212377973346,1.55095173743621,0.235618057169854,-0.0343722573843899,-0.828664869668703,-1.26386693052985,-0.698640273677184,-0.0583485864654162,-0.42297317037641,0.17530286292887,1.26468947027718,0.485211031213793,0.865731577875031,2.23207760742312,1.0227770135329,0.147855227646446,1.31192288343505,-0.0724538891465619,-1.43347255945195
"HOBO-063_M1_S1","yes","yes",-0.305555008751168,0.692426483583025,0.0396852960310057,0.822403581546647,-1.04517225305649,-0.819601091105205,-0.242145437451541,-0.232363501814764,0.701166414175794,0.0250059215737451,0.69616174796106,-0.198792834192249,-0.482384915363027,-0.0637957151675271,0.213959100505923,0.311398659765413,0.435360522461419,0.736071034287239,0.275879360333493,0.34384188686516,-0.365104755675089,-0.324568431213364,0.291573251310406,-0.551370802181515,-0.635565234682365,0.277885624416693,-1.82777894984762,0.495359695118801,0.691003810649865,-1.09372151860007,-1.11230056408801,-0.0770350443726287,-1.18177632707128,-0.15684962289435,1.66903473817518,-0.383144377130842,0.256068929937902,0.0314243074451618,0.919276958448898,-0.783029068005588,-0.81996784155167,-0.695446671468124,-0.383083270650193,0.037756553397971,-0.507452878956569,-0.186522433573469,-0.350827310329769,0.750648078386743,-0.229515257478023,-0.27951409958495
"HOBO-211_M1_S1","no","yes",1.38085312317166,-1.46925485828685,1.33022034211184,-0.778833073623433,0.671567941255661,1.2596933800816,-0.0412814602496168,0.534215410572531,0.731733126346208,-1.39864812244084,1.07773428409,0.844298648358725,-0.292444671278345,1.12243088819854,0.826362444300937,0.53945115475603,0.274640119832767,0.909535918086498,1.52707327215821,1.14433845377611,0.378445976954358,0.368894924095341,-3.30088382408886,-0.00773703383287966,0.770691479148943,0.383642851090544,0.656178477881469,-0.2666208626366,-1.46861429560178,-0.719110203124785,-0.810893010905417,-0.302553459226521,-1.16839434417301,0.388159633074111,0.123701190260844,0.229979712363516,1.43559722106342,1.57449808562635,1.13162420580917,0.105166834994691,-0.160544228998204,-0.585731744325642,-0.64533596820283,-0.666760954560122,-0.275237424933224,-0.753636522416424,-0.627638993928598,-1.26134935270385,-1.66647211919806,-0.539061390720084
"HOBO-216_M1_S1","no","yes",0.678183068203813,2.20273519666423,-0.212104066696972,2.36353571264921,-2.72952134470601,-2.40617261825232,-0.0527594018040113,-0.952292052757435,-0.0297176368323478,-0.219496422702872,-0.0456152622735957,-0.679563697596374,-0.418421175381788,-1.44968422207046,-0.986831769680379,-0.490463338749981,-0.10037415296742,-0.106619318370698,0.0340842178642994,0.138586356887993,-0.599910250189651,-0.671300108867716,0.180082992476939,3.12801618396475,0.770691479148943,-0.249098745367009,0.397171758561934,0.847883012824735,2.21083977247577,0.393778824775433,0.470435905167543,-0.385364369070135,-1.11569642774011,0.581427244202648,-1.1840450757758,-0.856700305189053,-0.543231188849127,-0.993409110630385,-1.02592633258794,-0.175947237317456,0.497259923617554,0.811663850502003,2.06032923192055,0.748534891402822,-0.178628455918608,-0.140849581781535,0.143621446897392,2.05705352018461,1.48822162985365,-1.69488709728589
"HOBO-233_M1_S1","no","yes",-1.19560374504377,2.4625505240416,-0.958541947962216,2.36353571264921,-2.72952134470601,-2.40617261825232,-0.563527800974623,-1.49696654313788,-1.24083869905123,-0.199020856926013,-0.998020312451425,-1.16886258787215,-0.428402285766212,-1.4966634934909,-1.08289503929528,-0.659663576968826,-0.22761113838177,-1.18230688181226,-0.445668048939656,-0.0221971415941217,-1.46086373007638,-1.45144638359001,-0.35690251446843,3.40915963657991,0.770691479148943,-0.736247023439558,1.06606634013928,0.937911475136799,2.46621044671853,0.124725583021435,0.213099565013552,0.824938342624936,0.29980232706967,-1.38150150681295,-0.793300667131934,-0.928007972540929,-1.93578814471628,-2.00305971378322,-1.62800366738087,0.825676360204343,4.75411120755233,4.60181227499089,2.59371462655392,0.997335239597806,0.68641819966102,0.309039983812958,0.674540396708782,2.31221530538934,1.5469072999455,-1.73409927796099
"HOBO-242_M1_S1","no","yes",1.09978510118452,-0.449549754074189,1.79832133290898,0.274530043331405,0.59058970358789,0.1855551519128,-0.127366021907586,-0.14158442008469,-0.910718207610749,-0.227927538022755,-0.780066079814576,0.579394917013521,2.35273775011958,-0.427885068675925,-0.386436334587228,-0.689089705354712,-0.341454756910398,-0.871301794290508,-0.203872906470462,-0.145350459580422,-0.365104755675089,-0.237885511799776,-1.92184642685652,0.450011742613015,0.770691479148943,0.364122417795069,0.0104342980728948,0.11806872294158,-0.445713907233175,-0.353482685961495,-0.20479475570102,-0.417800553245911,-1.08832651290067,0.654737351258305,-0.353749855813541,1.71464162255717,2.43426870782334,1.38846339061844,1.87588142495704,-0.44345741809712,-0.788769266777229,-1.10594941974119,-1.07187212004069,-0.40752020639559,-0.592362349560268,-0.686622586191829,-0.577538454959771,-0.319287840565556,-0.915441924917012,-0.701511853516894
"HOBO-265_M1_S1","no","yes",0.95925109019095,1.55602642284802,0.602545393969322,0.418736750539919,-1.93593403025059,-1.98242977715817,0.182538400061102,-0.67617234582846,-0.951473823837968,0.391157215465822,-1.06945069121476,0.377386038300343,-0.40379634045436,-1.46142903992557,-1.2389978524195,-1.04220324598534,-0.63610882839626,-1.09403481076648,-0.840983916786115,-0.614017253028288,-1.18692398647606,-1.14805616564245,0.874483518926532,-1.50043112627437,0.770691479148943,0.210101397031381,0.828086792401391,-0.120025593396327,1.55479817921149,0.994778122245823,1.07869711884693,0.475880910340054,-0.472014980502763,-1.21322017169034,-0.29407871488964,-0.188724190711708,0.778856911541184,0.23595745195582,0.344659525765927,0.357548491222475,-0.832008837289901,-0.814240286314362,-0.431362512257268,-0.584790727595048,-1.26224834790746,-0.794368716388143,-0.801068751071269,1.57143273955231,0.241817354002243,-1.59965751564638
"HOBO-270_M1_S1","no","yes",0.818717079197381,2.06964103222007,-0.448335421926844,0.84650597435284,-1.46625947697699,-1.66708678314799,-0.351185882218302,-1.48057587560328,-0.917510810315285,-0.155660835280898,-0.800213109722184,-0.453569435141635,0.732755722561934,-1.79028393986864,-1.29903739592882,-0.858289943573556,-0.247701188710351,-1.05297803353589,-0.380421740654318,-0.0974575025857498,-0.560776001103891,-0.454592810333746,0.408373863225414,-0.214747888299245,0.770691479148943,0.132134828860992,0.38058740096358,0.671289617175945,2.07226587183651,-0.359465659057699,-0.250210399252673,-0.484591205448592,-1.02049772283692,0.800200737420905,0.44312019092642,0.16781402980103,-1.17355583869841,-0.963233683504773,-1.42179999972605,-0.190672900352828,1.88214214162823,1.68392730312035,1.65676900458308,0.346633388491849,1.31244260361513,0.835732457015329,1.03309872823623,1.99674621793004,0.952339102873141,-1.07682843997849
"HOBO-273_M1_S1","no","yes",0.490804386879054,2.71602935915829,-0.926274729796367,0.63673172229932,-1.90354273485957,-1.92330249646175,-0.0699763141356056,-1.55748593095793,-1.61375258753029,0.654930680473601,-1.70499790739112,-0.38321264159787,-0.44588195176486,-2.07215956839127,-1.82738537881079,-1.37324719032656,-0.709772346267726,-1.68525240288703,-1.27851798411132,-0.836377410503552,-1.96960896819126,-2.05822681948512,0.643883744955683,2.41102272804845,0.770691479148943,0.30865713722036,-0.102745439976064,0.739843493467453,2.71492698561541,0.0952527478107859,0.138676528532984,1.28158239987085,1.21139817575294,-0.894284371988112,0.161104020597269,-0.888301257760637,-1.33684834471525,-1.59592078964762,-0.785616575888819,-0.497778106349725,-0.541277814679174,0.102851765548678,0.511833583184583,0.490381596759175,0.0800074729663929,-0.0780589960296027,-0.426017857544261,2.5140320487954,1.9052247876628,-1.97684134880679
"HOBO-304_M1_S1","no","yes",0.771872408866192,-0.691813257016856,1.64907287455976,-0.610779542299875,-0.672671971412742,0.648715874649084,-0.13884396346198,0.051321128591718,-0.79048913974045,0.188810447788622,-0.717182925860527,1.61715642724716,1.71416179749751,-0.0168164437470887,-0.218325612761146,-0.497819870846453,-0.36154480723898,-0.977022995659287,-0.537780484166015,-0.47375930754389,0.769788467811961,0.888992440576869,-0.0461221064785959,0.64347355888455,0.770691479148943,0.427840670124317,-1.09344939635251,-1.19834054904883,-0.689225474764532,-0.0360489198260108,0.0671230455815998,-0.470825133319557,-1.03571314060177,0.770887487778731,-0.258492873046135,1.48304413207494,1.15238109035426,1.36688377481882,1.32950518153981,-0.733386862326943,-0.772977352845121,-0.669405294274289,-0.844529203548117,-0.920742083260151,-0.766159511553352,-0.638524687050159,-0.717479641971638,-0.692856322396838,-0.131335453782948,-0.0349047820403282
"HOBO-308_M1_S1","yes","yes",-0.258710338419979,-0.261769947334546,-0.69989007324897,-0.596430055793271,0.072328206417976,-0.041097384213218,0.767913419335285,0.835551529093193,0.427424525182967,0.689859586798832,-0.040120617753339,0.424290364004106,-0.441162959411424,-0.0755405330226368,-0.206317704059283,-0.483106806653509,-0.522265209867632,0.256733160120057,-0.510914357224994,-0.634542806026004,0.221908980611316,0.282212004681753,-2.99951738455551,-0.828471815071515,-0.242053832372088,0.421368982456345,-1.12378159281115,-0.156013032071722,-0.262853925899972,-1.55586727916655,-1.51749915580849,-0.0754683995185449,-1.18119661183008,-0.160609106406841,1.15437362683708,-0.141246736549444,0.510941222131074,1.60979057688069,1.45018557058803,-0.736615660575199,-0.37695072931575,-0.0233247202634204,-0.715993649752458,-0.606580527791571,-0.357991262514131,-0.252198499130153,-0.727498447520529,-0.222517993621171,-0.31915912674672,-0.561468351105851
"HOBO-310_M1_S1","yes","yes",-1.24244841537496,-0.0195180330288824,-0.61496928226458,-0.169120858688302,0.072328206417976,-0.0115342168799451,0.957299454982815,0.940199637198695,1.81447399744935,1.0584197707823,1.02095629071401,-0.170010495697613,-1.15207224008859,-0.0755405330226368,-0.122262343146242,0.171624549932454,-0.301274656253235,1.59005200068359,-0.263362187554153,-0.590070774530951,-0.0911650120747664,0.0221632464409886,-0.357074793043915,-0.140669027481752,-0.774464266213942,0.476423099150732,-1.05418862890005,0.494463586226607,-0.0155228932311285,-0.673960857761957,-0.497162251782992,-0.706545997286224,-0.695217799754769,1.21084193017585,-0.404677872548139,-0.959700294974351,-0.506761600369647,-0.139373057042114,0.878702931501134,-0.728996248157948,-0.525291125933231,-0.55407044996065,-0.586425617374566,0.0363791291107012,0.857561123769493,0.344411388082478,-0.581388840118484,-0.0272537357776495,0.0721709171447038,-0.477442249659225
"HOBO-312_M1_S1","yes","yes",-0.539778360407116,0.231325667082052,0.508012615937209,0.13956509993371,-0.802237538433612,-0.652074899500211,0.997472250423201,0.787640347068986,0.597239592796383,0.777784075134758,0.00444705446652095,-0.135898184885639,-0.699862165871739,-0.510098793661692,-0.638602417326351,-0.622880916486468,-0.689682295939144,0.438409399365434,-0.499400302821699,-0.620859104027527,-0.404239004760849,-0.324568431213364,-0.310307325365602,0.0876774040784083,-0.392580962004886,0.482262875614359,-1.42582789836875,0.462779064833711,0.232258019224431,-0.0788137920401955,-0.114785690165729,-2.04257198938335,1.55780861838099,0.137549323406579,-0.953065442407286,-0.525759711834595,-0.252467321718951,0.44083800006996,0.535696544198809,-0.762215948180009,-0.75400731509051,-0.660442705542967,-0.464100545330978,-0.0111739295802467,-0.0835536534026001,-0.586007033231602,-0.28473306811691,0.221360708378635,0.122429521796244,-0.0031615881604916
"HOBO-315_M1_S1","no","yes",1.05294043085333,0.332638856720878,1.88827724184602,-0.826221278254154,-0.138215212813883,-0.169205713885036,0.257145020164674,0.18496811002766,-0.0507747052164113,0.364659424460474,-0.21655975845936,1.64140826893952,0.199794834518578,-0.322181707979938,-0.254349338866735,-0.232984715373478,-0.287881289367514,-0.170257323078119,-0.391935795057613,-0.446391903546934,-0.130299261160527,-0.0645196729725995,0.330586942325475,1.13205684888727,0.770691479148943,0.463670195330596,-0.726133926643408,-0.96809994156739,0.334696406752312,-0.0922926023974106,0.0266818376753022,-0.186851695779509,-1.19931807717045,0.109168654593625,-0.106716312554329,1.18440534230608,0.59329475715901,0.622410025111057,0.74231925308607,-0.680984859577238,0.491348522155433,-0.0482995869394223,0.00939122554827924,-0.885907584727165,-0.397120601973127,-0.417597848816764,-0.168209818662635,0.244964206789377,0.653863632946446,1.26843341373178
"HOBO-331_M1_S1","no","yes",0.584493727541433,0.998845890275397,-0.621831794249849,2.34535762352046,-0.802237538433612,-0.681639003008875,0.394880318817423,-0.848904765231517,-1.17562971308768,0.400792775831403,-1.35761427049934,-0.759514502308971,1.96629014549007,-1.82551839343397,-1.50317184386049,-1.53509089644893,-0.837009331682075,-1.33832263528851,-0.982990587760086,-0.668752061022199,-1.69566922459094,-1.62481222241718,-1.9954329598665,0.360968249536873,0.770691479148943,0.343572942151828,1.07001985212132,0.577303124286614,0.993971956350352,-0.624409887030745,-0.547008269651373,1.06637799452965,0.826252179820681,-1.21609784752978,1.56884474098011,1.17343491406015,-0.0642480807329363,0.324829174259037,-0.460172732664554,0.834863342419587,1.3754536112094,1.58578762394969,2.05410489071537,0.171713575425976,1.51038605455074,1.42232063073293,1.20196707751608,1.22828867905843,-1.28801303940886,-0.548397624214153
"HOBO-333_M1_S1","no","yes",0.397115046216675,1.55861317277244,0.143382992616559,2.55518174537573,-0.802237538433612,-1.42072483811321,-2.20487344325322,-2.52075285376039,-0.917510810315285,-0.674776649976573,-0.124982349788415,-0.169477579796043,0.601769418655654,-0.791974422184323,0.0698641960835666,0.679225264588988,1.39968293823333,-0.735814429429548,0.287393414736788,0.915136445301609,-0.48250750293237,-0.411251350626952,-0.826583933332442,-0.781568464176778,0.770691479148943,-0.0334739279474469,-0.143327369959059,0.381138127048835,1.56004234284989,-0.0808620731522157,-0.05455162461241,-0.918342721752813,-0.274579318377435,1.46157320322898,-0.702369199152427,-0.372783430037094,0.127958456008607,-0.69636175698402,-1.17199415111086,-0.515229365477888,1.42193061933205,2.17895282392743,2.47978600240624,-0.123954623971708,0.554833560509864,1.33015953405466,1.31385475711612,1.58100038116616,0.21511121684855,-0.873298549807774
"HOBO-335_M1_S1","yes","yes",0.537649057210244,-1.06260224697219,0.866699015271698,-0.513552123688477,0.218089421944139,0.865514652350589,0.446531055812203,0.836812349672778,-0.619315551586127,0.277939381170246,-0.731224795190072,0.656147819665884,0.230481435299854,0.182845459789775,-0.146278160549968,-0.549315595521753,-0.555748627081934,-0.669097166429833,-0.528185438829936,-0.559282445034376,0.143640482439796,0.0655047061477826,-0.33013311464786,0.521427224809574,-0.20139717209908,0.302405542359984,0.757618251308879,-0.369370516983272,-1.06300503143467,-1.25978170735665,-1.24504914551011,1.26753322423248,1.18977588197803,-0.919572650641426,1.47854792469972,-0.103642574811199,0.984379652106723,1.42314489888286,1.48623568895574,0.24661391599999,-0.310915203162231,-0.540581383439066,-0.701759090881115,-0.714533733042366,-0.720761493319551,-0.798341198893512,-0.80488105112031,-1.1386163490285,0.248966735949984,-0.600680531780943
"HOBO-341_M1_S1","no","yes",0.0223576835671586,-0.270551798654192,0.752017386336779,0.252827538987877,1.01167692750839,0.0180289504533277,-0.586483684083415,-0.308012736589826,-1.48197609506228,-0.105074143361598,-1.19582751518067,0.449341681211521,2.62560793944015,-0.251712800849281,-0.326396791077913,-0.762655026319427,-0.374938174124701,-1.56516132948754,-0.556970574838174,-0.343764138558351,-0.52164175201813,-0.541275729747334,-0.483050321066076,-0.0784240258412131,0.770691479148943,0.369761170267436,0.321179208150151,0.177917167856907,-0.271240834764369,-0.744075574733299,-0.804704798601656,0.723957656173214,0.0689175106217528,-1.3823405597765,1.77034524444189,1.86152344157282,1.1556430848328,0.748966487970937,0.744841240146622,-0.240672359426167,-0.0476187695246723,-0.20718422960663,-0.525748165087255,-0.352299403747813,-0.184374641746354,0.0706980723644634,-0.27829588319593,-0.175098023562948,-0.680960188357318,0.232111495890061
"HOBO-345_M1_S1","no","yes",1.14662977151571,0.703724388800986,1.36638544341895,0.839560626570449,0.137111182656801,-0.169205713885036,-0.752913836622155,-1.10106888114839,-1.03298505629241,-0.1038696983159,-0.751982341155486,0.501576182558028,-0.428962517764308,-0.510098793661692,-0.458483786798406,-0.0490714129616907,0.120616400646976,-0.838456372506033,-0.251848133150858,0.0599050703967452,-1.1477897373903,-1.06137324622886,-0.460250726736567,-0.226074164495955,0.770691479148943,-0.0772609430233438,-0.26142457929902,0.0550999589328555,0.706109700257053,0.422280438546948,0.521275492086668,0.774242607755806,0.183906312267499,-1.38706369828762,-0.463528016093726,0.378689626095767,0.846037484078705,0.752121433848647,0.280611673406222,-0.560662251399455,-0.731920966621105,-0.539178820429546,-0.262924539620689,-0.460600011910469,-0.858348322322451,-0.609923267963956,-0.376620265803857,0.475564232536757,1.64541087053272,0.454313853048916
"HOBO-347_M1_S1","no","yes",-0.774001712063064,-0.442500513761099,2.72971173423123,-0.839191915296562,1.01167692750839,0.520607544977265,0.343229581822643,0.522868025356271,0.26100575892182,-0.279718674987753,0.211411998062857,0.0645117427974216,0.578199688711274,0.0653972812386785,0.0218325612761145,-0.107923669733463,-0.200824404610328,0.261865257273881,0.321935577946673,0.159111909885709,-0.756447246532692,-0.627958649160922,1.02381202263645,1.66808642616296,0.770691479148943,0.472542713901974,-1.65588797944962,-0.0104984614567738,-0.444645027064102,-1.05480417747168,-1.02571067602956,1.52123879430097,1.4854244319035,-0.393853684401367,1.61872773103908,1.25431119138328,0.876530472842457,1.16579654680224,1.38272664981376,-0.775549580796734,-0.802648271746336,-0.717776236758035,-0.764614763473877,-0.510905109136953,-0.652826783229613,-0.679202593461372,-0.80799538252945,-0.335223750502833,-0.805532131101669,-0.929315950772191
"HOBO-349_M1_S1","no","yes",1.6150764748276,-1.15172732113656,-0.571477833595352,-0.248985528280022,0.00754561563593216,0.707843155345498,0.314534727936654,0.67290567432681,-1.00105982358109,0.0238014765280474,-1.01694631024342,-0.141228157202987,0.376619021148569,0.0419076455284593,-0.302380973674187,-1.04955977808182,-0.656198878724842,-1.09095555247418,-0.485967239351188,-0.401919872051881,0.0653719842682749,-0.107861132679394,-0.093516917351764,-1.00829076347443,0.770691479148943,-0.1103098248354,-0.110899763480727,0.344715945338213,-1.15759855110834,-0.0523293304884206,-0.129440878262259,1.07698867196089,0.847605606418175,-1.20380218472205,0.741173970050479,1.37135947179601,1.16476550306005,0.812724877922505,0.891778703027945,-0.501365668169168,-0.974457121170979,-0.747180475150425,-0.883508987785711,-0.170059028622668,-0.803007900259327,-0.516356525703111,-0.458288970580954,-1.06092524500005,-0.883395760816783,0.149952641142249
"HOBO-351_M1_S1","no","yes",0.725027738535002,0.142070066770275,0.35144340109423,-0.485773214304115,0.865915713601792,0.313663481584619,0.423575172703412,-0.204625449063907,-1.68643343646883,0.535690620949536,-1.77337570586543,-0.550842853211003,0.554931243837632,-0.815464057894542,-0.998839678382242,-1.21876001630066,-0.857099382010657,-1.66780327256403,-1.19600059422104,-0.925321473493658,-1.1477897373903,-0.974690326815274,0.52186370576492,-1.0503525406315,0.770691479148943,0.129710795237905,0.625400771935654,0.459249470444892,0.145234071379211,-0.114836146186545,-0.0329154304372024,1.70568738584418,1.55861437282002,0.0461011255666479,0.521912907718381,0.318961868141995,1.28204511407517,0.98389507736537,0.642360731945089,0.0661176003615023,-0.397558974782475,-0.433764825366783,-0.589077063788287,-0.0163352450398347,-0.693424429415269,-0.405056860816019,-0.380472925040927,0.20678505002503,-0.364354180224571,0.299332377047362
"HOBO-353_M1_S1","yes","yes",0.303425705554296,-0.0289054294980786,-0.848445573623743,-0.485773214304115,0.865915713601792,0.313663481584619,0.876953864102046,0.833029887934025,0.26100575892182,0.836801882373942,-0.261737946737026,0.175643515875247,-0.250014367608706,-0.357416161545267,-0.578562873817036,-0.725872365837069,-0.703075662824865,0.0863475346130926,-0.689382200476065,-0.747433347513446,-1.26519248464758,-1.23473908505604,1.01160454765317,-1.45089773621268,-0.392580962004886,0.415664456018728,-0.275532203503537,0.138908261995182,-0.0287306891869698,-1.65050533747603,-1.65691218836098,-1.1540265940621,0.256249650930871,1.54104711593601,-0.0228188171833951,-0.154594176162859,0.761627066858652,0.758130938959869,0.970729172986808,-0.565598751157046,-0.753497404088403,-0.552269358627226,-0.704971085314578,-0.388841592978029,-0.853932017367745,-0.563634961940769,-0.698037612578333,0.14200331042402,-1.10757377767832,-0.531592403924828
"HOBO-357_M1_S1","yes","yes",0.584493727541433,0.0533484468792019,1.05187786375107,0.252827538987877,1.01167692750839,0.0180289504533277,0.802347243998474,0.544301975209205,-0.120059252802685,0.824757431916966,-0.57310113621824,0.197763083985082,-0.311856282354399,-0.463119522241254,-0.746673595643118,-0.850933411477085,-0.743255763482028,-0.362197756631145,-0.85249797118941,-0.85348203800165,-0.991252741047254,-0.888007407401686,-0.402804480292893,-1.77934528973248,-0.329322185868495,0.424144421356811,0.1709907095823,0.0708102874778777,0.0539386408494489,-1.45423767165099,-1.44261572298103,1.47904516831087,1.45113694604727,-0.489750312347385,1.11506035624122,-0.199694618957634,0.151272520655812,0.237223623872833,0.398751279713869,-0.349809870803923,-0.734957139041239,-0.314261774611495,-0.656582881285905,-0.447813955562848,-0.723356239885323,0.212675933566307,-0.437457238230531,0.284560181314378,-1.47524755437381,0.48979154032638
"SM-01_M1_S1","no","yes",1.05294043085333,-0.799119604331948,0.247756881209588,-0.224576445895389,-0.154410859699611,0.589588593952668,0.297317815605059,0.474956843332065,-0.795923221904079,0.355023864094893,-0.888737938104097,1.58357723566216,0.204257445892735,-0.0403060794573079,-0.326396791077913,-0.586098256004111,-0.508871842981911,-0.853852663967505,-0.606864810585785,-0.593491700030571,0.61325147146892,0.758968061456487,-0.580867200554753,0.525845072831872,0.770691479148943,0.414774570955645,0.202796814807039,-0.431554600984279,-0.797698522198071,-0.104214968140628,-0.00670711328872846,-0.140820424431681,-1.1975268464957,-0.00272153213076573,0.576329842954167,0.83396170082184,1.1281043254328,1.0930886056294,1.30038380378169,-0.328594468065936,-0.673884040935118,-0.852498115422917,-1.12440650399068,-0.740125073982027,-0.513616415754053,-0.807977753153625,-0.994409035141283,-0.783904694356937,-0.268068731652724,-0.290717579777834
"SM-02_M1_S1","no","yes",1.28716378250928,-0.57675767180385,-0.626414253297669,-0.694219109684721,0.50961107884377,0.254537137063594,-0.0183255771408252,-0.0823258528442244,-0.936530097887988,0.214103793748272,-0.903390323491448,1.61982161673124,1.54422033894186,-0.310436890124829,-0.410452151990954,-0.608167852293525,-0.461995058881887,-1.11045752165872,-0.666354091669475,-0.525073190038182,0.339311727868597,0.325553464388547,0.020104582756046,-0.425869326300058,0.770691479148943,0.475712892906468,-1.09893714854671,-0.492746949144845,-0.572114450391327,0.282138165502648,0.335048111675162,-0.563277575871489,-0.921761822942996,0.960070278867972,-1.057079061505,1.80865214314943,2.00881362118431,2.21556940582507,1.43702898186191,-0.733981348020926,-0.212908489197396,-0.313783442728318,-0.700647416963504,-0.763121833290763,-0.589606555624458,-0.576092357532823,-0.785612568242588,-0.482893489238031,-0.703874037620217,-0.00129434146167773
"SM-03_M1_S1","no","yes",2.31774652979545,-0.90113279274235,-0.407814188849781,0.273916664174527,0.833524418210771,0.303808777130237,-0.0986711680215944,0.304746065088176,-1.25034834283758,-0.127958599229853,-1.08837668900676,-0.761646470903371,2.89662166532277,-0.110774986587966,-0.218325612761146,-0.762655026319427,-0.488781792653329,-1.30753005236557,-0.42072093106585,-0.302713032562917,-0.169433510246287,-0.151202592386188,0.0167499285136507,1.40442143978321,0.770691479148943,0.447256740838731,0.784197419756984,0.631431124689258,-0.90313214948862,-0.680734504722072,-0.640395364347453,1.57555291090506,1.52011885768668,-0.267071779123067,-0.538222991348947,1.76827503397573,1.40590425308293,1.39653915873791,1.31143153565371,0.287160844584601,-0.45355331647833,-0.497732176342312,-0.863638046317783,0.26948739859983,-0.382328796148332,-0.409915248231553,-0.243282959559333,-0.842267816280014,-0.595315821412665,-0.163744804258488
"SM-04_M1_S1","no","yes",0.725027738535002,0.00740930848368424,-0.035623507447863,-0.596430055793271,0.072328206417976,-0.041097384213218,0.303056786382257,0.172359904231817,0.170664142951483,0.339366078500824,-0.0181420396723122,0.447209610954417,0.684311905731043,-0.228223165139062,-0.206317704059283,-0.14470633021582,-0.254397872153212,0.0288680464902613,-0.219224979008189,-0.384815244553784,0.0262377351825146,0.152187625561371,0.148279223807946,2.10888929893283,0.770691479148943,0.486146636618447,-1.46813268096462,-0.174164969483786,0.00493119768424619,-0.66141591417314,-0.571017447834265,-0.619964840343765,-0.838896571427023,1.06608343741698,1.18742537067079,1.22280184116682,1.94617928705211,1.63183741804855,1.0501775847158,-0.765004606181919,-0.999108580155662,-0.689730408251993,-0.169775254668964,-0.617140938527999,-1.43444144890284,-0.848576853539788,-0.419449407447429,0.123664831312208,-0.764647239971283,1.11345193773023
"SM-06_M1_S1","no","yes",1.42769779350285,-0.27458664163552,-1.52828132385277,0.517801799344394,0.687763589760955,0.412208634068685,0.073497955294341,-0.314316839487747,-1.21502680877399,0.137019310823624,-1.20742732027899,-1.05719794972411,1.46442191951211,-0.768484786474104,-0.770689413046844,-1.0274901817924,-0.589232044296237,-1.25620908082732,-0.645244991930101,-0.47375930754389,-0.795581495618453,-0.671300108867716,0.240334401277113,0.71288959983007,0.770691479148943,0.0930506147459738,1.11022464213966,0.707009788420516,-0.278269553227264,-0.534329098551047,-0.543758498251561,0.124899975985913,-1.03328200463058,-0.619441800514094,0.755930496447273,2.42238559754932,1.18588161279695,0.963023796656628,1.78804671220428,0.931270412986008,-0.532389348496445,-0.628329562515333,-0.786135578208889,0.419722692413905,-0.0382319506096759,-0.0716078602894009,-0.0970629432431732,-0.21141903387263,-0.493622184760225,-0.630556478961966
"SM-07_M1_S1","no","yes",0.678183068203813,0.758362515904631,2.38910649155282,0.435537241290008,-0.786041889928317,-0.573239146070427,0.412097231149017,-0.183191499210974,-0.250477224729788,0.418859451516867,-0.491291984472195,0.846963634517399,0.654123740364868,-0.991636325721186,-0.902776408767338,-0.770011558415898,-0.575838677410516,-0.514107832384342,-0.587674719913627,-0.511389488039704,-0.52164175201813,-0.627958649160922,1.14371418938119,2.01890482935465,0.770691479148943,0.489702629875215,-1.75910619591234,-0.93658091062303,0.760490522796647,-0.188518234213168,-0.0942442213057274,-0.252788267471567,-1.18787736575973,0.268964188706325,0.0805413149964493,1.32092586548805,1.00130603518963,1.5259043144176,1.6636528311867,-0.780257330709897,-1.13807426478538,-1.23943542447058,-1.46204988824177,-0.88015267220819,-1.19858265338823,-1.71052745426255,-1.72784954776811,0.784777766443092,0.0141163488445278,-1.17765976171444
"SM-08_M1_S1","no","yes",1.94298916714593,1.31564966987144,-0.253765326013859,0.647302470879061,-1.25571605774513,-0.859018962892858,-0.425792502321874,-0.882946920880296,-0.623391113208849,-0.196611966834617,-0.430850894749372,1.50575829788126,1.29038777376425,-0.827208875749652,-0.662618234730077,-0.284480440048779,-0.0200139516530945,-0.65780655269142,-0.115598489378535,0.0393795173990285,-1.1477897373903,-1.14805616564245,-0.442529409329407,0.836801110915397,0.770691479148943,0.378859690364138,-0.101591025323732,-0.150286460806926,1.30977996569959,1.03033976878643,1.07749412708426,-0.125553612784081,-1.19515682195831,-0.0397591566703571,0.235609935602553,1.13747633980813,1.01232873925705,0.63762270926342,0.396703750249394,-0.497266855197658,0.291008001692832,1.01306965286506,1.04605394973803,-0.603189947359328,0.380985950178971,0.934279133941323,0.338439121433194,1.34898845092977,0.0412162413897217,-0.951722911157958
"SM-09_M1_S1","no","yes",2.17721251880188,1.42662289691128,1.96152393713963,0.58597369577534,-1.17473782007736,-1.05610927771547,0.34896855259984,-0.803515224366481,-0.948756782756154,0.404406110968496,-1.11584991160804,1.43859971138586,0.475567324949921,-1.53189794705623,-1.32305321333254,-1.04220324598534,-0.662895562167702,-1.09300839133571,-0.814117789845094,-0.655068359023721,-1.77393772276246,-1.75483660153757,0.994054156643377,1.97103003365026,0.770691479148943,0.463548372474341,-1.79616516868764,-1.15773319594517,1.42695726064328,-0.37338649968529,-0.153423637441692,1.22486670676052,1.12079453095997,-0.992991203576718,-0.765394527861931,1.00705039565466,0.823980279881248,0.213816410208824,0.548046939586465,-0.78178652988548,0.124884463332879,0.740055950254013,0.30164610964187,-0.915423445083206,-1.10263759595585,-0.642367976891504,-0.268807445675528,1.44513868883419,0.203136897130147,-0.830351875735054
"SM-PG_M1_S1","no","yes",2.13036784847069,-1.53534502838124,0.59018672740777,-0.710406226384403,0.671567941255661,1.29911126172373,-0.127366021907586,1.24531821745811,-2.20470902282498,0.292392721718617,-2.08779147563567,1.20514330469396,0.502486686287504,0.159355824079555,-0.350412608481639,-1.45416904338775,-0.850402698567796,-2.19230360168486,-1.19216257608661,-0.925321473493658,0.0262377351825146,-0.0211782132658055,-0.827294614824481,-0.761368351505384,0.770691479148943,0.407471751288323,-1.36063324629153,-0.248877424440916,-1.53476835814585,-1.41510242827665,-1.37400782271963,1.11397631324625,0.920379467148442,-1.15785856208464,0.884761200530685,1.63876325342721,1.74635484750616,1.81810462586483,1.41404135419809,-0.757577485613009,-0.685807724419438,-0.749365783252465,-0.859379255901752,-0.657754495392633,-0.585893600507329,-0.829099659369404,-0.826656655860883,-1.34694486429768,-1.55594105776075,-0.705246346914522
